/ubc/cs/project/arrow/projects/Sat_Data/bench/HW-verification/40randomsets/09_rule/SAT_dat.k85.cnf, 1.3
/ubc/cs/project/arrow/projects/Sat_Data/bench/HW-verification/40randomsets/13_rule_22/SAT_dat.k90.cnf, 3600.0
/ubc/cs/project/arrow/projects/Sat_Data/bench/HW-verification/40randomsets/1_17_2/IBM_FV_2004_rule_batch_1_17_2_SAT_dat.k50.cnf, 0.94
/ubc/cs/project/arrow/projects/Sat_Data/bench/HW-verification/40randomsets/15_rule/SAT_dat.k25.cnf, 1.23
/ubc/cs/project/arrow/projects/Sat_Data/bench/HW-verification/40randomsets/03/IBM_FV_2004_rule_batch_03_SAT_dat.k100.cnf, 23.09
/ubc/cs/project/arrow/projects/Sat_Data/bench/HW-verification/40randomsets/12_rule/SAT_dat.k1.cnf, 0.0
/ubc/cs/project/arrow/projects/Sat_Data/bench/HW-verification/40randomsets/02_1_rule_5/SAT_dat.k80.cnf, 1.43
/ubc/cs/project/arrow/projects/Sat_Data/bench/HW-verification/40randomsets/16_2_rule_5/SAT_dat.k15.cnf, 0.11
/ubc/cs/project/arrow/projects/Sat_Data/bench/HW-verification/40randomsets/26_rule/SAT_dat.k20.cnf, 3.01
/ubc/cs/project/arrow/projects/Sat_Data/bench/HW-verification/40randomsets/2_14/IBM_FV_2004_rule_batch_2_14_SAT_dat.k95.cnf, 133.58
/ubc/cs/project/arrow/projects/Sat_Data/bench/HW-verification/40randomsets/2_31_2/IBM_FV_2004_rule_batch_2_31_2_SAT_dat.k20.cnf, 25.96
/ubc/cs/project/arrow/projects/Sat_Data/bench/HW-verification/40randomsets/13_rule_6/SAT_dat.k100.cnf, 3600.0
/ubc/cs/project/arrow/projects/Sat_Data/bench/HW-verification/40randomsets/18_rule/SAT_dat.k50.cnf, 46.62
/ubc/cs/project/arrow/projects/Sat_Data/bench/HW-verification/40randomsets/13_rule_24/SAT_dat.k35.cnf, 3600.0
/ubc/cs/project/arrow/projects/Sat_Data/bench/HW-verification/40randomsets/31_1_rule_2/SAT_dat.k20.cnf, 4.66
/ubc/cs/project/arrow/projects/Sat_Data/bench/HW-verification/40randomsets/1_17_2/IBM_FV_2004_rule_batch_1_17_2_SAT_dat.k70.cnf, 1.49
/ubc/cs/project/arrow/projects/Sat_Data/bench/HW-verification/40randomsets/2_17_1/IBM_FV_2004_rule_batch_2_17_1_SAT_dat.k20.cnf, 0.32
/ubc/cs/project/arrow/projects/Sat_Data/bench/HW-verification/40randomsets/15_rule/SAT_dat.k45.cnf, 2.49
/ubc/cs/project/arrow/projects/Sat_Data/bench/HW-verification/40randomsets/04_rule/SAT_dat.k1.cnf, 0.0
/ubc/cs/project/arrow/projects/Sat_Data/bench/HW-verification/40randomsets/13_rule_7/SAT_dat.k30.cnf, 3600.0
/ubc/cs/project/arrow/projects/Sat_Data/bench/HW-verification/40randomsets/2_14/IBM_FV_2004_rule_batch_2_14_SAT_dat.k60.cnf, 30.17
/ubc/cs/project/arrow/projects/Sat_Data/bench/HW-verification/40randomsets/25_rule/SAT_dat.k10.cnf, 1201.61
/ubc/cs/project/arrow/projects/Sat_Data/bench/HW-verification/40randomsets/13_rule_22/SAT_dat.k1.cnf, 0.03
/ubc/cs/project/arrow/projects/Sat_Data/bench/HW-verification/40randomsets/25_rule/SAT_dat.k1.cnf, 0.01
/ubc/cs/project/arrow/projects/Sat_Data/bench/HW-verification/40randomsets/1_17_2/IBM_FV_2004_rule_batch_1_17_2_SAT_dat.k60.cnf, 1.36
/ubc/cs/project/arrow/projects/Sat_Data/bench/HW-verification/40randomsets/06/IBM_FV_2004_rule_batch_06_SAT_dat.k30.cnf, 2.12
/ubc/cs/project/arrow/projects/Sat_Data/bench/HW-verification/40randomsets/31_1_rule_2/SAT_dat.k40.cnf, 3600.0
/ubc/cs/project/arrow/projects/Sat_Data/bench/HW-verification/40randomsets/15_rule/SAT_dat.k35.cnf, 1.83
/ubc/cs/project/arrow/projects/Sat_Data/bench/HW-verification/40randomsets/09_rule/SAT_dat.k1.cnf, 0.0
/ubc/cs/project/arrow/projects/Sat_Data/bench/HW-verification/40randomsets/02_1_rule_5/SAT_dat.k90.cnf, 1.65
/ubc/cs/project/arrow/projects/Sat_Data/bench/HW-verification/40randomsets/16_2_rule_5/SAT_dat.k25.cnf, 0.22
/ubc/cs/project/arrow/projects/Sat_Data/bench/HW-verification/40randomsets/24_1_rule_3/SAT_dat.k1.cnf, 0.06
/ubc/cs/project/arrow/projects/Sat_Data/bench/HW-verification/40randomsets/15_rule/SAT_dat.k10.cnf, 0.4
/ubc/cs/project/arrow/projects/Sat_Data/bench/HW-verification/40randomsets/15_rule/SAT_dat.k1.cnf, 0.0
/ubc/cs/project/arrow/projects/Sat_Data/bench/HW-verification/40randomsets/28_rule/SAT_dat.k75.cnf, 4.1
/ubc/cs/project/arrow/projects/Sat_Data/bench/HW-verification/40randomsets/2_14/IBM_FV_2004_rule_batch_2_14_SAT_dat.k80.cnf, 104.32
/ubc/cs/project/arrow/projects/Sat_Data/bench/HW-verification/40randomsets/31_1_rule_2/SAT_dat.k30.cnf, 388.55
/ubc/cs/project/arrow/projects/Sat_Data/bench/HW-verification/40randomsets/26/IBM_FV_2004_rule_batch_26_SAT_dat.k70.cnf, 73.74
/ubc/cs/project/arrow/projects/Sat_Data/bench/HW-verification/40randomsets/05_rule/SAT_dat.k35.cnf, 2.08
/ubc/cs/project/arrow/projects/Sat_Data/bench/HW-verification/40randomsets/18_rule/SAT_dat.k60.cnf, 33.16
/ubc/cs/project/arrow/projects/Sat_Data/bench/HW-verification/40randomsets/2_17_2/IBM_FV_2004_rule_batch_2_17_2_SAT_dat.k70.cnf, 1.44
/ubc/cs/project/arrow/projects/Sat_Data/bench/HW-verification/40randomsets/13_rule_24/SAT_dat.k45.cnf, 3600.0
/ubc/cs/project/arrow/projects/Sat_Data/bench/HW-verification/40randomsets/1_17_2/IBM_FV_2004_rule_batch_1_17_2_SAT_dat.k80.cnf, 1.64
/ubc/cs/project/arrow/projects/Sat_Data/bench/HW-verification/40randomsets/14_rule_2/SAT_dat.k100.cnf, 451.18
/ubc/cs/project/arrow/projects/Sat_Data/bench/HW-verification/40randomsets/21_rule/SAT_dat.k1.cnf, 0.0
/ubc/cs/project/arrow/projects/Sat_Data/bench/HW-verification/40randomsets/15_rule/SAT_dat.k55.cnf, 3.4
/ubc/cs/project/arrow/projects/Sat_Data/bench/HW-verification/40randomsets/18_rule/SAT_dat.k100.cnf, 114.66
/ubc/cs/project/arrow/projects/Sat_Data/bench/HW-verification/40randomsets/2_14/IBM_FV_2004_rule_batch_2_14_SAT_dat.k70.cnf, 55.62
/ubc/cs/project/arrow/projects/Sat_Data/bench/HW-verification/40randomsets/06/IBM_FV_2004_rule_batch_06_SAT_dat.k40.cnf, 2.39
/ubc/cs/project/arrow/projects/Sat_Data/bench/HW-verification/40randomsets/22_rule/SAT_dat.k15.cnf, 0.84
/ubc/cs/project/arrow/projects/Sat_Data/bench/HW-verification/40randomsets/31_1_rule_2/SAT_dat.k50.cnf, 3600.0
/ubc/cs/project/arrow/projects/Sat_Data/bench/HW-verification/40randomsets/05_rule/SAT_dat.k55.cnf, 4.05
/ubc/cs/project/arrow/projects/Sat_Data/bench/HW-verification/40randomsets/04_rule/SAT_dat.k25.cnf, 0.59
/ubc/cs/project/arrow/projects/Sat_Data/bench/HW-verification/40randomsets/28_rule/SAT_dat.k85.cnf, 9.54
/ubc/cs/project/arrow/projects/Sat_Data/bench/HW-verification/40randomsets/15_rule/SAT_dat.k20.cnf, 0.93
/ubc/cs/project/arrow/projects/Sat_Data/bench/HW-verification/40randomsets/26_rule/SAT_dat.k55.cnf, 9.03
/ubc/cs/project/arrow/projects/Sat_Data/bench/HW-verification/40randomsets/2_31_2/IBM_FV_2004_rule_batch_2_31_2_SAT_dat.k55.cnf, 3600.0
/ubc/cs/project/arrow/projects/Sat_Data/bench/HW-verification/40randomsets/26/IBM_FV_2004_rule_batch_26_SAT_dat.k80.cnf, 67.87
/ubc/cs/project/arrow/projects/Sat_Data/bench/HW-verification/40randomsets/05_rule/SAT_dat.k45.cnf, 3.32
/ubc/cs/project/arrow/projects/Sat_Data/bench/HW-verification/40randomsets/2_14/IBM_FV_2004_rule_batch_2_14_SAT_dat.k90.cnf, 120.49
/ubc/cs/project/arrow/projects/Sat_Data/bench/HW-verification/40randomsets/12_rule/SAT_dat.k15.cnf, 0.0
/ubc/cs/project/arrow/projects/Sat_Data/bench/HW-verification/40randomsets/06/IBM_FV_2004_rule_batch_06_SAT_dat.k60.cnf, 4.44
/ubc/cs/project/arrow/projects/Sat_Data/bench/HW-verification/40randomsets/15/IBM_FV_2004_rule_batch_15_SAT_dat.k10.cnf, 0.32
/ubc/cs/project/arrow/projects/Sat_Data/bench/HW-verification/40randomsets/13_rule_8/SAT_dat.k15.cnf, 3600.0
/ubc/cs/project/arrow/projects/Sat_Data/bench/HW-verification/40randomsets/24_1_rule_3/SAT_dat.k85.cnf, 3600.0
/ubc/cs/project/arrow/projects/Sat_Data/bench/HW-verification/40randomsets/1_17_2/IBM_FV_2004_rule_batch_1_17_2_SAT_dat.k90.cnf, 1.95
/ubc/cs/project/arrow/projects/Sat_Data/bench/HW-verification/40randomsets/15/IBM_FV_2004_rule_batch_15_SAT_dat.k100.cnf, 10.25
/ubc/cs/project/arrow/projects/Sat_Data/bench/HW-verification/40randomsets/2_17_1/IBM_FV_2004_rule_batch_2_17_1_SAT_dat.k55.cnf, 1.92
/ubc/cs/project/arrow/projects/Sat_Data/bench/HW-verification/40randomsets/13_rule_19/SAT_dat.k25.cnf, 3600.0
/ubc/cs/project/arrow/projects/Sat_Data/bench/HW-verification/40randomsets/28_rule/SAT_dat.k50.cnf, 6.27
/ubc/cs/project/arrow/projects/Sat_Data/bench/HW-verification/40randomsets/05_rule/SAT_dat.k1.cnf, 0.0
/ubc/cs/project/arrow/projects/Sat_Data/bench/HW-verification/40randomsets/31_1_rule_2/SAT_dat.k60.cnf, 3600.0
/ubc/cs/project/arrow/projects/Sat_Data/bench/HW-verification/40randomsets/04_rule/SAT_dat.k35.cnf, 1.57
/ubc/cs/project/arrow/projects/Sat_Data/bench/HW-verification/40randomsets/06/IBM_FV_2004_rule_batch_06_SAT_dat.k50.cnf, 3.1
/ubc/cs/project/arrow/projects/Sat_Data/bench/HW-verification/40randomsets/05_rule/SAT_dat.k65.cnf, 5.95
/ubc/cs/project/arrow/projects/Sat_Data/bench/HW-verification/40randomsets/13_rule_7/SAT_dat.k65.cnf, 3600.0
/ubc/cs/project/arrow/projects/Sat_Data/bench/HW-verification/40randomsets/25_rule/SAT_dat.k45.cnf, 3600.0
/ubc/cs/project/arrow/projects/Sat_Data/bench/HW-verification/40randomsets/1_13/IBM_FV_2004_rule_batch_1_13_SAT_dat.k55.cnf, 0.91
/ubc/cs/project/arrow/projects/Sat_Data/bench/HW-verification/40randomsets/28_rule/SAT_dat.k95.cnf, 17.6
/ubc/cs/project/arrow/projects/Sat_Data/bench/HW-verification/40randomsets/15_rule/SAT_dat.k30.cnf, 1.6
/ubc/cs/project/arrow/projects/Sat_Data/bench/HW-verification/40randomsets/24_1_rule_3/SAT_dat.k50.cnf, 3600.0
/ubc/cs/project/arrow/projects/Sat_Data/bench/HW-verification/40randomsets/16_2_rule_6/SAT_dat.k1.cnf, 0.0
/ubc/cs/project/arrow/projects/Sat_Data/bench/HW-verification/40randomsets/15/IBM_FV_2004_rule_batch_15_SAT_dat.k30.cnf, 1.67
/ubc/cs/project/arrow/projects/Sat_Data/bench/HW-verification/40randomsets/13_rule_19/SAT_dat.k15.cnf, 3600.0
/ubc/cs/project/arrow/projects/Sat_Data/bench/HW-verification/40randomsets/26_rule/SAT_dat.k65.cnf, 11.25
/ubc/cs/project/arrow/projects/Sat_Data/bench/HW-verification/40randomsets/12_rule/SAT_dat.k25.cnf, 0.0
/ubc/cs/project/arrow/projects/Sat_Data/bench/HW-verification/40randomsets/2_31_2/IBM_FV_2004_rule_batch_2_31_2_SAT_dat.k65.cnf, 3600.0
/ubc/cs/project/arrow/projects/Sat_Data/bench/HW-verification/40randomsets/26/IBM_FV_2004_rule_batch_26_SAT_dat.k90.cnf, 68.97
/ubc/cs/project/arrow/projects/Sat_Data/bench/HW-verification/40randomsets/15/IBM_FV_2004_rule_batch_15_SAT_dat.k75.cnf, 4.86
/ubc/cs/project/arrow/projects/Sat_Data/bench/HW-verification/40randomsets/15/IBM_FV_2004_rule_batch_15_SAT_dat.k20.cnf, 0.95
/ubc/cs/project/arrow/projects/Sat_Data/bench/HW-verification/40randomsets/04_rule/SAT_dat.k55.cnf, 6.76
/ubc/cs/project/arrow/projects/Sat_Data/bench/HW-verification/40randomsets/06/IBM_FV_2004_rule_batch_06_SAT_dat.k70.cnf, 6.79
/ubc/cs/project/arrow/projects/Sat_Data/bench/HW-verification/40randomsets/13_rule_8/SAT_dat.k25.cnf, 3600.0
/ubc/cs/project/arrow/projects/Sat_Data/bench/HW-verification/40randomsets/18_rule/SAT_dat.k95.cnf, 116.88
/ubc/cs/project/arrow/projects/Sat_Data/bench/HW-verification/40randomsets/24_1_rule_3/SAT_dat.k95.cnf, 3600.0
/ubc/cs/project/arrow/projects/Sat_Data/bench/HW-verification/40randomsets/06/IBM_FV_2004_rule_batch_06_SAT_dat.k100.cnf, 7.76
/ubc/cs/project/arrow/projects/Sat_Data/bench/HW-verification/40randomsets/09_rule/SAT_dat.k100.cnf, 1.54
/ubc/cs/project/arrow/projects/Sat_Data/bench/HW-verification/40randomsets/28_rule/SAT_dat.k60.cnf, 4.43
/ubc/cs/project/arrow/projects/Sat_Data/bench/HW-verification/40randomsets/02_2/IBM_FV_2004_rule_batch_02_2_SAT_dat.k60.cnf, 0.98
/ubc/cs/project/arrow/projects/Sat_Data/bench/HW-verification/40randomsets/14_rule_2/SAT_dat.k35.cnf, 5.73
/ubc/cs/project/arrow/projects/Sat_Data/bench/HW-verification/40randomsets/26/IBM_FV_2004_rule_batch_26_SAT_dat.k15.cnf, 2.57
/ubc/cs/project/arrow/projects/Sat_Data/bench/HW-verification/40randomsets/2_17_1/IBM_FV_2004_rule_batch_2_17_1_SAT_dat.k65.cnf, 2.72
/ubc/cs/project/arrow/projects/Sat_Data/bench/HW-verification/40randomsets/16_2_rule_5/SAT_dat.k1.cnf, 0.0
/ubc/cs/project/arrow/projects/Sat_Data/bench/HW-verification/40randomsets/03/IBM_FV_2004_rule_batch_03_SAT_dat.k15.cnf, 0.06
/ubc/cs/project/arrow/projects/Sat_Data/bench/HW-verification/40randomsets/13_rule_19/SAT_dat.k35.cnf, 3600.0
/ubc/cs/project/arrow/projects/Sat_Data/bench/HW-verification/40randomsets/13_rule_7/SAT_dat.k75.cnf, 3600.0
/ubc/cs/project/arrow/projects/Sat_Data/bench/HW-verification/40randomsets/2_31_2/IBM_FV_2004_rule_batch_2_31_2_SAT_dat.k85.cnf, 3600.0
/ubc/cs/project/arrow/projects/Sat_Data/bench/HW-verification/40randomsets/04_rule/SAT_dat.k45.cnf, 2.16
/ubc/cs/project/arrow/projects/Sat_Data/bench/HW-verification/40randomsets/26_rule/SAT_dat.k30.cnf, 5.12
/ubc/cs/project/arrow/projects/Sat_Data/bench/HW-verification/40randomsets/25_rule/SAT_dat.k55.cnf, 3600.0
/ubc/cs/project/arrow/projects/Sat_Data/bench/HW-verification/40randomsets/05_rule/SAT_dat.k75.cnf, 7.51
/ubc/cs/project/arrow/projects/Sat_Data/bench/HW-verification/40randomsets/26_rule/SAT_dat.k85.cnf, 14.19
/ubc/cs/project/arrow/projects/Sat_Data/bench/HW-verification/40randomsets/15/IBM_FV_2004_rule_batch_15_SAT_dat.k40.cnf, 2.24
/ubc/cs/project/arrow/projects/Sat_Data/bench/HW-verification/40randomsets/2_17_1/IBM_FV_2004_rule_batch_2_17_1_SAT_dat.k85.cnf, 4.03
/ubc/cs/project/arrow/projects/Sat_Data/bench/HW-verification/40randomsets/12_rule/SAT_dat.k35.cnf, 0.0
/ubc/cs/project/arrow/projects/Sat_Data/bench/HW-verification/40randomsets/2_17_1/IBM_FV_2004_rule_batch_2_17_1_SAT_dat.k30.cnf, 0.71
/ubc/cs/project/arrow/projects/Sat_Data/bench/HW-verification/40randomsets/2_31_2/IBM_FV_2004_rule_batch_2_31_2_SAT_dat.k75.cnf, 3600.0
/ubc/cs/project/arrow/projects/Sat_Data/bench/HW-verification/40randomsets/26_rule/SAT_dat.k75.cnf, 14.07
/ubc/cs/project/arrow/projects/Sat_Data/bench/HW-verification/40randomsets/03/IBM_FV_2004_rule_batch_03_SAT_dat.k35.cnf, 0.88
/ubc/cs/project/arrow/projects/Sat_Data/bench/HW-verification/40randomsets/28_rule/SAT_dat.k80.cnf, 7.16
/ubc/cs/project/arrow/projects/Sat_Data/bench/HW-verification/40randomsets/25_rule/SAT_dat.k75.cnf, 3600.0
/ubc/cs/project/arrow/projects/Sat_Data/bench/HW-verification/40randomsets/04_rule/SAT_dat.k65.cnf, 27.24
/ubc/cs/project/arrow/projects/Sat_Data/bench/HW-verification/40randomsets/06/IBM_FV_2004_rule_batch_06_SAT_dat.k80.cnf, 11.87
/ubc/cs/project/arrow/projects/Sat_Data/bench/HW-verification/40randomsets/13_rule_7/SAT_dat.k95.cnf, 3600.0
/ubc/cs/project/arrow/projects/Sat_Data/bench/HW-verification/40randomsets/25_rule/SAT_dat.k20.cnf, 3600.0
/ubc/cs/project/arrow/projects/Sat_Data/bench/HW-verification/40randomsets/16_2_rule_3/SAT_dat.k90.cnf, 1.01
/ubc/cs/project/arrow/projects/Sat_Data/bench/HW-verification/40randomsets/28_rule/SAT_dat.k70.cnf, 3.92
/ubc/cs/project/arrow/projects/Sat_Data/bench/HW-verification/40randomsets/2_17_1/IBM_FV_2004_rule_batch_2_17_1_SAT_dat.k75.cnf, 2.84
/ubc/cs/project/arrow/projects/Sat_Data/bench/HW-verification/40randomsets/1_13/IBM_FV_2004_rule_batch_1_13_SAT_dat.k10.cnf, 1.09
/ubc/cs/project/arrow/projects/Sat_Data/bench/HW-verification/40randomsets/26/IBM_FV_2004_rule_batch_26_SAT_dat.k25.cnf, 5.42
/ubc/cs/project/arrow/projects/Sat_Data/bench/HW-verification/40randomsets/02_2/IBM_FV_2004_rule_batch_02_2_SAT_dat.k70.cnf, 0.93
/ubc/cs/project/arrow/projects/Sat_Data/bench/HW-verification/40randomsets/03/IBM_FV_2004_rule_batch_03_SAT_dat.k25.cnf, 0.1
/ubc/cs/project/arrow/projects/Sat_Data/bench/HW-verification/40randomsets/14_rule_2/SAT_dat.k45.cnf, 12.67
/ubc/cs/project/arrow/projects/Sat_Data/bench/HW-verification/40randomsets/26_rule/SAT_dat.k95.cnf, 17.41
/ubc/cs/project/arrow/projects/Sat_Data/bench/HW-verification/40randomsets/13_rule_7/SAT_dat.k85.cnf, 3600.0
/ubc/cs/project/arrow/projects/Sat_Data/bench/HW-verification/40randomsets/26_rule/SAT_dat.k100.cnf, 17.76
/ubc/cs/project/arrow/projects/Sat_Data/bench/HW-verification/40randomsets/16_2_rule_5/SAT_dat.k35.cnf, 0.35
/ubc/cs/project/arrow/projects/Sat_Data/bench/HW-verification/40randomsets/16_2_rule_6/SAT_dat.k100.cnf, 1.51
/ubc/cs/project/arrow/projects/Sat_Data/bench/HW-verification/40randomsets/2_31_2/IBM_FV_2004_rule_batch_2_31_2_SAT_dat.k95.cnf, 3600.0
/ubc/cs/project/arrow/projects/Sat_Data/bench/HW-verification/40randomsets/26_rule/SAT_dat.k40.cnf, 6.91
/ubc/cs/project/arrow/projects/Sat_Data/bench/HW-verification/40randomsets/25_rule/SAT_dat.k65.cnf, 3600.0
/ubc/cs/project/arrow/projects/Sat_Data/bench/HW-verification/40randomsets/2_17_2/IBM_FV_2004_rule_batch_2_17_2_SAT_dat.k80.cnf, 1.71
/ubc/cs/project/arrow/projects/Sat_Data/bench/HW-verification/40randomsets/31_1_rule_2/SAT_dat.k95.cnf, 3600.0
/ubc/cs/project/arrow/projects/Sat_Data/bench/HW-verification/40randomsets/2_17_1/IBM_FV_2004_rule_batch_2_17_1_SAT_dat.k40.cnf, 1.26
/ubc/cs/project/arrow/projects/Sat_Data/bench/HW-verification/40randomsets/15_rule/SAT_dat.k65.cnf, 3.8
/ubc/cs/project/arrow/projects/Sat_Data/bench/HW-verification/40randomsets/2_17_1/IBM_FV_2004_rule_batch_2_17_1_SAT_dat.k95.cnf, 5.92
/ubc/cs/project/arrow/projects/Sat_Data/bench/HW-verification/40randomsets/28_rule/SAT_dat.k90.cnf, 6.19
/ubc/cs/project/arrow/projects/Sat_Data/bench/HW-verification/40randomsets/13_rule_19/SAT_dat.k10.cnf, 3600.0
/ubc/cs/project/arrow/projects/Sat_Data/bench/HW-verification/40randomsets/03/IBM_FV_2004_rule_batch_03_SAT_dat.k45.cnf, 0.98
/ubc/cs/project/arrow/projects/Sat_Data/bench/HW-verification/40randomsets/02_2/IBM_FV_2004_rule_batch_02_2_SAT_dat.k90.cnf, 1.2
/ubc/cs/project/arrow/projects/Sat_Data/bench/HW-verification/40randomsets/14_rule_2/SAT_dat.k65.cnf, 44.6
/ubc/cs/project/arrow/projects/Sat_Data/bench/HW-verification/40randomsets/14_rule_2/SAT_dat.k10.cnf, 0.25
/ubc/cs/project/arrow/projects/Sat_Data/bench/HW-verification/40randomsets/18/IBM_FV_2004_rule_batch_18_SAT_dat.k15.cnf, 0.92
/ubc/cs/project/arrow/projects/Sat_Data/bench/HW-verification/40randomsets/25_rule/SAT_dat.k85.cnf, 3600.0
/ubc/cs/project/arrow/projects/Sat_Data/bench/HW-verification/40randomsets/28_rule/SAT_dat.k100.cnf, 14.18
/ubc/cs/project/arrow/projects/Sat_Data/bench/HW-verification/40randomsets/09_rule/SAT_dat.k50.cnf, 0.71
/ubc/cs/project/arrow/projects/Sat_Data/bench/HW-verification/40randomsets/26_rule/SAT_dat.k60.cnf, 10.76
/ubc/cs/project/arrow/projects/Sat_Data/bench/HW-verification/40randomsets/25_rule/SAT_dat.k30.cnf, 3600.0
/ubc/cs/project/arrow/projects/Sat_Data/bench/HW-verification/40randomsets/1_13/IBM_FV_2004_rule_batch_1_13_SAT_dat.k20.cnf, 0.84
/ubc/cs/project/arrow/projects/Sat_Data/bench/HW-verification/40randomsets/13_rule_24/SAT_dat.k100.cnf, 3600.0
/ubc/cs/project/arrow/projects/Sat_Data/bench/HW-verification/40randomsets/16_2_rule_6/SAT_dat.k90.cnf, 1.42
/ubc/cs/project/arrow/projects/Sat_Data/bench/HW-verification/40randomsets/02_2/IBM_FV_2004_rule_batch_02_2_SAT_dat.k80.cnf, 1.3
/ubc/cs/project/arrow/projects/Sat_Data/bench/HW-verification/40randomsets/14_rule_2/SAT_dat.k55.cnf, 19.87
/ubc/cs/project/arrow/projects/Sat_Data/bench/HW-verification/40randomsets/22_rule/SAT_dat.k25.cnf, 1.76
/ubc/cs/project/arrow/projects/Sat_Data/bench/HW-verification/40randomsets/16_2_rule_5/SAT_dat.k45.cnf, 0.51
/ubc/cs/project/arrow/projects/Sat_Data/bench/HW-verification/40randomsets/05_rule/SAT_dat.k100.cnf, 11.82
/ubc/cs/project/arrow/projects/Sat_Data/bench/HW-verification/40randomsets/03/IBM_FV_2004_rule_batch_03_SAT_dat.k10.cnf, 0.02
/ubc/cs/project/arrow/projects/Sat_Data/bench/HW-verification/40randomsets/26_rule/SAT_dat.k50.cnf, 8.5
/ubc/cs/project/arrow/projects/Sat_Data/bench/HW-verification/40randomsets/12/IBM_FV_2004_rule_batch_12_SAT_dat.k15.cnf, 0.0
/ubc/cs/project/arrow/projects/Sat_Data/bench/HW-verification/40randomsets/2_17_1/IBM_FV_2004_rule_batch_2_17_1_SAT_dat.k60.cnf, 2.11
/ubc/cs/project/arrow/projects/Sat_Data/bench/HW-verification/40randomsets/13_rule_8/SAT_dat.k1.cnf, 0.03
/ubc/cs/project/arrow/projects/Sat_Data/bench/HW-verification/40randomsets/2_31_2/IBM_FV_2004_rule_batch_2_31_2_SAT_dat.k30.cnf, 3600.0
/ubc/cs/project/arrow/projects/Sat_Data/bench/HW-verification/40randomsets/16_2_rule_3/SAT_dat.k25.cnf, 0.15
/ubc/cs/project/arrow/projects/Sat_Data/bench/HW-verification/40randomsets/3_16_2/IBM_FV_2004_rule_batch_3_16_2_SAT_dat.k15.cnf, 0.06
/ubc/cs/project/arrow/projects/Sat_Data/bench/HW-verification/40randomsets/2_17_2/IBM_FV_2004_rule_batch_2_17_2_SAT_dat.k90.cnf, 2.06
/ubc/cs/project/arrow/projects/Sat_Data/bench/HW-verification/40randomsets/13_rule_6/SAT_dat.k80.cnf, 3600.0
/ubc/cs/project/arrow/projects/Sat_Data/bench/HW-verification/40randomsets/09_rule/SAT_dat.k70.cnf, 1.09
/ubc/cs/project/arrow/projects/Sat_Data/bench/HW-verification/40randomsets/25_rule/SAT_dat.k50.cnf, 3600.0
/ubc/cs/project/arrow/projects/Sat_Data/bench/HW-verification/40randomsets/14_rule_2/SAT_dat.k75.cnf, 56.43
/ubc/cs/project/arrow/projects/Sat_Data/bench/HW-verification/40randomsets/18/IBM_FV_2004_rule_batch_18_SAT_dat.k100.cnf, 185.84
/ubc/cs/project/arrow/projects/Sat_Data/bench/HW-verification/40randomsets/14_rule_2/SAT_dat.k20.cnf, 1.21
/ubc/cs/project/arrow/projects/Sat_Data/bench/HW-verification/40randomsets/22_rule/SAT_dat.k45.cnf, 21.79
/ubc/cs/project/arrow/projects/Sat_Data/bench/HW-verification/40randomsets/2_17_1/IBM_FV_2004_rule_batch_2_17_1_SAT_dat.k50.cnf, 1.52
/ubc/cs/project/arrow/projects/Sat_Data/bench/HW-verification/40randomsets/21_rule/SAT_dat.k15.cnf, 0.69
/ubc/cs/project/arrow/projects/Sat_Data/bench/HW-verification/40randomsets/15_rule/SAT_dat.k100.cnf, 6.2
/ubc/cs/project/arrow/projects/Sat_Data/bench/HW-verification/40randomsets/03/IBM_FV_2004_rule_batch_03_SAT_dat.k55.cnf, 1.97
/ubc/cs/project/arrow/projects/Sat_Data/bench/HW-verification/40randomsets/15_rule/SAT_dat.k75.cnf, 4.48
/ubc/cs/project/arrow/projects/Sat_Data/bench/HW-verification/40randomsets/18/IBM_FV_2004_rule_batch_18_SAT_dat.k25.cnf, 5.94
/ubc/cs/project/arrow/projects/Sat_Data/bench/HW-verification/40randomsets/16_2_rule_5/SAT_dat.k65.cnf, 0.82
/ubc/cs/project/arrow/projects/Sat_Data/bench/HW-verification/40randomsets/26_rule/SAT_dat.k70.cnf, 12.43
/ubc/cs/project/arrow/projects/Sat_Data/bench/HW-verification/40randomsets/02_1_rule_5/SAT_dat.k100.cnf, 1.96
/ubc/cs/project/arrow/projects/Sat_Data/bench/HW-verification/40randomsets/09_rule/SAT_dat.k60.cnf, 0.9
/ubc/cs/project/arrow/projects/Sat_Data/bench/HW-verification/40randomsets/25_rule/SAT_dat.k40.cnf, 3600.0
/ubc/cs/project/arrow/projects/Sat_Data/bench/HW-verification/40randomsets/25_rule/SAT_dat.k95.cnf, 3600.0
/ubc/cs/project/arrow/projects/Sat_Data/bench/HW-verification/40randomsets/16_2_rule_3/SAT_dat.k15.cnf, 0.08
/ubc/cs/project/arrow/projects/Sat_Data/bench/HW-verification/40randomsets/2_17_2/IBM_FV_2004_rule_batch_2_17_2_SAT_dat.k15.cnf, 0.17
/ubc/cs/project/arrow/projects/Sat_Data/bench/HW-verification/40randomsets/22_rule/SAT_dat.k35.cnf, 4.55
/ubc/cs/project/arrow/projects/Sat_Data/bench/HW-verification/40randomsets/3_16_2/IBM_FV_2004_rule_batch_3_16_2_SAT_dat.k35.cnf, 0.21
/ubc/cs/project/arrow/projects/Sat_Data/bench/HW-verification/40randomsets/1_13/IBM_FV_2004_rule_batch_1_13_SAT_dat.k30.cnf, 0.95
/ubc/cs/project/arrow/projects/Sat_Data/bench/HW-verification/40randomsets/31_1_rule_2/SAT_dat.k70.cnf, 3600.0
/ubc/cs/project/arrow/projects/Sat_Data/bench/HW-verification/40randomsets/13_rule_7/SAT_dat.k1.cnf, 0.03
/ubc/cs/project/arrow/projects/Sat_Data/bench/HW-verification/40randomsets/21_rule/SAT_dat.k35.cnf, 2.38
/ubc/cs/project/arrow/projects/Sat_Data/bench/HW-verification/40randomsets/13_rule_24/SAT_dat.k10.cnf, 3600.0
/ubc/cs/project/arrow/projects/Sat_Data/bench/HW-verification/40randomsets/18/IBM_FV_2004_rule_batch_18_SAT_dat.k45.cnf, 31.32
/ubc/cs/project/arrow/projects/Sat_Data/bench/HW-verification/40randomsets/16_2_rule_5/SAT_dat.k55.cnf, 0.66
/ubc/cs/project/arrow/projects/Sat_Data/bench/HW-verification/40randomsets/15_rule/SAT_dat.k95.cnf, 5.78
/ubc/cs/project/arrow/projects/Sat_Data/bench/HW-verification/40randomsets/2_17_1/IBM_FV_2004_rule_batch_2_17_1_SAT_dat.k70.cnf, 2.67
/ubc/cs/project/arrow/projects/Sat_Data/bench/HW-verification/40randomsets/14_rule_2/SAT_dat.k40.cnf, 7.06
/ubc/cs/project/arrow/projects/Sat_Data/bench/HW-verification/40randomsets/03/IBM_FV_2004_rule_batch_03_SAT_dat.k20.cnf, 0.07
/ubc/cs/project/arrow/projects/Sat_Data/bench/HW-verification/40randomsets/1_14/IBM_FV_2004_rule_batch_1_14_SAT_dat.k15.cnf, 0.42
/ubc/cs/project/arrow/projects/Sat_Data/bench/HW-verification/40randomsets/3_16_2/IBM_FV_2004_rule_batch_3_16_2_SAT_dat.k25.cnf, 0.13
/ubc/cs/project/arrow/projects/Sat_Data/bench/HW-verification/40randomsets/09_rule/SAT_dat.k80.cnf, 1.29
/ubc/cs/project/arrow/projects/Sat_Data/bench/HW-verification/40randomsets/16_2_rule_3/SAT_dat.k35.cnf, 0.24
/ubc/cs/project/arrow/projects/Sat_Data/bench/HW-verification/40randomsets/13_rule_6/SAT_dat.k90.cnf, 3600.0
/ubc/cs/project/arrow/projects/Sat_Data/bench/HW-verification/40randomsets/25_rule/SAT_dat.k60.cnf, 3600.0
/ubc/cs/project/arrow/projects/Sat_Data/bench/HW-verification/40randomsets/02_2/IBM_FV_2004_rule_batch_02_2_SAT_dat.k15.cnf, 0.12
/ubc/cs/project/arrow/projects/Sat_Data/bench/HW-verification/40randomsets/21_rule/SAT_dat.k25.cnf, 1.48
/ubc/cs/project/arrow/projects/Sat_Data/bench/HW-verification/40randomsets/14_rule_2/SAT_dat.k85.cnf, 153.09
/ubc/cs/project/arrow/projects/Sat_Data/bench/HW-verification/40randomsets/15_rule/SAT_dat.k85.cnf, 5.16
/ubc/cs/project/arrow/projects/Sat_Data/bench/HW-verification/40randomsets/13_rule_8/SAT_dat.k35.cnf, 3600.0
/ubc/cs/project/arrow/projects/Sat_Data/bench/HW-verification/40randomsets/13_rule_6/SAT_dat.k1.cnf, 0.03
/ubc/cs/project/arrow/projects/Sat_Data/bench/HW-verification/40randomsets/14_rule_2/SAT_dat.k30.cnf, 3.63
/ubc/cs/project/arrow/projects/Sat_Data/bench/HW-verification/40randomsets/18/IBM_FV_2004_rule_batch_18_SAT_dat.k35.cnf, 21.02
/ubc/cs/project/arrow/projects/Sat_Data/bench/HW-verification/40randomsets/22_rule/SAT_dat.k100.cnf, 144.84
/ubc/cs/project/arrow/projects/Sat_Data/bench/HW-verification/40randomsets/22_rule/SAT_dat.k55.cnf, 75.74
/ubc/cs/project/arrow/projects/Sat_Data/bench/HW-verification/40randomsets/15/IBM_FV_2004_rule_batch_15_SAT_dat.k85.cnf, 5.67
/ubc/cs/project/arrow/projects/Sat_Data/bench/HW-verification/40randomsets/13_rule_19/SAT_dat.k45.cnf, 3600.0
/ubc/cs/project/arrow/projects/Sat_Data/bench/HW-verification/40randomsets/16_2_rule_5/SAT_dat.k75.cnf, 0.91
/ubc/cs/project/arrow/projects/Sat_Data/bench/HW-verification/40randomsets/13_rule_6/SAT_dat.k15.cnf, 3600.0
/ubc/cs/project/arrow/projects/Sat_Data/bench/HW-verification/40randomsets/2_17_2/IBM_FV_2004_rule_batch_2_17_2_SAT_dat.k25.cnf, 0.38
/ubc/cs/project/arrow/projects/Sat_Data/bench/HW-verification/40randomsets/26_rule/SAT_dat.k80.cnf, 13.72
/ubc/cs/project/arrow/projects/Sat_Data/bench/HW-verification/40randomsets/3_16_2/IBM_FV_2004_rule_batch_3_16_2_SAT_dat.k45.cnf, 0.3
/ubc/cs/project/arrow/projects/Sat_Data/bench/HW-verification/40randomsets/14_rule_2/SAT_dat.k50.cnf, 12.6
/ubc/cs/project/arrow/projects/Sat_Data/bench/HW-verification/40randomsets/13_rule_24/SAT_dat.k20.cnf, 3600.0
/ubc/cs/project/arrow/projects/Sat_Data/bench/HW-verification/40randomsets/04_rule/SAT_dat.k100.cnf, 101.35
/ubc/cs/project/arrow/projects/Sat_Data/bench/HW-verification/40randomsets/31_1_rule_2/SAT_dat.k80.cnf, 3600.0
/ubc/cs/project/arrow/projects/Sat_Data/bench/HW-verification/40randomsets/03/IBM_FV_2004_rule_batch_03_SAT_dat.k30.cnf, 0.48
/ubc/cs/project/arrow/projects/Sat_Data/bench/HW-verification/40randomsets/21_rule/SAT_dat.k45.cnf, 5.65
/ubc/cs/project/arrow/projects/Sat_Data/bench/HW-verification/40randomsets/13_rule_8/SAT_dat.k55.cnf, 3600.0
/ubc/cs/project/arrow/projects/Sat_Data/bench/HW-verification/40randomsets/22_rule/SAT_dat.k20.cnf, 1.32
/ubc/cs/project/arrow/projects/Sat_Data/bench/HW-verification/40randomsets/15/IBM_FV_2004_rule_batch_15_SAT_dat.k50.cnf, 3.01
/ubc/cs/project/arrow/projects/Sat_Data/bench/HW-verification/40randomsets/1_14/IBM_FV_2004_rule_batch_1_14_SAT_dat.k25.cnf, 0.83
/ubc/cs/project/arrow/projects/Sat_Data/bench/HW-verification/40randomsets/18/IBM_FV_2004_rule_batch_18_SAT_dat.k55.cnf, 65.57
/ubc/cs/project/arrow/projects/Sat_Data/bench/HW-verification/40randomsets/05_rule/SAT_dat.k10.cnf, 0.26
/ubc/cs/project/arrow/projects/Sat_Data/bench/HW-verification/40randomsets/09_rule/SAT_dat.k90.cnf, 1.36
/ubc/cs/project/arrow/projects/Sat_Data/bench/HW-verification/40randomsets/25_rule/SAT_dat.k70.cnf, 3600.0
/ubc/cs/project/arrow/projects/Sat_Data/bench/HW-verification/40randomsets/16_2_rule_3/SAT_dat.k45.cnf, 0.35
/ubc/cs/project/arrow/projects/Sat_Data/bench/HW-verification/40randomsets/12_rule/SAT_dat.k45.cnf, 0.0
/ubc/cs/project/arrow/projects/Sat_Data/bench/HW-verification/40randomsets/15/IBM_FV_2004_rule_batch_15_SAT_dat.k95.cnf, 6.53
/ubc/cs/project/arrow/projects/Sat_Data/bench/HW-verification/40randomsets/04_rule/SAT_dat.k75.cnf, 60.17
/ubc/cs/project/arrow/projects/Sat_Data/bench/HW-verification/40randomsets/13_rule_8/SAT_dat.k45.cnf, 3600.0
/ubc/cs/project/arrow/projects/Sat_Data/bench/HW-verification/40randomsets/22_rule/SAT_dat.k10.cnf, 0.43
/ubc/cs/project/arrow/projects/Sat_Data/bench/HW-verification/40randomsets/06/IBM_FV_2004_rule_batch_06_SAT_dat.k90.cnf, 15.31
/ubc/cs/project/arrow/projects/Sat_Data/bench/HW-verification/40randomsets/22_rule/SAT_dat.k65.cnf, 72.1
/ubc/cs/project/arrow/projects/Sat_Data/bench/HW-verification/40randomsets/21_rule/SAT_dat.k10.cnf, 0.37
/ubc/cs/project/arrow/projects/Sat_Data/bench/HW-verification/40randomsets/16_2_rule_5/SAT_dat.k85.cnf, 1.29
/ubc/cs/project/arrow/projects/Sat_Data/bench/HW-verification/40randomsets/13_rule_6/SAT_dat.k25.cnf, 3600.0
/ubc/cs/project/arrow/projects/Sat_Data/bench/HW-verification/40randomsets/13_rule_19/SAT_dat.k55.cnf, 3600.0
/ubc/cs/project/arrow/projects/Sat_Data/bench/HW-verification/40randomsets/1_14/IBM_FV_2004_rule_batch_1_14_SAT_dat.k45.cnf, 1.86
/ubc/cs/project/arrow/projects/Sat_Data/bench/HW-verification/40randomsets/31_1_rule_2/SAT_dat.k90.cnf, 3600.0
/ubc/cs/project/arrow/projects/Sat_Data/bench/HW-verification/40randomsets/12_rule/SAT_dat.k10.cnf, 0.0
/ubc/cs/project/arrow/projects/Sat_Data/bench/HW-verification/40randomsets/31_1_rule_2/SAT_dat.k100.cnf, 3600.0
/ubc/cs/project/arrow/projects/Sat_Data/bench/HW-verification/40randomsets/3_16_2/IBM_FV_2004_rule_batch_3_16_2_SAT_dat.k55.cnf, 0.38
/ubc/cs/project/arrow/projects/Sat_Data/bench/HW-verification/40randomsets/16_2_rule_5/SAT_dat.k10.cnf, 0.07
/ubc/cs/project/arrow/projects/Sat_Data/bench/HW-verification/40randomsets/12_rule/SAT_dat.k65.cnf, 0.0
/ubc/cs/project/arrow/projects/Sat_Data/bench/HW-verification/40randomsets/1_14/IBM_FV_2004_rule_batch_1_14_SAT_dat.k35.cnf, 1.42
/ubc/cs/project/arrow/projects/Sat_Data/bench/HW-verification/40randomsets/22_rule/SAT_dat.k30.cnf, 2.7
/ubc/cs/project/arrow/projects/Sat_Data/bench/HW-verification/40randomsets/21_rule/SAT_dat.k55.cnf, 12.07
/ubc/cs/project/arrow/projects/Sat_Data/bench/HW-verification/40randomsets/15/IBM_FV_2004_rule_batch_15_SAT_dat.k60.cnf, 3.87
/ubc/cs/project/arrow/projects/Sat_Data/bench/HW-verification/40randomsets/1_13/IBM_FV_2004_rule_batch_1_13_SAT_dat.k65.cnf, 1.04
/ubc/cs/project/arrow/projects/Sat_Data/bench/HW-verification/40randomsets/18/IBM_FV_2004_rule_batch_18_SAT_dat.k65.cnf, 132.41
/ubc/cs/project/arrow/projects/Sat_Data/bench/HW-verification/40randomsets/13_rule_8/SAT_dat.k65.cnf, 3600.0
/ubc/cs/project/arrow/projects/Sat_Data/bench/HW-verification/40randomsets/05_rule/SAT_dat.k20.cnf, 0.75
/ubc/cs/project/arrow/projects/Sat_Data/bench/HW-verification/40randomsets/15_rule/SAT_dat.k40.cnf, 2.19
/ubc/cs/project/arrow/projects/Sat_Data/bench/HW-verification/40randomsets/13_rule_19/SAT_dat.k75.cnf, 3600.0
/ubc/cs/project/arrow/projects/Sat_Data/bench/HW-verification/40randomsets/12_rule/SAT_dat.k55.cnf, 0.0
/ubc/cs/project/arrow/projects/Sat_Data/bench/HW-verification/40randomsets/24_1_rule_3/SAT_dat.k60.cnf, 3600.0
/ubc/cs/project/arrow/projects/Sat_Data/bench/HW-verification/40randomsets/2_14/IBM_FV_2004_rule_batch_2_14_SAT_dat.k100.cnf, 202.76
/ubc/cs/project/arrow/projects/Sat_Data/bench/HW-verification/40randomsets/05_rule/SAT_dat.k40.cnf, 2.67
/ubc/cs/project/arrow/projects/Sat_Data/bench/HW-verification/40randomsets/13_rule_19/SAT_dat.k65.cnf, 3600.0
/ubc/cs/project/arrow/projects/Sat_Data/bench/HW-verification/40randomsets/04_rule/SAT_dat.k10.cnf, 0.04
/ubc/cs/project/arrow/projects/Sat_Data/bench/HW-verification/40randomsets/13_rule_6/SAT_dat.k35.cnf, 3600.0
/ubc/cs/project/arrow/projects/Sat_Data/bench/HW-verification/40randomsets/16_2_rule_5/SAT_dat.k100.cnf, 1.45
/ubc/cs/project/arrow/projects/Sat_Data/bench/HW-verification/40randomsets/21_rule/SAT_dat.k20.cnf, 0.98
/ubc/cs/project/arrow/projects/Sat_Data/bench/HW-verification/40randomsets/15/IBM_FV_2004_rule_batch_15_SAT_dat.k80.cnf, 5.11
/ubc/cs/project/arrow/projects/Sat_Data/bench/HW-verification/40randomsets/13_rule_7/SAT_dat.k40.cnf, 3600.0
/ubc/cs/project/arrow/projects/Sat_Data/bench/HW-verification/40randomsets/1_14/IBM_FV_2004_rule_batch_1_14_SAT_dat.k55.cnf, 2.39
/ubc/cs/project/arrow/projects/Sat_Data/bench/HW-verification/40randomsets/12_rule/SAT_dat.k75.cnf, 0.0
/ubc/cs/project/arrow/projects/Sat_Data/bench/HW-verification/40randomsets/13_rule_22/SAT_dat.k15.cnf, 3600.0
/ubc/cs/project/arrow/projects/Sat_Data/bench/HW-verification/40randomsets/12/IBM_FV_2004_rule_batch_12_SAT_dat.k25.cnf, 0.0
/ubc/cs/project/arrow/projects/Sat_Data/bench/HW-verification/40randomsets/02_1_rule_5/SAT_dat.k1.cnf, 0.0
/ubc/cs/project/arrow/projects/Sat_Data/bench/HW-verification/40randomsets/15/IBM_FV_2004_rule_batch_15_SAT_dat.k70.cnf, 4.24
/ubc/cs/project/arrow/projects/Sat_Data/bench/HW-verification/40randomsets/22_rule/SAT_dat.k40.cnf, 7.7
/ubc/cs/project/arrow/projects/Sat_Data/bench/HW-verification/40randomsets/16_2_rule_3/SAT_dat.k1.cnf, 0.0
/ubc/cs/project/arrow/projects/Sat_Data/bench/HW-verification/40randomsets/1_13/IBM_FV_2004_rule_batch_1_13_SAT_dat.k75.cnf, 0.82
/ubc/cs/project/arrow/projects/Sat_Data/bench/HW-verification/40randomsets/05_rule/SAT_dat.k85.cnf, 7.38
/ubc/cs/project/arrow/projects/Sat_Data/bench/HW-verification/40randomsets/13_rule_8/SAT_dat.k75.cnf, 3600.0
/ubc/cs/project/arrow/projects/Sat_Data/bench/HW-verification/40randomsets/05_rule/SAT_dat.k30.cnf, 1.55
/ubc/cs/project/arrow/projects/Sat_Data/bench/HW-verification/40randomsets/2_31_2/IBM_FV_2004_rule_batch_2_31_2_SAT_dat.k40.cnf, 3600.0
/ubc/cs/project/arrow/projects/Sat_Data/bench/HW-verification/40randomsets/18_rule/SAT_dat.k70.cnf, 56.63
/ubc/cs/project/arrow/projects/Sat_Data/bench/HW-verification/40randomsets/13_rule_24/SAT_dat.k55.cnf, 3600.0
/ubc/cs/project/arrow/projects/Sat_Data/bench/HW-verification/40randomsets/03/IBM_FV_2004_rule_batch_03_SAT_dat.k65.cnf, 5.59
/ubc/cs/project/arrow/projects/Sat_Data/bench/HW-verification/40randomsets/1_14/IBM_FV_2004_rule_batch_1_14_SAT_dat.k20.cnf, 0.62
/ubc/cs/project/arrow/projects/Sat_Data/bench/HW-verification/40randomsets/04_rule/SAT_dat.k30.cnf, 0.93
/ubc/cs/project/arrow/projects/Sat_Data/bench/HW-verification/40randomsets/13_rule_19/SAT_dat.k85.cnf, 3600.0
/ubc/cs/project/arrow/projects/Sat_Data/bench/HW-verification/40randomsets/24_1_rule_3/SAT_dat.k70.cnf, 3600.0
/ubc/cs/project/arrow/projects/Sat_Data/bench/HW-verification/40randomsets/16_2_rule_6/SAT_dat.k15.cnf, 0.11
/ubc/cs/project/arrow/projects/Sat_Data/bench/HW-verification/40randomsets/2_31_2/IBM_FV_2004_rule_batch_2_31_2_SAT_dat.k60.cnf, 3600.0
/ubc/cs/project/arrow/projects/Sat_Data/bench/HW-verification/40randomsets/25_rule/SAT_dat.k100.cnf, 3600.0
/ubc/cs/project/arrow/projects/Sat_Data/bench/HW-verification/40randomsets/05_rule/SAT_dat.k50.cnf, 3.52
/ubc/cs/project/arrow/projects/Sat_Data/bench/HW-verification/40randomsets/2_31_2/IBM_FV_2004_rule_batch_2_31_2_SAT_dat.k100.cnf, 3600.0
/ubc/cs/project/arrow/projects/Sat_Data/bench/HW-verification/40randomsets/1_14/IBM_FV_2004_rule_batch_1_14_SAT_dat.k10.cnf, 0.22
/ubc/cs/project/arrow/projects/Sat_Data/bench/HW-verification/40randomsets/21_rule/SAT_dat.k30.cnf, 1.64
/ubc/cs/project/arrow/projects/Sat_Data/bench/HW-verification/40randomsets/15/IBM_FV_2004_rule_batch_15_SAT_dat.k90.cnf, 5.99
/ubc/cs/project/arrow/projects/Sat_Data/bench/HW-verification/40randomsets/13_rule_7/SAT_dat.k50.cnf, 3600.0
/ubc/cs/project/arrow/projects/Sat_Data/bench/HW-verification/40randomsets/1_13/IBM_FV_2004_rule_batch_1_13_SAT_dat.k95.cnf, 0.96
/ubc/cs/project/arrow/projects/Sat_Data/bench/HW-verification/40randomsets/1_14/IBM_FV_2004_rule_batch_1_14_SAT_dat.k65.cnf, 3.0
/ubc/cs/project/arrow/projects/Sat_Data/bench/HW-verification/40randomsets/1_13/IBM_FV_2004_rule_batch_1_13_SAT_dat.k40.cnf, 0.75
/ubc/cs/project/arrow/projects/Sat_Data/bench/HW-verification/40randomsets/04_rule/SAT_dat.k20.cnf, 0.34
/ubc/cs/project/arrow/projects/Sat_Data/bench/HW-verification/40randomsets/2_17_1/IBM_FV_2004_rule_batch_2_17_1_SAT_dat.k80.cnf, 3.15
/ubc/cs/project/arrow/projects/Sat_Data/bench/HW-verification/40randomsets/02_1_rule_5/SAT_dat.k15.cnf, 0.15
/ubc/cs/project/arrow/projects/Sat_Data/bench/HW-verification/40randomsets/24_1_rule_3/SAT_dat.k90.cnf, 3600.0
/ubc/cs/project/arrow/projects/Sat_Data/bench/HW-verification/40randomsets/12/IBM_FV_2004_rule_batch_12_SAT_dat.k35.cnf, 0.0
/ubc/cs/project/arrow/projects/Sat_Data/bench/HW-verification/40randomsets/12_rule/SAT_dat.k85.cnf, 0.0
/ubc/cs/project/arrow/projects/Sat_Data/bench/HW-verification/40randomsets/13_rule_22/SAT_dat.k25.cnf, 3600.0
/ubc/cs/project/arrow/projects/Sat_Data/bench/HW-verification/40randomsets/16_2_rule_6/SAT_dat.k35.cnf, 0.37
/ubc/cs/project/arrow/projects/Sat_Data/bench/HW-verification/40randomsets/2_31_2/IBM_FV_2004_rule_batch_2_31_2_SAT_dat.k50.cnf, 3600.0
/ubc/cs/project/arrow/projects/Sat_Data/bench/HW-verification/40randomsets/1_13/IBM_FV_2004_rule_batch_1_13_SAT_dat.k85.cnf, 0.89
/ubc/cs/project/arrow/projects/Sat_Data/bench/HW-verification/40randomsets/04_rule/SAT_dat.k40.cnf, 2.07
/ubc/cs/project/arrow/projects/Sat_Data/bench/HW-verification/40randomsets/1_14/IBM_FV_2004_rule_batch_1_14_SAT_dat.k30.cnf, 1.02
/ubc/cs/project/arrow/projects/Sat_Data/bench/HW-verification/40randomsets/12_rule/SAT_dat.k100.cnf, 0.0
/ubc/cs/project/arrow/projects/Sat_Data/bench/HW-verification/40randomsets/18_rule/SAT_dat.k80.cnf, 113.62
/ubc/cs/project/arrow/projects/Sat_Data/bench/HW-verification/40randomsets/14_rule_2/SAT_dat.k95.cnf, 125.54
/ubc/cs/project/arrow/projects/Sat_Data/bench/HW-verification/40randomsets/13_rule_19/SAT_dat.k95.cnf, 3600.0
/ubc/cs/project/arrow/projects/Sat_Data/bench/HW-verification/40randomsets/13_rule_7/SAT_dat.k70.cnf, 3600.0
/ubc/cs/project/arrow/projects/Sat_Data/bench/HW-verification/40randomsets/24_1_rule_3/SAT_dat.k80.cnf, 3600.0
/ubc/cs/project/arrow/projects/Sat_Data/bench/HW-verification/40randomsets/1_13/IBM_FV_2004_rule_batch_1_13_SAT_dat.k60.cnf, 0.84
/ubc/cs/project/arrow/projects/Sat_Data/bench/HW-verification/40randomsets/03/IBM_FV_2004_rule_batch_03_SAT_dat.k75.cnf, 4.38
/ubc/cs/project/arrow/projects/Sat_Data/bench/HW-verification/40randomsets/13_rule_24/SAT_dat.k65.cnf, 3600.0
/ubc/cs/project/arrow/projects/Sat_Data/bench/HW-verification/40randomsets/16_2_rule_6/SAT_dat.k25.cnf, 0.21
/ubc/cs/project/arrow/projects/Sat_Data/bench/HW-verification/40randomsets/2_17_2/IBM_FV_2004_rule_batch_2_17_2_SAT_dat.k35.cnf, 0.58
/ubc/cs/project/arrow/projects/Sat_Data/bench/HW-verification/40randomsets/13_rule_22/SAT_dat.k45.cnf, 3600.0
/ubc/cs/project/arrow/projects/Sat_Data/bench/HW-verification/40randomsets/13_rule_19/SAT_dat.k20.cnf, 3600.0
/ubc/cs/project/arrow/projects/Sat_Data/bench/HW-verification/40randomsets/12/IBM_FV_2004_rule_batch_12_SAT_dat.k55.cnf, 0.0
/ubc/cs/project/arrow/projects/Sat_Data/bench/HW-verification/40randomsets/2_31_2/IBM_FV_2004_rule_batch_2_31_2_SAT_dat.k70.cnf, 3600.0
/ubc/cs/project/arrow/projects/Sat_Data/bench/HW-verification/40randomsets/13_rule_7/SAT_dat.k60.cnf, 3600.0
/ubc/cs/project/arrow/projects/Sat_Data/bench/HW-verification/40randomsets/1_13/IBM_FV_2004_rule_batch_1_13_SAT_dat.k50.cnf, 0.79
/ubc/cs/project/arrow/projects/Sat_Data/bench/HW-verification/40randomsets/13_rule_24/SAT_dat.k30.cnf, 3600.0
/ubc/cs/project/arrow/projects/Sat_Data/bench/HW-verification/40randomsets/14_rule_2/SAT_dat.k60.cnf, 36.12
/ubc/cs/project/arrow/projects/Sat_Data/bench/HW-verification/40randomsets/13_rule_24/SAT_dat.k85.cnf, 3600.0
/ubc/cs/project/arrow/projects/Sat_Data/bench/HW-verification/40randomsets/02_1_rule_5/SAT_dat.k25.cnf, 0.32
/ubc/cs/project/arrow/projects/Sat_Data/bench/HW-verification/40randomsets/13_rule_22/SAT_dat.k35.cnf, 3600.0
/ubc/cs/project/arrow/projects/Sat_Data/bench/HW-verification/40randomsets/12/IBM_FV_2004_rule_batch_12_SAT_dat.k45.cnf, 0.0
/ubc/cs/project/arrow/projects/Sat_Data/bench/HW-verification/40randomsets/03/IBM_FV_2004_rule_batch_03_SAT_dat.k95.cnf, 16.16
/ubc/cs/project/arrow/projects/Sat_Data/bench/HW-verification/40randomsets/13_rule_24/SAT_dat.k75.cnf, 3600.0
/ubc/cs/project/arrow/projects/Sat_Data/bench/HW-verification/40randomsets/2_14/IBM_FV_2004_rule_batch_2_14_SAT_dat.k15.cnf, 0.54
/ubc/cs/project/arrow/projects/Sat_Data/bench/HW-verification/40randomsets/31_1_rule_2/SAT_dat.k1.cnf, 0.0
/ubc/cs/project/arrow/projects/Sat_Data/bench/HW-verification/40randomsets/16_2_rule_6/SAT_dat.k45.cnf, 0.48
/ubc/cs/project/arrow/projects/Sat_Data/bench/HW-verification/40randomsets/1_17_2/IBM_FV_2004_rule_batch_1_17_2_SAT_dat.k15.cnf, 0.16
/ubc/cs/project/arrow/projects/Sat_Data/bench/HW-verification/40randomsets/22_rule/SAT_dat.k75.cnf, 54.73
/ubc/cs/project/arrow/projects/Sat_Data/bench/HW-verification/40randomsets/13_rule_7/SAT_dat.k80.cnf, 3600.0
/ubc/cs/project/arrow/projects/Sat_Data/bench/HW-verification/40randomsets/04_rule/SAT_dat.k50.cnf, 3.23
/ubc/cs/project/arrow/projects/Sat_Data/bench/HW-verification/40randomsets/13_rule_22/SAT_dat.k55.cnf, 3600.0
/ubc/cs/project/arrow/projects/Sat_Data/bench/HW-verification/40randomsets/1_14/IBM_FV_2004_rule_batch_1_14_SAT_dat.k40.cnf, 1.53
/ubc/cs/project/arrow/projects/Sat_Data/bench/HW-verification/40randomsets/18_rule/SAT_dat.k90.cnf, 34.46
/ubc/cs/project/arrow/projects/Sat_Data/bench/HW-verification/40randomsets/03/IBM_FV_2004_rule_batch_03_SAT_dat.k85.cnf, 11.88
/ubc/cs/project/arrow/projects/Sat_Data/bench/HW-verification/40randomsets/1_13/IBM_FV_2004_rule_batch_1_13_SAT_dat.k70.cnf, 1.03
/ubc/cs/project/arrow/projects/Sat_Data/bench/HW-verification/40randomsets/02_1_rule_5/SAT_dat.k45.cnf, 0.66
/ubc/cs/project/arrow/projects/Sat_Data/bench/HW-verification/40randomsets/12/IBM_FV_2004_rule_batch_12_SAT_dat.k65.cnf, 0.0
/ubc/cs/project/arrow/projects/Sat_Data/bench/HW-verification/40randomsets/2_31_2/IBM_FV_2004_rule_batch_2_31_2_SAT_dat.k80.cnf, 3600.0
/ubc/cs/project/arrow/projects/Sat_Data/bench/HW-verification/40randomsets/13_rule_24/SAT_dat.k40.cnf, 3600.0
/ubc/cs/project/arrow/projects/Sat_Data/bench/HW-verification/40randomsets/24_1_rule_3/SAT_dat.k15.cnf, 3.43
/ubc/cs/project/arrow/projects/Sat_Data/bench/HW-verification/40randomsets/18_rule/SAT_dat.k15.cnf, 1.1
/ubc/cs/project/arrow/projects/Sat_Data/bench/HW-verification/40randomsets/13_rule_24/SAT_dat.k95.cnf, 3600.0
/ubc/cs/project/arrow/projects/Sat_Data/bench/HW-verification/40randomsets/16_2_rule_5/SAT_dat.k20.cnf, 0.17
/ubc/cs/project/arrow/projects/Sat_Data/bench/HW-verification/40randomsets/21_rule/SAT_dat.k65.cnf, 7.52
/ubc/cs/project/arrow/projects/Sat_Data/bench/HW-verification/40randomsets/02_1_rule_5/SAT_dat.k35.cnf, 0.45
/ubc/cs/project/arrow/projects/Sat_Data/bench/HW-verification/40randomsets/13_rule_22/SAT_dat.k20.cnf, 3600.0
/ubc/cs/project/arrow/projects/Sat_Data/bench/HW-verification/40randomsets/1_17_2/IBM_FV_2004_rule_batch_1_17_2_SAT_dat.k35.cnf, 0.59
/ubc/cs/project/arrow/projects/Sat_Data/bench/HW-verification/40randomsets/21_rule/SAT_dat.k100.cnf, 31.42
/ubc/cs/project/arrow/projects/Sat_Data/bench/HW-verification/40randomsets/2_14/IBM_FV_2004_rule_batch_2_14_SAT_dat.k25.cnf, 2.18
/ubc/cs/project/arrow/projects/Sat_Data/bench/HW-verification/40randomsets/15_rule/SAT_dat.k50.cnf, 2.9
/ubc/cs/project/arrow/projects/Sat_Data/bench/HW-verification/40randomsets/13_rule_22/SAT_dat.k10.cnf, 3600.0
/ubc/cs/project/arrow/projects/Sat_Data/bench/HW-verification/40randomsets/22_rule/SAT_dat.k85.cnf, 168.17
/ubc/cs/project/arrow/projects/Sat_Data/bench/HW-verification/40randomsets/13_rule_7/SAT_dat.k90.cnf, 3600.0
/ubc/cs/project/arrow/projects/Sat_Data/bench/HW-verification/40randomsets/1_13/IBM_FV_2004_rule_batch_1_13_SAT_dat.k80.cnf, 1.03
/ubc/cs/project/arrow/projects/Sat_Data/bench/HW-verification/40randomsets/16_2_rule_5/SAT_dat.k40.cnf, 0.45
/ubc/cs/project/arrow/projects/Sat_Data/bench/HW-verification/40randomsets/13_rule_24/SAT_dat.k60.cnf, 3600.0
/ubc/cs/project/arrow/projects/Sat_Data/bench/HW-verification/40randomsets/1_17_2/IBM_FV_2004_rule_batch_1_17_2_SAT_dat.k25.cnf, 0.39
/ubc/cs/project/arrow/projects/Sat_Data/bench/HW-verification/40randomsets/02_1_rule_5/SAT_dat.k55.cnf, 0.79
/ubc/cs/project/arrow/projects/Sat_Data/bench/HW-verification/40randomsets/12/IBM_FV_2004_rule_batch_12_SAT_dat.k75.cnf, 0.0
/ubc/cs/project/arrow/projects/Sat_Data/bench/HW-verification/40randomsets/3_16_2/IBM_FV_2004_rule_batch_3_16_2_SAT_dat.k10.cnf, 0.03
/ubc/cs/project/arrow/projects/Sat_Data/bench/HW-verification/40randomsets/18_rule/SAT_dat.k25.cnf, 7.88
/ubc/cs/project/arrow/projects/Sat_Data/bench/HW-verification/40randomsets/13_rule_24/SAT_dat.k50.cnf, 3600.0
/ubc/cs/project/arrow/projects/Sat_Data/bench/HW-verification/40randomsets/18/IBM_FV_2004_rule_batch_18_SAT_dat.k20.cnf, 1.97
/ubc/cs/project/arrow/projects/Sat_Data/bench/HW-verification/40randomsets/2_14/IBM_FV_2004_rule_batch_2_14_SAT_dat.k45.cnf, 14.48
/ubc/cs/project/arrow/projects/Sat_Data/bench/HW-verification/40randomsets/15_rule/SAT_dat.k70.cnf, 4.19
/ubc/cs/project/arrow/projects/Sat_Data/bench/HW-verification/40randomsets/26/IBM_FV_2004_rule_batch_26_SAT_dat.k35.cnf, 7.76
/ubc/cs/project/arrow/projects/Sat_Data/bench/HW-verification/40randomsets/16_2_rule_5/SAT_dat.k30.cnf, 0.28
/ubc/cs/project/arrow/projects/Sat_Data/bench/HW-verification/40randomsets/21_rule/SAT_dat.k75.cnf, 12.63
/ubc/cs/project/arrow/projects/Sat_Data/bench/HW-verification/40randomsets/13_rule_22/SAT_dat.k30.cnf, 3600.0
/ubc/cs/project/arrow/projects/Sat_Data/bench/HW-verification/40randomsets/05_rule/SAT_dat.k95.cnf, 11.39
/ubc/cs/project/arrow/projects/Sat_Data/bench/HW-verification/40randomsets/16_2_rule_3/SAT_dat.k10.cnf, 0.04
/ubc/cs/project/arrow/projects/Sat_Data/bench/HW-verification/40randomsets/1_17_2/IBM_FV_2004_rule_batch_1_17_2_SAT_dat.k45.cnf, 0.84
/ubc/cs/project/arrow/projects/Sat_Data/bench/HW-verification/40randomsets/15_rule/SAT_dat.k60.cnf, 3.53
/ubc/cs/project/arrow/projects/Sat_Data/bench/HW-verification/40randomsets/13_rule_8/SAT_dat.k10.cnf, 3600.0
/ubc/cs/project/arrow/projects/Sat_Data/bench/HW-verification/40randomsets/18/IBM_FV_2004_rule_batch_18_SAT_dat.k10.cnf, 0.3
/ubc/cs/project/arrow/projects/Sat_Data/bench/HW-verification/40randomsets/02_1_rule_5/SAT_dat.k20.cnf, 0.24
/ubc/cs/project/arrow/projects/Sat_Data/bench/HW-verification/40randomsets/2_14/IBM_FV_2004_rule_batch_2_14_SAT_dat.k35.cnf, 4.34
/ubc/cs/project/arrow/projects/Sat_Data/bench/HW-verification/40randomsets/13_rule_24/SAT_dat.k70.cnf, 3600.0
/ubc/cs/project/arrow/projects/Sat_Data/bench/HW-verification/40randomsets/31_1_rule_2/SAT_dat.k15.cnf, 0.68
/ubc/cs/project/arrow/projects/Sat_Data/bench/HW-verification/40randomsets/16_2_rule_5/SAT_dat.k50.cnf, 0.55
/ubc/cs/project/arrow/projects/Sat_Data/bench/HW-verification/40randomsets/22_rule/SAT_dat.k95.cnf, 172.89
/ubc/cs/project/arrow/projects/Sat_Data/bench/HW-verification/40randomsets/05_rule/SAT_dat.k60.cnf, 5.26
/ubc/cs/project/arrow/projects/Sat_Data/bench/HW-verification/40randomsets/04_rule/SAT_dat.k85.cnf, 62.26
/ubc/cs/project/arrow/projects/Sat_Data/bench/HW-verification/40randomsets/02_1_rule_5/SAT_dat.k10.cnf, 0.07
/ubc/cs/project/arrow/projects/Sat_Data/bench/HW-verification/40randomsets/3_16_2/IBM_FV_2004_rule_batch_3_16_2_SAT_dat.k100.cnf, 0.87
/ubc/cs/project/arrow/projects/Sat_Data/bench/HW-verification/40randomsets/21_rule/SAT_dat.k95.cnf, 29.81
/ubc/cs/project/arrow/projects/Sat_Data/bench/HW-verification/40randomsets/02_1_rule_5/SAT_dat.k65.cnf, 1.12
/ubc/cs/project/arrow/projects/Sat_Data/bench/HW-verification/40randomsets/3_16_2/IBM_FV_2004_rule_batch_3_16_2_SAT_dat.k20.cnf, 0.09
/ubc/cs/project/arrow/projects/Sat_Data/bench/HW-verification/40randomsets/1_14/IBM_FV_2004_rule_batch_1_14_SAT_dat.k75.cnf, 3.36
/ubc/cs/project/arrow/projects/Sat_Data/bench/HW-verification/40randomsets/13_rule_8/SAT_dat.k100.cnf, 3600.0
/ubc/cs/project/arrow/projects/Sat_Data/bench/HW-verification/40randomsets/18/IBM_FV_2004_rule_batch_18_SAT_dat.k30.cnf, 17.71
/ubc/cs/project/arrow/projects/Sat_Data/bench/HW-verification/40randomsets/15_rule/SAT_dat.k80.cnf, 4.85
/ubc/cs/project/arrow/projects/Sat_Data/bench/HW-verification/40randomsets/26/IBM_FV_2004_rule_batch_26_SAT_dat.k45.cnf, 29.84
/ubc/cs/project/arrow/projects/Sat_Data/bench/HW-verification/40randomsets/2_14/IBM_FV_2004_rule_batch_2_14_SAT_dat.k55.cnf, 21.55
/ubc/cs/project/arrow/projects/Sat_Data/bench/HW-verification/40randomsets/1_17_2/IBM_FV_2004_rule_batch_1_17_2_SAT_dat.k55.cnf, 1.09
/ubc/cs/project/arrow/projects/Sat_Data/bench/HW-verification/40randomsets/16_2_rule_3/SAT_dat.k20.cnf, 0.12
/ubc/cs/project/arrow/projects/Sat_Data/bench/HW-verification/40randomsets/06/IBM_FV_2004_rule_batch_06_SAT_dat.k25.cnf, 0.83
/ubc/cs/project/arrow/projects/Sat_Data/bench/HW-verification/40randomsets/12_rule/SAT_dat.k20.cnf, 0.0
/ubc/cs/project/arrow/projects/Sat_Data/bench/HW-verification/40randomsets/21_rule/SAT_dat.k85.cnf, 14.22
/ubc/cs/project/arrow/projects/Sat_Data/bench/HW-verification/40randomsets/28_rule/SAT_dat.k15.cnf, 1.63
/ubc/cs/project/arrow/projects/Sat_Data/bench/HW-verification/40randomsets/13_rule_8/SAT_dat.k20.cnf, 3600.0
/ubc/cs/project/arrow/projects/Sat_Data/bench/HW-verification/40randomsets/13_rule_22/SAT_dat.k100.cnf, 3600.0
/ubc/cs/project/arrow/projects/Sat_Data/bench/HW-verification/40randomsets/02_1_rule_5/SAT_dat.k30.cnf, 0.4
/ubc/cs/project/arrow/projects/Sat_Data/bench/HW-verification/40randomsets/26/IBM_FV_2004_rule_batch_26_SAT_dat.k65.cnf, 13.46
/ubc/cs/project/arrow/projects/Sat_Data/bench/HW-verification/40randomsets/13_rule_24/SAT_dat.k80.cnf, 3600.0
/ubc/cs/project/arrow/projects/Sat_Data/bench/HW-verification/40randomsets/13_rule_19/SAT_dat.k30.cnf, 3600.0
/ubc/cs/project/arrow/projects/Sat_Data/bench/HW-verification/40randomsets/06/IBM_FV_2004_rule_batch_06_SAT_dat.k15.cnf, 0.3
/ubc/cs/project/arrow/projects/Sat_Data/bench/HW-verification/40randomsets/26/IBM_FV_2004_rule_batch_26_SAT_dat.k10.cnf, 1.8
/ubc/cs/project/arrow/projects/Sat_Data/bench/HW-verification/40randomsets/16_2_rule_5/SAT_dat.k60.cnf, 0.71
/ubc/cs/project/arrow/projects/Sat_Data/bench/HW-verification/40randomsets/2_17_2/IBM_FV_2004_rule_batch_2_17_2_SAT_dat.k10.cnf, 0.02
/ubc/cs/project/arrow/projects/Sat_Data/bench/HW-verification/40randomsets/31_1_rule_2/SAT_dat.k25.cnf, 42.56
/ubc/cs/project/arrow/projects/Sat_Data/bench/HW-verification/40randomsets/3_16_2/IBM_FV_2004_rule_batch_3_16_2_SAT_dat.k30.cnf, 0.15
/ubc/cs/project/arrow/projects/Sat_Data/bench/HW-verification/40randomsets/04_rule/SAT_dat.k95.cnf, 54.78
/ubc/cs/project/arrow/projects/Sat_Data/bench/HW-verification/40randomsets/12_rule/SAT_dat.k40.cnf, 0.0
/ubc/cs/project/arrow/projects/Sat_Data/bench/HW-verification/40randomsets/1_14/IBM_FV_2004_rule_batch_1_14_SAT_dat.k85.cnf, 3.69
/ubc/cs/project/arrow/projects/Sat_Data/bench/HW-verification/40randomsets/05_rule/SAT_dat.k70.cnf, 7.34
/ubc/cs/project/arrow/projects/Sat_Data/bench/HW-verification/40randomsets/15_rule/SAT_dat.k90.cnf, 5.39
/ubc/cs/project/arrow/projects/Sat_Data/bench/HW-verification/40randomsets/18/IBM_FV_2004_rule_batch_18_SAT_dat.k40.cnf, 28.45
/ubc/cs/project/arrow/projects/Sat_Data/bench/HW-verification/40randomsets/13_rule_8/SAT_dat.k40.cnf, 3600.0
/ubc/cs/project/arrow/projects/Sat_Data/bench/HW-verification/40randomsets/26/IBM_FV_2004_rule_batch_26_SAT_dat.k55.cnf, 10.16
/ubc/cs/project/arrow/projects/Sat_Data/bench/HW-verification/40randomsets/2_14/IBM_FV_2004_rule_batch_2_14_SAT_dat.k65.cnf, 31.42
/ubc/cs/project/arrow/projects/Sat_Data/bench/HW-verification/40randomsets/12_rule/SAT_dat.k30.cnf, 0.0
/ubc/cs/project/arrow/projects/Sat_Data/bench/HW-verification/40randomsets/06/IBM_FV_2004_rule_batch_06_SAT_dat.k35.cnf, 2.78
/ubc/cs/project/arrow/projects/Sat_Data/bench/HW-verification/40randomsets/02_2/IBM_FV_2004_rule_batch_02_2_SAT_dat.k100.cnf, 1.59
/ubc/cs/project/arrow/projects/Sat_Data/bench/HW-verification/40randomsets/16_2_rule_6/SAT_dat.k55.cnf, 0.66
/ubc/cs/project/arrow/projects/Sat_Data/bench/HW-verification/40randomsets/13_rule_19/SAT_dat.k50.cnf, 3600.0
/ubc/cs/project/arrow/projects/Sat_Data/bench/HW-verification/40randomsets/28_rule/SAT_dat.k25.cnf, 1.35
/ubc/cs/project/arrow/projects/Sat_Data/bench/HW-verification/40randomsets/13_rule_8/SAT_dat.k85.cnf, 3600.0
/ubc/cs/project/arrow/projects/Sat_Data/bench/HW-verification/40randomsets/13_rule_22/SAT_dat.k65.cnf, 3600.0
/ubc/cs/project/arrow/projects/Sat_Data/bench/HW-verification/40randomsets/04_rule/SAT_dat.k60.cnf, 7.88
/ubc/cs/project/arrow/projects/Sat_Data/bench/HW-verification/40randomsets/13_rule_8/SAT_dat.k30.cnf, 3600.0
/ubc/cs/project/arrow/projects/Sat_Data/bench/HW-verification/40randomsets/02_2/IBM_FV_2004_rule_batch_02_2_SAT_dat.k25.cnf, 0.22
/ubc/cs/project/arrow/projects/Sat_Data/bench/HW-verification/40randomsets/05_rule/SAT_dat.k90.cnf, 8.6
/ubc/cs/project/arrow/projects/Sat_Data/bench/HW-verification/40randomsets/26/IBM_FV_2004_rule_batch_26_SAT_dat.k75.cnf, 128.91
/ubc/cs/project/arrow/projects/Sat_Data/bench/HW-verification/40randomsets/13_rule_6/SAT_dat.k10.cnf, 3600.0
/ubc/cs/project/arrow/projects/Sat_Data/bench/HW-verification/40randomsets/26/IBM_FV_2004_rule_batch_26_SAT_dat.k20.cnf, 4.32
/ubc/cs/project/arrow/projects/Sat_Data/bench/HW-verification/40randomsets/2_31_2/IBM_FV_2004_rule_batch_2_31_2_SAT_dat.k90.cnf, 3600.0
/ubc/cs/project/arrow/projects/Sat_Data/bench/HW-verification/40randomsets/13_rule_19/SAT_dat.k40.cnf, 3600.0
/ubc/cs/project/arrow/projects/Sat_Data/bench/HW-verification/40randomsets/26_rule/SAT_dat.k90.cnf, 14.85
/ubc/cs/project/arrow/projects/Sat_Data/bench/HW-verification/40randomsets/1_14/IBM_FV_2004_rule_batch_1_14_SAT_dat.k95.cnf, 22.96
/ubc/cs/project/arrow/projects/Sat_Data/bench/HW-verification/40randomsets/05_rule/SAT_dat.k80.cnf, 7.28
/ubc/cs/project/arrow/projects/Sat_Data/bench/HW-verification/40randomsets/12_rule/SAT_dat.k50.cnf, 0.0
/ubc/cs/project/arrow/projects/Sat_Data/bench/HW-verification/40randomsets/04_rule/SAT_dat.k80.cnf, 32.92
/ubc/cs/project/arrow/projects/Sat_Data/bench/HW-verification/40randomsets/28_rule/SAT_dat.k45.cnf, 2.77
/ubc/cs/project/arrow/projects/Sat_Data/bench/HW-verification/40randomsets/14_rule_2/SAT_dat.k1.cnf, 0.0
/ubc/cs/project/arrow/projects/Sat_Data/bench/HW-verification/40randomsets/13_rule_8/SAT_dat.k50.cnf, 3600.0
/ubc/cs/project/arrow/projects/Sat_Data/bench/HW-verification/40randomsets/13_rule_19/SAT_dat.k100.cnf, 3600.0
/ubc/cs/project/arrow/projects/Sat_Data/bench/HW-verification/40randomsets/1_17_2/IBM_FV_2004_rule_batch_1_17_2_SAT_dat.k100.cnf, 2.26
/ubc/cs/project/arrow/projects/Sat_Data/bench/HW-verification/40randomsets/2_17_1/IBM_FV_2004_rule_batch_2_17_1_SAT_dat.k90.cnf, 4.6
/ubc/cs/project/arrow/projects/Sat_Data/bench/HW-verification/40randomsets/13_rule_19/SAT_dat.k60.cnf, 3600.0
/ubc/cs/project/arrow/projects/Sat_Data/bench/HW-verification/40randomsets/06/IBM_FV_2004_rule_batch_06_SAT_dat.k45.cnf, 1.98
/ubc/cs/project/arrow/projects/Sat_Data/bench/HW-verification/40randomsets/26/IBM_FV_2004_rule_batch_26_SAT_dat.k40.cnf, 23.44
/ubc/cs/project/arrow/projects/Sat_Data/bench/HW-verification/40randomsets/03/IBM_FV_2004_rule_batch_03_SAT_dat.k40.cnf, 0.97
/ubc/cs/project/arrow/projects/Sat_Data/bench/HW-verification/40randomsets/02_2/IBM_FV_2004_rule_batch_02_2_SAT_dat.k35.cnf, 0.35
/ubc/cs/project/arrow/projects/Sat_Data/bench/HW-verification/40randomsets/04_rule/SAT_dat.k70.cnf, 31.3
/ubc/cs/project/arrow/projects/Sat_Data/bench/HW-verification/40randomsets/25_rule/SAT_dat.k80.cnf, 3600.0
/ubc/cs/project/arrow/projects/Sat_Data/bench/HW-verification/40randomsets/28_rule/SAT_dat.k35.cnf, 1.54
/ubc/cs/project/arrow/projects/Sat_Data/bench/HW-verification/40randomsets/16_2_rule_3/SAT_dat.k55.cnf, 0.43
/ubc/cs/project/arrow/projects/Sat_Data/bench/HW-verification/40randomsets/13_rule_22/SAT_dat.k75.cnf, 3600.0
/ubc/cs/project/arrow/projects/Sat_Data/bench/HW-verification/40randomsets/24_1_rule_3/SAT_dat.k100.cnf, 3600.0
/ubc/cs/project/arrow/projects/Sat_Data/bench/HW-verification/40randomsets/26/IBM_FV_2004_rule_batch_26_SAT_dat.k85.cnf, 129.33
/ubc/cs/project/arrow/projects/Sat_Data/bench/HW-verification/40randomsets/26/IBM_FV_2004_rule_batch_26_SAT_dat.k30.cnf, 5.16
/ubc/cs/project/arrow/projects/Sat_Data/bench/HW-verification/40randomsets/12_rule/SAT_dat.k60.cnf, 0.0
/ubc/cs/project/arrow/projects/Sat_Data/bench/HW-verification/40randomsets/12/IBM_FV_2004_rule_batch_12_SAT_dat.k10.cnf, 0.0
/ubc/cs/project/arrow/projects/Sat_Data/bench/HW-verification/40randomsets/2_17_2/IBM_FV_2004_rule_batch_2_17_2_SAT_dat.k45.cnf, 0.85
/ubc/cs/project/arrow/projects/Sat_Data/bench/HW-verification/40randomsets/15/IBM_FV_2004_rule_batch_15_SAT_dat.k15.cnf, 0.64
/ubc/cs/project/arrow/projects/Sat_Data/bench/HW-verification/40randomsets/06/IBM_FV_2004_rule_batch_06_SAT_dat.k10.cnf, 0.04
/ubc/cs/project/arrow/projects/Sat_Data/bench/HW-verification/40randomsets/16_2_rule_5/SAT_dat.k95.cnf, 1.53
/ubc/cs/project/arrow/projects/Sat_Data/bench/HW-verification/40randomsets/16_2_rule_6/SAT_dat.k10.cnf, 0.07
/ubc/cs/project/arrow/projects/Sat_Data/bench/HW-verification/40randomsets/04_rule/SAT_dat.k90.cnf, 31.13
/ubc/cs/project/arrow/projects/Sat_Data/bench/HW-verification/40randomsets/14_rule_2/SAT_dat.k70.cnf, 53.4
/ubc/cs/project/arrow/projects/Sat_Data/bench/HW-verification/40randomsets/02_2/IBM_FV_2004_rule_batch_02_2_SAT_dat.k55.cnf, 0.77
/ubc/cs/project/arrow/projects/Sat_Data/bench/HW-verification/40randomsets/28_rule/SAT_dat.k55.cnf, 3.56
/ubc/cs/project/arrow/projects/Sat_Data/bench/HW-verification/40randomsets/26/IBM_FV_2004_rule_batch_26_SAT_dat.k100.cnf, 235.58
/ubc/cs/project/arrow/projects/Sat_Data/bench/HW-verification/40randomsets/3_16_2/IBM_FV_2004_rule_batch_3_16_2_SAT_dat.k65.cnf, 0.51
/ubc/cs/project/arrow/projects/Sat_Data/bench/HW-verification/40randomsets/13_rule_22/SAT_dat.k95.cnf, 3600.0
/ubc/cs/project/arrow/projects/Sat_Data/bench/HW-verification/40randomsets/26/IBM_FV_2004_rule_batch_26_SAT_dat.k50.cnf, 13.44
/ubc/cs/project/arrow/projects/Sat_Data/bench/HW-verification/40randomsets/03/IBM_FV_2004_rule_batch_03_SAT_dat.k50.cnf, 2.39
/ubc/cs/project/arrow/projects/Sat_Data/bench/HW-verification/40randomsets/13_rule_19/SAT_dat.k70.cnf, 3600.0
/ubc/cs/project/arrow/projects/Sat_Data/bench/HW-verification/40randomsets/26_rule/SAT_dat.k25.cnf, 4.59
/ubc/cs/project/arrow/projects/Sat_Data/bench/HW-verification/40randomsets/09_rule/SAT_dat.k15.cnf, 0.16
/ubc/cs/project/arrow/projects/Sat_Data/bench/HW-verification/40randomsets/18/IBM_FV_2004_rule_batch_18_SAT_dat.k75.cnf, 72.11
/ubc/cs/project/arrow/projects/Sat_Data/bench/HW-verification/40randomsets/25_rule/SAT_dat.k90.cnf, 3600.0
/ubc/cs/project/arrow/projects/Sat_Data/bench/HW-verification/40randomsets/16_2_rule_3/SAT_dat.k65.cnf, 0.59
/ubc/cs/project/arrow/projects/Sat_Data/bench/HW-verification/40randomsets/13_rule_22/SAT_dat.k85.cnf, 3600.0
/ubc/cs/project/arrow/projects/Sat_Data/bench/HW-verification/40randomsets/12/IBM_FV_2004_rule_batch_12_SAT_dat.k30.cnf, 0.0
/ubc/cs/project/arrow/projects/Sat_Data/bench/HW-verification/40randomsets/02_2/IBM_FV_2004_rule_batch_02_2_SAT_dat.k45.cnf, 0.65
/ubc/cs/project/arrow/projects/Sat_Data/bench/HW-verification/40randomsets/2_17_1/IBM_FV_2004_rule_batch_2_17_1_SAT_dat.k25.cnf, 0.49
/ubc/cs/project/arrow/projects/Sat_Data/bench/HW-verification/40randomsets/26_rule/SAT_dat.k15.cnf, 2.67
/ubc/cs/project/arrow/projects/Sat_Data/bench/HW-verification/40randomsets/02_1_rule_5/SAT_dat.k75.cnf, 1.33
/ubc/cs/project/arrow/projects/Sat_Data/bench/HW-verification/40randomsets/03/IBM_FV_2004_rule_batch_03_SAT_dat.k70.cnf, 4.94
/ubc/cs/project/arrow/projects/Sat_Data/bench/HW-verification/40randomsets/06/IBM_FV_2004_rule_batch_06_SAT_dat.k20.cnf, 0.5
/ubc/cs/project/arrow/projects/Sat_Data/bench/HW-verification/40randomsets/13_rule_6/SAT_dat.k45.cnf, 3600.0
/ubc/cs/project/arrow/projects/Sat_Data/bench/HW-verification/40randomsets/25_rule/SAT_dat.k15.cnf, 3600.0
/ubc/cs/project/arrow/projects/Sat_Data/bench/HW-verification/40randomsets/2_17_2/IBM_FV_2004_rule_batch_2_17_2_SAT_dat.k55.cnf, 1.08
/ubc/cs/project/arrow/projects/Sat_Data/bench/HW-verification/40randomsets/12/IBM_FV_2004_rule_batch_12_SAT_dat.k20.cnf, 0.0
/ubc/cs/project/arrow/projects/Sat_Data/bench/HW-verification/40randomsets/02_2/IBM_FV_2004_rule_batch_02_2_SAT_dat.k10.cnf, 0.06
/ubc/cs/project/arrow/projects/Sat_Data/bench/HW-verification/40randomsets/16_2_rule_6/SAT_dat.k20.cnf, 0.15
/ubc/cs/project/arrow/projects/Sat_Data/bench/HW-verification/40randomsets/16_2_rule_3/SAT_dat.k30.cnf, 0.19
/ubc/cs/project/arrow/projects/Sat_Data/bench/HW-verification/40randomsets/28_rule/SAT_dat.k65.cnf, 3.61
/ubc/cs/project/arrow/projects/Sat_Data/bench/HW-verification/40randomsets/16_2_rule_3/SAT_dat.k85.cnf, 0.84
/ubc/cs/project/arrow/projects/Sat_Data/bench/HW-verification/40randomsets/3_16_2/IBM_FV_2004_rule_batch_3_16_2_SAT_dat.k75.cnf, 0.59
/ubc/cs/project/arrow/projects/Sat_Data/bench/HW-verification/40randomsets/2_17_1/IBM_FV_2004_rule_batch_2_17_1_SAT_dat.k15.cnf, 0.18
/ubc/cs/project/arrow/projects/Sat_Data/bench/HW-verification/40randomsets/14_rule_2/SAT_dat.k80.cnf, 78.02
/ubc/cs/project/arrow/projects/Sat_Data/bench/HW-verification/40randomsets/02_2/IBM_FV_2004_rule_batch_02_2_SAT_dat.k65.cnf, 0.9
/ubc/cs/project/arrow/projects/Sat_Data/bench/HW-verification/40randomsets/09_rule/SAT_dat.k25.cnf, 0.3
/ubc/cs/project/arrow/projects/Sat_Data/bench/HW-verification/40randomsets/26_rule/SAT_dat.k35.cnf, 5.94
/ubc/cs/project/arrow/projects/Sat_Data/bench/HW-verification/40randomsets/02_1_rule_5/SAT_dat.k40.cnf, 0.55
/ubc/cs/project/arrow/projects/Sat_Data/bench/HW-verification/40randomsets/02_1_rule_5/SAT_dat.k95.cnf, 1.81
/ubc/cs/project/arrow/projects/Sat_Data/bench/HW-verification/40randomsets/22_rule/SAT_dat.k50.cnf, 35.15
/ubc/cs/project/arrow/projects/Sat_Data/bench/HW-verification/40randomsets/26/IBM_FV_2004_rule_batch_26_SAT_dat.k60.cnf, 10.3
/ubc/cs/project/arrow/projects/Sat_Data/bench/HW-verification/40randomsets/03/IBM_FV_2004_rule_batch_03_SAT_dat.k60.cnf, 3.27
/ubc/cs/project/arrow/projects/Sat_Data/bench/HW-verification/40randomsets/18/IBM_FV_2004_rule_batch_18_SAT_dat.k85.cnf, 140.45
/ubc/cs/project/arrow/projects/Sat_Data/bench/HW-verification/40randomsets/2_17_2/IBM_FV_2004_rule_batch_2_17_2_SAT_dat.k75.cnf, 1.59
/ubc/cs/project/arrow/projects/Sat_Data/bench/HW-verification/40randomsets/31_1_rule_2/SAT_dat.k35.cnf, 3600.0
/ubc/cs/project/arrow/projects/Sat_Data/bench/HW-verification/40randomsets/12/IBM_FV_2004_rule_batch_12_SAT_dat.k40.cnf, 0.0
/ubc/cs/project/arrow/projects/Sat_Data/bench/HW-verification/40randomsets/16_2_rule_5/SAT_dat.k70.cnf, 0.93
/ubc/cs/project/arrow/projects/Sat_Data/bench/HW-verification/40randomsets/16_2_rule_3/SAT_dat.k75.cnf, 0.72
/ubc/cs/project/arrow/projects/Sat_Data/bench/HW-verification/40randomsets/2_17_2/IBM_FV_2004_rule_batch_2_17_2_SAT_dat.k20.cnf, 0.27
/ubc/cs/project/arrow/projects/Sat_Data/bench/HW-verification/40randomsets/3_16_2/IBM_FV_2004_rule_batch_3_16_2_SAT_dat.k95.cnf, 0.81
/ubc/cs/project/arrow/projects/Sat_Data/bench/HW-verification/40randomsets/02_2/IBM_FV_2004_rule_batch_02_2_SAT_dat.k30.cnf, 0.33
/ubc/cs/project/arrow/projects/Sat_Data/bench/HW-verification/40randomsets/02_1_rule_5/SAT_dat.k85.cnf, 1.51
/ubc/cs/project/arrow/projects/Sat_Data/bench/HW-verification/40randomsets/3_16_2/IBM_FV_2004_rule_batch_3_16_2_SAT_dat.k40.cnf, 0.24
/ubc/cs/project/arrow/projects/Sat_Data/bench/HW-verification/40randomsets/2_17_1/IBM_FV_2004_rule_batch_2_17_1_SAT_dat.k35.cnf, 0.9
/ubc/cs/project/arrow/projects/Sat_Data/bench/HW-verification/40randomsets/13_rule_7/SAT_dat.k100.cnf, 3600.0
/ubc/cs/project/arrow/projects/Sat_Data/bench/HW-verification/40randomsets/03/IBM_FV_2004_rule_batch_03_SAT_dat.k80.cnf, 5.49
/ubc/cs/project/arrow/projects/Sat_Data/bench/HW-verification/40randomsets/21_rule/SAT_dat.k40.cnf, 3.54
/ubc/cs/project/arrow/projects/Sat_Data/bench/HW-verification/40randomsets/2_17_2/IBM_FV_2004_rule_batch_2_17_2_SAT_dat.k65.cnf, 1.36
/ubc/cs/project/arrow/projects/Sat_Data/bench/HW-verification/40randomsets/1_17_2/IBM_FV_2004_rule_batch_1_17_2_SAT_dat.k10.cnf, 0.02
/ubc/cs/project/arrow/projects/Sat_Data/bench/HW-verification/40randomsets/13_rule_6/SAT_dat.k55.cnf, 3600.0
/ubc/cs/project/arrow/projects/Sat_Data/bench/HW-verification/40randomsets/25_rule/SAT_dat.k25.cnf, 3600.0
/ubc/cs/project/arrow/projects/Sat_Data/bench/HW-verification/40randomsets/18/IBM_FV_2004_rule_batch_18_SAT_dat.k50.cnf, 31.09
/ubc/cs/project/arrow/projects/Sat_Data/bench/HW-verification/40randomsets/09_rule/SAT_dat.k45.cnf, 0.64
/ubc/cs/project/arrow/projects/Sat_Data/bench/HW-verification/40randomsets/16_2_rule_3/SAT_dat.k95.cnf, 0.95
/ubc/cs/project/arrow/projects/Sat_Data/bench/HW-verification/40randomsets/14_rule_2/SAT_dat.k90.cnf, 177.34
/ubc/cs/project/arrow/projects/Sat_Data/bench/HW-verification/40randomsets/12_rule/SAT_dat.k95.cnf, 0.0
/ubc/cs/project/arrow/projects/Sat_Data/bench/HW-verification/40randomsets/02_2/IBM_FV_2004_rule_batch_02_2_SAT_dat.k75.cnf, 1.28
/ubc/cs/project/arrow/projects/Sat_Data/bench/HW-verification/40randomsets/02_2/IBM_FV_2004_rule_batch_02_2_SAT_dat.k20.cnf, 0.17
/ubc/cs/project/arrow/projects/Sat_Data/bench/HW-verification/40randomsets/16_2_rule_6/SAT_dat.k30.cnf, 0.28
/ubc/cs/project/arrow/projects/Sat_Data/bench/HW-verification/40randomsets/18_rule/SAT_dat.k35.cnf, 14.73
/ubc/cs/project/arrow/projects/Sat_Data/bench/HW-verification/40randomsets/3_16_2/IBM_FV_2004_rule_batch_3_16_2_SAT_dat.k85.cnf, 0.7
/ubc/cs/project/arrow/projects/Sat_Data/bench/HW-verification/40randomsets/16_2_rule_3/SAT_dat.k40.cnf, 0.32
/ubc/cs/project/arrow/projects/Sat_Data/bench/HW-verification/40randomsets/2_17_2/IBM_FV_2004_rule_batch_2_17_2_SAT_dat.k40.cnf, 0.74
/ubc/cs/project/arrow/projects/Sat_Data/bench/HW-verification/40randomsets/26_rule/SAT_dat.k45.cnf, 8.05
/ubc/cs/project/arrow/projects/Sat_Data/bench/HW-verification/40randomsets/09_rule/SAT_dat.k35.cnf, 0.48
/ubc/cs/project/arrow/projects/Sat_Data/bench/HW-verification/40randomsets/13_rule_22/SAT_dat.k40.cnf, 3600.0
/ubc/cs/project/arrow/projects/Sat_Data/bench/HW-verification/40randomsets/13_rule_8/SAT_dat.k95.cnf, 3600.0
/ubc/cs/project/arrow/projects/Sat_Data/bench/HW-verification/40randomsets/18/IBM_FV_2004_rule_batch_18_SAT_dat.k95.cnf, 135.14
/ubc/cs/project/arrow/projects/Sat_Data/bench/HW-verification/40randomsets/22_rule/SAT_dat.k60.cnf, 58.69
/ubc/cs/project/arrow/projects/Sat_Data/bench/HW-verification/40randomsets/12/IBM_FV_2004_rule_batch_12_SAT_dat.k50.cnf, 0.0
/ubc/cs/project/arrow/projects/Sat_Data/bench/HW-verification/40randomsets/13_rule_6/SAT_dat.k20.cnf, 3600.0
/ubc/cs/project/arrow/projects/Sat_Data/bench/HW-verification/40randomsets/2_17_2/IBM_FV_2004_rule_batch_2_17_2_SAT_dat.k85.cnf, 1.94
/ubc/cs/project/arrow/projects/Sat_Data/bench/HW-verification/40randomsets/16_2_rule_5/SAT_dat.k80.cnf, 1.14
/ubc/cs/project/arrow/projects/Sat_Data/bench/HW-verification/40randomsets/13_rule_6/SAT_dat.k75.cnf, 3600.0
/ubc/cs/project/arrow/projects/Sat_Data/bench/HW-verification/40randomsets/2_17_2/IBM_FV_2004_rule_batch_2_17_2_SAT_dat.k30.cnf, 0.47
/ubc/cs/project/arrow/projects/Sat_Data/bench/HW-verification/40randomsets/31_1_rule_2/SAT_dat.k45.cnf, 3600.0
/ubc/cs/project/arrow/projects/Sat_Data/bench/HW-verification/40randomsets/02_2/IBM_FV_2004_rule_batch_02_2_SAT_dat.k40.cnf, 0.5
/ubc/cs/project/arrow/projects/Sat_Data/bench/HW-verification/40randomsets/2_17_1/IBM_FV_2004_rule_batch_2_17_1_SAT_dat.k45.cnf, 1.73
/ubc/cs/project/arrow/projects/Sat_Data/bench/HW-verification/40randomsets/14_rule_2/SAT_dat.k15.cnf, 0.58
/ubc/cs/project/arrow/projects/Sat_Data/bench/HW-verification/40randomsets/16_2_rule_3/SAT_dat.k60.cnf, 0.54
/ubc/cs/project/arrow/projects/Sat_Data/bench/HW-verification/40randomsets/2_14/IBM_FV_2004_rule_batch_2_14_SAT_dat.k20.cnf, 1.0
/ubc/cs/project/arrow/projects/Sat_Data/bench/HW-verification/40randomsets/3_16_2/IBM_FV_2004_rule_batch_3_16_2_SAT_dat.k50.cnf, 0.36
/ubc/cs/project/arrow/projects/Sat_Data/bench/HW-verification/40randomsets/03/IBM_FV_2004_rule_batch_03_SAT_dat.k90.cnf, 12.19
/ubc/cs/project/arrow/projects/Sat_Data/bench/HW-verification/40randomsets/13_rule_6/SAT_dat.k65.cnf, 3600.0
/ubc/cs/project/arrow/projects/Sat_Data/bench/HW-verification/40randomsets/22_rule/SAT_dat.k80.cnf, 237.73
/ubc/cs/project/arrow/projects/Sat_Data/bench/HW-verification/40randomsets/25_rule/SAT_dat.k35.cnf, 3600.0
/ubc/cs/project/arrow/projects/Sat_Data/bench/HW-verification/40randomsets/09_rule/SAT_dat.k55.cnf, 0.82
/ubc/cs/project/arrow/projects/Sat_Data/bench/HW-verification/40randomsets/1_17_2/IBM_FV_2004_rule_batch_1_17_2_SAT_dat.k20.cnf, 0.27
/ubc/cs/project/arrow/projects/Sat_Data/bench/HW-verification/40randomsets/18/IBM_FV_2004_rule_batch_18_SAT_dat.k60.cnf, 23.16
/ubc/cs/project/arrow/projects/Sat_Data/bench/HW-verification/40randomsets/13_rule_8/SAT_dat.k60.cnf, 3600.0
/ubc/cs/project/arrow/projects/Sat_Data/bench/HW-verification/40randomsets/21_rule/SAT_dat.k50.cnf, 6.52
/ubc/cs/project/arrow/projects/Sat_Data/bench/HW-verification/40randomsets/16_2_rule_3/SAT_dat.k50.cnf, 0.4
/ubc/cs/project/arrow/projects/Sat_Data/bench/HW-verification/40randomsets/31_1_rule_2/SAT_dat.k65.cnf, 3600.0
/ubc/cs/project/arrow/projects/Sat_Data/bench/HW-verification/40randomsets/06/IBM_FV_2004_rule_batch_06_SAT_dat.k55.cnf, 2.88
/ubc/cs/project/arrow/projects/Sat_Data/bench/HW-verification/40randomsets/2_14/IBM_FV_2004_rule_batch_2_14_SAT_dat.k10.cnf, 0.22
/ubc/cs/project/arrow/projects/Sat_Data/bench/HW-verification/40randomsets/2_17_2/IBM_FV_2004_rule_batch_2_17_2_SAT_dat.k50.cnf, 0.97
/ubc/cs/project/arrow/projects/Sat_Data/bench/HW-verification/40randomsets/3_16_2/IBM_FV_2004_rule_batch_3_16_2_SAT_dat.k70.cnf, 0.52
/ubc/cs/project/arrow/projects/Sat_Data/bench/HW-verification/40randomsets/22_rule/SAT_dat.k70.cnf, 89.61
/ubc/cs/project/arrow/projects/Sat_Data/bench/HW-verification/40randomsets/26/IBM_FV_2004_rule_batch_26_SAT_dat.k95.cnf, 18.53
/ubc/cs/project/arrow/projects/Sat_Data/bench/HW-verification/40randomsets/13_rule_6/SAT_dat.k85.cnf, 3600.0
/ubc/cs/project/arrow/projects/Sat_Data/bench/HW-verification/40randomsets/21_rule/SAT_dat.k70.cnf, 7.79
/ubc/cs/project/arrow/projects/Sat_Data/bench/HW-verification/40randomsets/31_1_rule_2/SAT_dat.k55.cnf, 3600.0
/ubc/cs/project/arrow/projects/Sat_Data/bench/HW-verification/40randomsets/13_rule_6/SAT_dat.k30.cnf, 3600.0
/ubc/cs/project/arrow/projects/Sat_Data/bench/HW-verification/40randomsets/16_2_rule_5/SAT_dat.k90.cnf, 1.43
/ubc/cs/project/arrow/projects/Sat_Data/bench/HW-verification/40randomsets/1_14/IBM_FV_2004_rule_batch_1_14_SAT_dat.k50.cnf, 2.56
/ubc/cs/project/arrow/projects/Sat_Data/bench/HW-verification/40randomsets/18/IBM_FV_2004_rule_batch_18_SAT_dat.k80.cnf, 22.33
/ubc/cs/project/arrow/projects/Sat_Data/bench/HW-verification/40randomsets/13_rule_24/SAT_dat.k1.cnf, 0.02
/ubc/cs/project/arrow/projects/Sat_Data/bench/HW-verification/40randomsets/09_rule/SAT_dat.k20.cnf, 0.23
/ubc/cs/project/arrow/projects/Sat_Data/bench/HW-verification/40randomsets/12_rule/SAT_dat.k70.cnf, 0.0
/ubc/cs/project/arrow/projects/Sat_Data/bench/HW-verification/40randomsets/2_14/IBM_FV_2004_rule_batch_2_14_SAT_dat.k30.cnf, 4.52
/ubc/cs/project/arrow/projects/Sat_Data/bench/HW-verification/40randomsets/3_16_2/IBM_FV_2004_rule_batch_3_16_2_SAT_dat.k60.cnf, 0.43
/ubc/cs/project/arrow/projects/Sat_Data/bench/HW-verification/40randomsets/16_2_rule_3/SAT_dat.k70.cnf, 0.67
/ubc/cs/project/arrow/projects/Sat_Data/bench/HW-verification/40randomsets/15/IBM_FV_2004_rule_batch_15_SAT_dat.k25.cnf, 1.34
/ubc/cs/project/arrow/projects/Sat_Data/bench/HW-verification/40randomsets/02_2/IBM_FV_2004_rule_batch_02_2_SAT_dat.k50.cnf, 0.55
/ubc/cs/project/arrow/projects/Sat_Data/bench/HW-verification/40randomsets/14_rule_2/SAT_dat.k25.cnf, 2.17
/ubc/cs/project/arrow/projects/Sat_Data/bench/HW-verification/40randomsets/13_rule_19/SAT_dat.k80.cnf, 3600.0
/ubc/cs/project/arrow/projects/Sat_Data/bench/HW-verification/40randomsets/09_rule/SAT_dat.k65.cnf, 0.98
/ubc/cs/project/arrow/projects/Sat_Data/bench/HW-verification/40randomsets/24_1_rule_3/SAT_dat.k25.cnf, 49.73
/ubc/cs/project/arrow/projects/Sat_Data/bench/HW-verification/40randomsets/09_rule/SAT_dat.k10.cnf, 0.07
/ubc/cs/project/arrow/projects/Sat_Data/bench/HW-verification/40randomsets/18/IBM_FV_2004_rule_batch_18_SAT_dat.k70.cnf, 99.29
/ubc/cs/project/arrow/projects/Sat_Data/bench/HW-verification/40randomsets/21_rule/SAT_dat.k60.cnf, 10.54
/ubc/cs/project/arrow/projects/Sat_Data/bench/HW-verification/40randomsets/22_rule/SAT_dat.k90.cnf, 404.75
/ubc/cs/project/arrow/projects/Sat_Data/bench/HW-verification/40randomsets/1_17_2/IBM_FV_2004_rule_batch_1_17_2_SAT_dat.k30.cnf, 0.47
/ubc/cs/project/arrow/projects/Sat_Data/bench/HW-verification/40randomsets/13_rule_8/SAT_dat.k70.cnf, 3600.0
/ubc/cs/project/arrow/projects/Sat_Data/bench/HW-verification/40randomsets/31_1_rule_2/SAT_dat.k75.cnf, 3600.0
/ubc/cs/project/arrow/projects/Sat_Data/bench/HW-verification/40randomsets/1_13/IBM_FV_2004_rule_batch_1_13_SAT_dat.k100.cnf, 1.16
/ubc/cs/project/arrow/projects/Sat_Data/bench/HW-verification/40randomsets/06/IBM_FV_2004_rule_batch_06_SAT_dat.k65.cnf, 4.38
/ubc/cs/project/arrow/projects/Sat_Data/bench/HW-verification/40randomsets/2_17_2/IBM_FV_2004_rule_batch_2_17_2_SAT_dat.k60.cnf, 1.3
/ubc/cs/project/arrow/projects/Sat_Data/bench/HW-verification/40randomsets/16_2_rule_3/SAT_dat.k100.cnf, 1.13
/ubc/cs/project/arrow/projects/Sat_Data/bench/HW-verification/40randomsets/13_rule_6/SAT_dat.k50.cnf, 3600.0
/ubc/cs/project/arrow/projects/Sat_Data/bench/HW-verification/40randomsets/3_16_2/IBM_FV_2004_rule_batch_3_16_2_SAT_dat.k80.cnf, 0.86
/ubc/cs/project/arrow/projects/Sat_Data/bench/HW-verification/40randomsets/16_2_rule_6/SAT_dat.k65.cnf, 0.84
/ubc/cs/project/arrow/projects/Sat_Data/bench/HW-verification/40randomsets/13_rule_19/SAT_dat.k1.cnf, 0.02
/ubc/cs/project/arrow/projects/Sat_Data/bench/HW-verification/40randomsets/1_14/IBM_FV_2004_rule_batch_1_14_SAT_dat.k100.cnf, 12.99
/ubc/cs/project/arrow/projects/Sat_Data/bench/HW-verification/40randomsets/15/IBM_FV_2004_rule_batch_15_SAT_dat.k45.cnf, 2.68
/ubc/cs/project/arrow/projects/Sat_Data/bench/HW-verification/40randomsets/21_rule/SAT_dat.k80.cnf, 19.8
/ubc/cs/project/arrow/projects/Sat_Data/bench/HW-verification/40randomsets/13_rule_8/SAT_dat.k90.cnf, 3600.0
/ubc/cs/project/arrow/projects/Sat_Data/bench/HW-verification/40randomsets/13_rule_6/SAT_dat.k95.cnf, 3600.0
/ubc/cs/project/arrow/projects/Sat_Data/bench/HW-verification/40randomsets/1_14/IBM_FV_2004_rule_batch_1_14_SAT_dat.k60.cnf, 4.48
/ubc/cs/project/arrow/projects/Sat_Data/bench/HW-verification/40randomsets/2_17_2/IBM_FV_2004_rule_batch_2_17_2_SAT_dat.k100.cnf, 2.42
/ubc/cs/project/arrow/projects/Sat_Data/bench/HW-verification/40randomsets/1_13/IBM_FV_2004_rule_batch_1_13_SAT_dat.k90.cnf, 0.9
/ubc/cs/project/arrow/projects/Sat_Data/bench/HW-verification/40randomsets/18/IBM_FV_2004_rule_batch_18_SAT_dat.k90.cnf, 62.74
/ubc/cs/project/arrow/projects/Sat_Data/bench/HW-verification/40randomsets/13_rule_6/SAT_dat.k40.cnf, 3600.0
/ubc/cs/project/arrow/projects/Sat_Data/bench/HW-verification/40randomsets/09_rule/SAT_dat.k30.cnf, 0.39
/ubc/cs/project/arrow/projects/Sat_Data/bench/HW-verification/40randomsets/06/IBM_FV_2004_rule_batch_06_SAT_dat.k85.cnf, 7.08
/ubc/cs/project/arrow/projects/Sat_Data/bench/HW-verification/40randomsets/15/IBM_FV_2004_rule_batch_15_SAT_dat.k35.cnf, 1.97
/ubc/cs/project/arrow/projects/Sat_Data/bench/HW-verification/40randomsets/12/IBM_FV_2004_rule_batch_12_SAT_dat.k85.cnf, 0.0
/ubc/cs/project/arrow/projects/Sat_Data/bench/HW-verification/40randomsets/12_rule/SAT_dat.k80.cnf, 0.0
/ubc/cs/project/arrow/projects/Sat_Data/bench/HW-verification/40randomsets/2_14/IBM_FV_2004_rule_batch_2_14_SAT_dat.k40.cnf, 10.54
/ubc/cs/project/arrow/projects/Sat_Data/bench/HW-verification/40randomsets/24_1_rule_3/SAT_dat.k35.cnf, 1460.43
/ubc/cs/project/arrow/projects/Sat_Data/bench/HW-verification/40randomsets/13_rule_19/SAT_dat.k90.cnf, 3600.0
/ubc/cs/project/arrow/projects/Sat_Data/bench/HW-verification/40randomsets/13_rule_8/SAT_dat.k80.cnf, 3600.0
/ubc/cs/project/arrow/projects/Sat_Data/bench/HW-verification/40randomsets/13_rule_6/SAT_dat.k60.cnf, 3600.0
/ubc/cs/project/arrow/projects/Sat_Data/bench/HW-verification/40randomsets/1_14/IBM_FV_2004_rule_batch_1_14_SAT_dat.k80.cnf, 3.39
/ubc/cs/project/arrow/projects/Sat_Data/bench/HW-verification/40randomsets/31_1_rule_2/SAT_dat.k85.cnf, 3600.0
/ubc/cs/project/arrow/projects/Sat_Data/bench/HW-verification/40randomsets/06/IBM_FV_2004_rule_batch_06_SAT_dat.k75.cnf, 10.04
/ubc/cs/project/arrow/projects/Sat_Data/bench/HW-verification/40randomsets/16_2_rule_6/SAT_dat.k75.cnf, 0.96
/ubc/cs/project/arrow/projects/Sat_Data/bench/HW-verification/40randomsets/15/IBM_FV_2004_rule_batch_15_SAT_dat.k55.cnf, 4.38
/ubc/cs/project/arrow/projects/Sat_Data/bench/HW-verification/40randomsets/13_rule_7/SAT_dat.k15.cnf, 3600.0
/ubc/cs/project/arrow/projects/Sat_Data/bench/HW-verification/40randomsets/05_rule/SAT_dat.k15.cnf, 0.44
/ubc/cs/project/arrow/projects/Sat_Data/bench/HW-verification/40randomsets/3_16_2/IBM_FV_2004_rule_batch_3_16_2_SAT_dat.k90.cnf, 0.73
/ubc/cs/project/arrow/projects/Sat_Data/bench/HW-verification/40randomsets/1_14/IBM_FV_2004_rule_batch_1_14_SAT_dat.k70.cnf, 3.14
/ubc/cs/project/arrow/projects/Sat_Data/bench/HW-verification/40randomsets/24_1_rule_3/SAT_dat.k55.cnf, 3600.0
/ubc/cs/project/arrow/projects/Sat_Data/bench/HW-verification/40randomsets/21_rule/SAT_dat.k90.cnf, 22.27
/ubc/cs/project/arrow/projects/Sat_Data/bench/HW-verification/40randomsets/28_rule/SAT_dat.k20.cnf, 0.78
/ubc/cs/project/arrow/projects/Sat_Data/bench/HW-verification/40randomsets/2_17_1/IBM_FV_2004_rule_batch_2_17_1_SAT_dat.k100.cnf, 4.77
/ubc/cs/project/arrow/projects/Sat_Data/bench/HW-verification/40randomsets/12/IBM_FV_2004_rule_batch_12_SAT_dat.k95.cnf, 0.0
/ubc/cs/project/arrow/projects/Sat_Data/bench/HW-verification/40randomsets/06/IBM_FV_2004_rule_batch_06_SAT_dat.k95.cnf, 9.83
/ubc/cs/project/arrow/projects/Sat_Data/bench/HW-verification/40randomsets/2_31_2/IBM_FV_2004_rule_batch_2_31_2_SAT_dat.k15.cnf, 0.89
/ubc/cs/project/arrow/projects/Sat_Data/bench/HW-verification/40randomsets/12_rule/SAT_dat.k90.cnf, 0.0
/ubc/cs/project/arrow/projects/Sat_Data/bench/HW-verification/40randomsets/28_rule/SAT_dat.k1.cnf, 0.0
/ubc/cs/project/arrow/projects/Sat_Data/bench/HW-verification/40randomsets/16_2_rule_6/SAT_dat.k95.cnf, 1.62
/ubc/cs/project/arrow/projects/Sat_Data/bench/HW-verification/40randomsets/13_rule_7/SAT_dat.k35.cnf, 3600.0
/ubc/cs/project/arrow/projects/Sat_Data/bench/HW-verification/40randomsets/02_2/IBM_FV_2004_rule_batch_02_2_SAT_dat.k85.cnf, 1.29
/ubc/cs/project/arrow/projects/Sat_Data/bench/HW-verification/40randomsets/16_2_rule_6/SAT_dat.k40.cnf, 0.42
/ubc/cs/project/arrow/projects/Sat_Data/bench/HW-verification/40randomsets/18_rule/SAT_dat.k45.cnf, 32.88
/ubc/cs/project/arrow/projects/Sat_Data/bench/HW-verification/40randomsets/24_1_rule_3/SAT_dat.k45.cnf, 3600.0
/ubc/cs/project/arrow/projects/Sat_Data/bench/HW-verification/40randomsets/28_rule/SAT_dat.k10.cnf, 0.78
/ubc/cs/project/arrow/projects/Sat_Data/bench/HW-verification/40randomsets/13_rule_22/SAT_dat.k50.cnf, 3600.0
/ubc/cs/project/arrow/projects/Sat_Data/bench/HW-verification/40randomsets/13_rule_6/SAT_dat.k70.cnf, 3600.0
/ubc/cs/project/arrow/projects/Sat_Data/bench/HW-verification/40randomsets/1_17_2/IBM_FV_2004_rule_batch_1_17_2_SAT_dat.k65.cnf, 1.36
/ubc/cs/project/arrow/projects/Sat_Data/bench/HW-verification/40randomsets/1_14/IBM_FV_2004_rule_batch_1_14_SAT_dat.k90.cnf, 6.75
/ubc/cs/project/arrow/projects/Sat_Data/bench/HW-verification/40randomsets/2_31_2/IBM_FV_2004_rule_batch_2_31_2_SAT_dat.k35.cnf, 3600.0
/ubc/cs/project/arrow/projects/Sat_Data/bench/HW-verification/40randomsets/05_rule/SAT_dat.k25.cnf, 1.09
/ubc/cs/project/arrow/projects/Sat_Data/bench/HW-verification/40randomsets/13_rule_7/SAT_dat.k25.cnf, 3600.0
/ubc/cs/project/arrow/projects/Sat_Data/bench/HW-verification/40randomsets/2_17_2/IBM_FV_2004_rule_batch_2_17_2_SAT_dat.k95.cnf, 2.04
/ubc/cs/project/arrow/projects/Sat_Data/bench/HW-verification/40randomsets/1_13/IBM_FV_2004_rule_batch_1_13_SAT_dat.k15.cnf, 0.81
/ubc/cs/project/arrow/projects/Sat_Data/bench/HW-verification/40randomsets/12/IBM_FV_2004_rule_batch_12_SAT_dat.k60.cnf, 0.0
/ubc/cs/project/arrow/projects/Sat_Data/bench/HW-verification/40randomsets/16_2_rule_6/SAT_dat.k85.cnf, 1.23
/ubc/cs/project/arrow/projects/Sat_Data/bench/HW-verification/40randomsets/15/IBM_FV_2004_rule_batch_15_SAT_dat.k65.cnf, 4.05
/ubc/cs/project/arrow/projects/Sat_Data/bench/HW-verification/40randomsets/18_rule/SAT_dat.k10.cnf, 0.37
/ubc/cs/project/arrow/projects/Sat_Data/bench/HW-verification/40randomsets/18_rule/SAT_dat.k65.cnf, 118.45
/ubc/cs/project/arrow/projects/Sat_Data/bench/HW-verification/40randomsets/24_1_rule_3/SAT_dat.k10.cnf, 0.82
/ubc/cs/project/arrow/projects/Sat_Data/bench/HW-verification/40randomsets/24_1_rule_3/SAT_dat.k65.cnf, 3600.0
/ubc/cs/project/arrow/projects/Sat_Data/bench/HW-verification/40randomsets/16_2_rule_6/SAT_dat.k60.cnf, 0.81
/ubc/cs/project/arrow/projects/Sat_Data/bench/HW-verification/40randomsets/13_rule_24/SAT_dat.k90.cnf, 3600.0
/ubc/cs/project/arrow/projects/Sat_Data/bench/HW-verification/40randomsets/28_rule/SAT_dat.k30.cnf, 0.6
/ubc/cs/project/arrow/projects/Sat_Data/bench/HW-verification/40randomsets/13_rule_22/SAT_dat.k70.cnf, 3600.0
/ubc/cs/project/arrow/projects/Sat_Data/bench/HW-verification/40randomsets/2_31_2/IBM_FV_2004_rule_batch_2_31_2_SAT_dat.k25.cnf, 445.03
/ubc/cs/project/arrow/projects/Sat_Data/bench/HW-verification/40randomsets/26_rule/SAT_dat.k1.cnf, 0.12
/ubc/cs/project/arrow/projects/Sat_Data/bench/HW-verification/40randomsets/16_2_rule_6/SAT_dat.k50.cnf, 0.59
/ubc/cs/project/arrow/projects/Sat_Data/bench/HW-verification/40randomsets/18_rule/SAT_dat.k55.cnf, 95.96
/ubc/cs/project/arrow/projects/Sat_Data/bench/HW-verification/40randomsets/1_13/IBM_FV_2004_rule_batch_1_13_SAT_dat.k35.cnf, 0.74
/ubc/cs/project/arrow/projects/Sat_Data/bench/HW-verification/40randomsets/02_2/IBM_FV_2004_rule_batch_02_2_SAT_dat.k95.cnf, 2.17
/ubc/cs/project/arrow/projects/Sat_Data/bench/HW-verification/40randomsets/13_rule_7/SAT_dat.k45.cnf, 3600.0
/ubc/cs/project/arrow/projects/Sat_Data/bench/HW-verification/40randomsets/04_rule/SAT_dat.k15.cnf, 0.2
/ubc/cs/project/arrow/projects/Sat_Data/bench/HW-verification/40randomsets/2_14/IBM_FV_2004_rule_batch_2_14_SAT_dat.k75.cnf, 101.34
/ubc/cs/project/arrow/projects/Sat_Data/bench/HW-verification/40randomsets/24_1_rule_3/SAT_dat.k30.cnf, 337.03
/ubc/cs/project/arrow/projects/Sat_Data/bench/HW-verification/40randomsets/13_rule_22/SAT_dat.k60.cnf, 3600.0
/ubc/cs/project/arrow/projects/Sat_Data/bench/HW-verification/40randomsets/1_17_2/IBM_FV_2004_rule_batch_1_17_2_SAT_dat.k75.cnf, 1.56
/ubc/cs/project/arrow/projects/Sat_Data/bench/HW-verification/40randomsets/18_rule/SAT_dat.k1.cnf, 0.0
/ubc/cs/project/arrow/projects/Sat_Data/bench/HW-verification/40randomsets/22_rule/SAT_dat.k1.cnf, 0.0
/ubc/cs/project/arrow/projects/Sat_Data/bench/HW-verification/40randomsets/12/IBM_FV_2004_rule_batch_12_SAT_dat.k70.cnf, 0.0
/ubc/cs/project/arrow/projects/Sat_Data/bench/HW-verification/40randomsets/02_1_rule_5/SAT_dat.k50.cnf, 0.7
/ubc/cs/project/arrow/projects/Sat_Data/bench/HW-verification/40randomsets/2_31_2/IBM_FV_2004_rule_batch_2_31_2_SAT_dat.k45.cnf, 3600.0
/ubc/cs/project/arrow/projects/Sat_Data/bench/HW-verification/40randomsets/1_13/IBM_FV_2004_rule_batch_1_13_SAT_dat.k25.cnf, 0.76
/ubc/cs/project/arrow/projects/Sat_Data/bench/HW-verification/40randomsets/24_1_rule_3/SAT_dat.k20.cnf, 7.74
/ubc/cs/project/arrow/projects/Sat_Data/bench/HW-verification/40randomsets/13_rule_7/SAT_dat.k10.cnf, 3600.0
/ubc/cs/project/arrow/projects/Sat_Data/bench/HW-verification/40randomsets/16_2_rule_3/SAT_dat.k80.cnf, 0.79
/ubc/cs/project/arrow/projects/Sat_Data/bench/HW-verification/40randomsets/18_rule/SAT_dat.k75.cnf, 75.33
/ubc/cs/project/arrow/projects/Sat_Data/bench/HW-verification/40randomsets/18_rule/SAT_dat.k20.cnf, 2.35
/ubc/cs/project/arrow/projects/Sat_Data/bench/HW-verification/40randomsets/24_1_rule_3/SAT_dat.k75.cnf, 3600.0
/ubc/cs/project/arrow/projects/Sat_Data/bench/HW-verification/40randomsets/16_2_rule_6/SAT_dat.k70.cnf, 0.91
/ubc/cs/project/arrow/projects/Sat_Data/bench/HW-verification/40randomsets/1_17_2/IBM_FV_2004_rule_batch_1_17_2_SAT_dat.k40.cnf, 0.7
/ubc/cs/project/arrow/projects/Sat_Data/bench/HW-verification/40randomsets/1_17_2/IBM_FV_2004_rule_batch_1_17_2_SAT_dat.k95.cnf, 2.06
/ubc/cs/project/arrow/projects/Sat_Data/bench/HW-verification/40randomsets/15_rule/SAT_dat.k15.cnf, 0.67
/ubc/cs/project/arrow/projects/Sat_Data/bench/HW-verification/40randomsets/12/IBM_FV_2004_rule_batch_12_SAT_dat.k100.cnf, 0.0
/ubc/cs/project/arrow/projects/Sat_Data/bench/HW-verification/40randomsets/28_rule/SAT_dat.k40.cnf, 2.49
/ubc/cs/project/arrow/projects/Sat_Data/bench/HW-verification/40randomsets/13_rule_22/SAT_dat.k80.cnf, 3600.0
/ubc/cs/project/arrow/projects/Sat_Data/bench/HW-verification/40randomsets/09_rule/SAT_dat.k75.cnf, 1.16
/ubc/cs/project/arrow/projects/Sat_Data/bench/HW-verification/40randomsets/2_14/IBM_FV_2004_rule_batch_2_14_SAT_dat.k85.cnf, 142.58
/ubc/cs/project/arrow/projects/Sat_Data/bench/HW-verification/40randomsets/1_13/IBM_FV_2004_rule_batch_1_13_SAT_dat.k45.cnf, 0.71
/ubc/cs/project/arrow/projects/Sat_Data/bench/HW-verification/40randomsets/02_1_rule_5/SAT_dat.k70.cnf, 1.15
/ubc/cs/project/arrow/projects/Sat_Data/bench/HW-verification/40randomsets/2_31_2/IBM_FV_2004_rule_batch_2_31_2_SAT_dat.k10.cnf, 0.12
/ubc/cs/project/arrow/projects/Sat_Data/bench/HW-verification/40randomsets/13_rule_7/SAT_dat.k55.cnf, 3600.0
/ubc/cs/project/arrow/projects/Sat_Data/bench/HW-verification/40randomsets/26_rule/SAT_dat.k10.cnf, 1.6
/ubc/cs/project/arrow/projects/Sat_Data/bench/HW-verification/40randomsets/12/IBM_FV_2004_rule_batch_12_SAT_dat.k90.cnf, 0.0
/ubc/cs/project/arrow/projects/Sat_Data/bench/HW-verification/40randomsets/24_1_rule_3/SAT_dat.k40.cnf, 3077.12
/ubc/cs/project/arrow/projects/Sat_Data/bench/HW-verification/40randomsets/18_rule/SAT_dat.k40.cnf, 20.98
/ubc/cs/project/arrow/projects/Sat_Data/bench/HW-verification/40randomsets/13_rule_24/SAT_dat.k25.cnf, 3600.0
/ubc/cs/project/arrow/projects/Sat_Data/bench/HW-verification/40randomsets/31_1_rule_2/SAT_dat.k10.cnf, 0.21
/ubc/cs/project/arrow/projects/Sat_Data/bench/HW-verification/40randomsets/1_17_2/IBM_FV_2004_rule_batch_1_17_2_SAT_dat.k85.cnf, 1.86
/ubc/cs/project/arrow/projects/Sat_Data/bench/HW-verification/40randomsets/12/IBM_FV_2004_rule_batch_12_SAT_dat.k80.cnf, 0.0
/ubc/cs/project/arrow/projects/Sat_Data/bench/HW-verification/40randomsets/09_rule/SAT_dat.k95.cnf, 1.44
/ubc/cs/project/arrow/projects/Sat_Data/bench/HW-verification/40randomsets/09_rule/SAT_dat.k40.cnf, 0.54
/ubc/cs/project/arrow/projects/Sat_Data/bench/HW-verification/40randomsets/02_1_rule_5/SAT_dat.k60.cnf, 0.9
/ubc/cs/project/arrow/projects/Sat_Data/bench/HW-verification/40randomsets/2_17_1/IBM_FV_2004_rule_batch_2_17_1_SAT_dat.k10.cnf, 0.06
/ubc/cs/project/arrow/projects/Sat_Data/bench/HW-verification/40randomsets/13_rule_24/SAT_dat.k15.cnf, 3600.0
/ubc/cs/project/arrow/projects/Sat_Data/bench/HW-verification/40randomsets/16_2_rule_6/SAT_dat.k80.cnf, 1.06
/ubc/cs/project/arrow/projects/Sat_Data/bench/HW-verification/40randomsets/18_rule/SAT_dat.k85.cnf, 31.3
/ubc/cs/project/arrow/projects/Sat_Data/bench/HW-verification/40randomsets/18_rule/SAT_dat.k30.cnf, 15.95
/ubc/cs/project/arrow/projects/Sat_Data/bench/HW-verification/40randomsets/2_14/IBM_FV_2004_rule_batch_2_14_SAT_dat.k50.cnf, 16.91
/ubc/cs/project/arrow/projects/Sat_Data/bench/HW-verification/40randomsets/13_rule_7/SAT_dat.k20.cnf, 3600.0
