/ubc/cs/project/arrow/projects/Sat_Data/bench/HW-verification/40randomsets/09_rule/SAT_dat.k85.cnf, 0.77
/ubc/cs/project/arrow/projects/Sat_Data/bench/HW-verification/40randomsets/13_rule_22/SAT_dat.k90.cnf, 3600.0
/ubc/cs/project/arrow/projects/Sat_Data/bench/HW-verification/40randomsets/1_17_2/IBM_FV_2004_rule_batch_1_17_2_SAT_dat.k50.cnf, 0.55
/ubc/cs/project/arrow/projects/Sat_Data/bench/HW-verification/40randomsets/15_rule/SAT_dat.k25.cnf, 0.59
/ubc/cs/project/arrow/projects/Sat_Data/bench/HW-verification/40randomsets/03/IBM_FV_2004_rule_batch_03_SAT_dat.k100.cnf, 319.63
/ubc/cs/project/arrow/projects/Sat_Data/bench/HW-verification/40randomsets/12_rule/SAT_dat.k1.cnf, 0.0
/ubc/cs/project/arrow/projects/Sat_Data/bench/HW-verification/40randomsets/02_1_rule_5/SAT_dat.k80.cnf, 10.04
/ubc/cs/project/arrow/projects/Sat_Data/bench/HW-verification/40randomsets/16_2_rule_5/SAT_dat.k15.cnf, 0.08
/ubc/cs/project/arrow/projects/Sat_Data/bench/HW-verification/40randomsets/26_rule/SAT_dat.k20.cnf, 2.96
/ubc/cs/project/arrow/projects/Sat_Data/bench/HW-verification/40randomsets/2_14/IBM_FV_2004_rule_batch_2_14_SAT_dat.k95.cnf, 1992.07
/ubc/cs/project/arrow/projects/Sat_Data/bench/HW-verification/40randomsets/2_31_2/IBM_FV_2004_rule_batch_2_31_2_SAT_dat.k20.cnf, 135.52
/ubc/cs/project/arrow/projects/Sat_Data/bench/HW-verification/40randomsets/13_rule_6/SAT_dat.k100.cnf, 3600.0
/ubc/cs/project/arrow/projects/Sat_Data/bench/HW-verification/40randomsets/18_rule/SAT_dat.k50.cnf, 277.08
/ubc/cs/project/arrow/projects/Sat_Data/bench/HW-verification/40randomsets/13_rule_24/SAT_dat.k35.cnf, 3600.0
/ubc/cs/project/arrow/projects/Sat_Data/bench/HW-verification/40randomsets/31_1_rule_2/SAT_dat.k20.cnf, 15.34
/ubc/cs/project/arrow/projects/Sat_Data/bench/HW-verification/40randomsets/1_17_2/IBM_FV_2004_rule_batch_1_17_2_SAT_dat.k70.cnf, 0.85
/ubc/cs/project/arrow/projects/Sat_Data/bench/HW-verification/40randomsets/2_17_1/IBM_FV_2004_rule_batch_2_17_1_SAT_dat.k20.cnf, 0.48
/ubc/cs/project/arrow/projects/Sat_Data/bench/HW-verification/40randomsets/15_rule/SAT_dat.k45.cnf, 1.04
/ubc/cs/project/arrow/projects/Sat_Data/bench/HW-verification/40randomsets/04_rule/SAT_dat.k1.cnf, 0.0
/ubc/cs/project/arrow/projects/Sat_Data/bench/HW-verification/40randomsets/13_rule_7/SAT_dat.k30.cnf, 3600.0
/ubc/cs/project/arrow/projects/Sat_Data/bench/HW-verification/40randomsets/2_14/IBM_FV_2004_rule_batch_2_14_SAT_dat.k60.cnf, 76.08
/ubc/cs/project/arrow/projects/Sat_Data/bench/HW-verification/40randomsets/25_rule/SAT_dat.k10.cnf, 3600.0
/ubc/cs/project/arrow/projects/Sat_Data/bench/HW-verification/40randomsets/13_rule_22/SAT_dat.k1.cnf, 0.04
/ubc/cs/project/arrow/projects/Sat_Data/bench/HW-verification/40randomsets/25_rule/SAT_dat.k1.cnf, 0.03
/ubc/cs/project/arrow/projects/Sat_Data/bench/HW-verification/40randomsets/1_17_2/IBM_FV_2004_rule_batch_1_17_2_SAT_dat.k60.cnf, 0.87
/ubc/cs/project/arrow/projects/Sat_Data/bench/HW-verification/40randomsets/06/IBM_FV_2004_rule_batch_06_SAT_dat.k30.cnf, 6.2
/ubc/cs/project/arrow/projects/Sat_Data/bench/HW-verification/40randomsets/31_1_rule_2/SAT_dat.k40.cnf, 3600.0
/ubc/cs/project/arrow/projects/Sat_Data/bench/HW-verification/40randomsets/15_rule/SAT_dat.k35.cnf, 0.88
/ubc/cs/project/arrow/projects/Sat_Data/bench/HW-verification/40randomsets/09_rule/SAT_dat.k1.cnf, 0.0
/ubc/cs/project/arrow/projects/Sat_Data/bench/HW-verification/40randomsets/02_1_rule_5/SAT_dat.k90.cnf, 5.98
/ubc/cs/project/arrow/projects/Sat_Data/bench/HW-verification/40randomsets/16_2_rule_5/SAT_dat.k25.cnf, 0.17
/ubc/cs/project/arrow/projects/Sat_Data/bench/HW-verification/40randomsets/24_1_rule_3/SAT_dat.k1.cnf, 0.12
/ubc/cs/project/arrow/projects/Sat_Data/bench/HW-verification/40randomsets/15_rule/SAT_dat.k10.cnf, 0.32
/ubc/cs/project/arrow/projects/Sat_Data/bench/HW-verification/40randomsets/15_rule/SAT_dat.k1.cnf, 0.0
/ubc/cs/project/arrow/projects/Sat_Data/bench/HW-verification/40randomsets/28_rule/SAT_dat.k75.cnf, 65.82
/ubc/cs/project/arrow/projects/Sat_Data/bench/HW-verification/40randomsets/2_14/IBM_FV_2004_rule_batch_2_14_SAT_dat.k80.cnf, 454.87
/ubc/cs/project/arrow/projects/Sat_Data/bench/HW-verification/40randomsets/31_1_rule_2/SAT_dat.k30.cnf, 2478.96
/ubc/cs/project/arrow/projects/Sat_Data/bench/HW-verification/40randomsets/26/IBM_FV_2004_rule_batch_26_SAT_dat.k70.cnf, 4.76
/ubc/cs/project/arrow/projects/Sat_Data/bench/HW-verification/40randomsets/05_rule/SAT_dat.k35.cnf, 4.01
/ubc/cs/project/arrow/projects/Sat_Data/bench/HW-verification/40randomsets/18_rule/SAT_dat.k60.cnf, 351.38
/ubc/cs/project/arrow/projects/Sat_Data/bench/HW-verification/40randomsets/2_17_2/IBM_FV_2004_rule_batch_2_17_2_SAT_dat.k70.cnf, 0.91
/ubc/cs/project/arrow/projects/Sat_Data/bench/HW-verification/40randomsets/13_rule_24/SAT_dat.k45.cnf, 3600.0
/ubc/cs/project/arrow/projects/Sat_Data/bench/HW-verification/40randomsets/1_17_2/IBM_FV_2004_rule_batch_1_17_2_SAT_dat.k80.cnf, 1.18
/ubc/cs/project/arrow/projects/Sat_Data/bench/HW-verification/40randomsets/14_rule_2/SAT_dat.k100.cnf, 1981.89
/ubc/cs/project/arrow/projects/Sat_Data/bench/HW-verification/40randomsets/21_rule/SAT_dat.k1.cnf, 0.01
/ubc/cs/project/arrow/projects/Sat_Data/bench/HW-verification/40randomsets/15_rule/SAT_dat.k55.cnf, 1.29
/ubc/cs/project/arrow/projects/Sat_Data/bench/HW-verification/40randomsets/18_rule/SAT_dat.k100.cnf, 3600.0
/ubc/cs/project/arrow/projects/Sat_Data/bench/HW-verification/40randomsets/2_14/IBM_FV_2004_rule_batch_2_14_SAT_dat.k70.cnf, 131.55
/ubc/cs/project/arrow/projects/Sat_Data/bench/HW-verification/40randomsets/06/IBM_FV_2004_rule_batch_06_SAT_dat.k40.cnf, 5.02
/ubc/cs/project/arrow/projects/Sat_Data/bench/HW-verification/40randomsets/22_rule/SAT_dat.k15.cnf, 0.43
/ubc/cs/project/arrow/projects/Sat_Data/bench/HW-verification/40randomsets/31_1_rule_2/SAT_dat.k50.cnf, 3600.0
/ubc/cs/project/arrow/projects/Sat_Data/bench/HW-verification/40randomsets/05_rule/SAT_dat.k55.cnf, 19.73
/ubc/cs/project/arrow/projects/Sat_Data/bench/HW-verification/40randomsets/04_rule/SAT_dat.k25.cnf, 0.85
/ubc/cs/project/arrow/projects/Sat_Data/bench/HW-verification/40randomsets/28_rule/SAT_dat.k85.cnf, 44.04
/ubc/cs/project/arrow/projects/Sat_Data/bench/HW-verification/40randomsets/15_rule/SAT_dat.k20.cnf, 0.44
/ubc/cs/project/arrow/projects/Sat_Data/bench/HW-verification/40randomsets/26_rule/SAT_dat.k55.cnf, 3119.91
/ubc/cs/project/arrow/projects/Sat_Data/bench/HW-verification/40randomsets/2_31_2/IBM_FV_2004_rule_batch_2_31_2_SAT_dat.k55.cnf, 3600.0
/ubc/cs/project/arrow/projects/Sat_Data/bench/HW-verification/40randomsets/26/IBM_FV_2004_rule_batch_26_SAT_dat.k80.cnf, 5.35
/ubc/cs/project/arrow/projects/Sat_Data/bench/HW-verification/40randomsets/05_rule/SAT_dat.k45.cnf, 6.28
/ubc/cs/project/arrow/projects/Sat_Data/bench/HW-verification/40randomsets/2_14/IBM_FV_2004_rule_batch_2_14_SAT_dat.k90.cnf, 3600.0
/ubc/cs/project/arrow/projects/Sat_Data/bench/HW-verification/40randomsets/12_rule/SAT_dat.k15.cnf, 0.0
/ubc/cs/project/arrow/projects/Sat_Data/bench/HW-verification/40randomsets/06/IBM_FV_2004_rule_batch_06_SAT_dat.k60.cnf, 2.26
/ubc/cs/project/arrow/projects/Sat_Data/bench/HW-verification/40randomsets/15/IBM_FV_2004_rule_batch_15_SAT_dat.k10.cnf, 0.23
/ubc/cs/project/arrow/projects/Sat_Data/bench/HW-verification/40randomsets/13_rule_8/SAT_dat.k15.cnf, 3600.0
/ubc/cs/project/arrow/projects/Sat_Data/bench/HW-verification/40randomsets/24_1_rule_3/SAT_dat.k85.cnf, 3600.0
/ubc/cs/project/arrow/projects/Sat_Data/bench/HW-verification/40randomsets/1_17_2/IBM_FV_2004_rule_batch_1_17_2_SAT_dat.k90.cnf, 1.44
/ubc/cs/project/arrow/projects/Sat_Data/bench/HW-verification/40randomsets/15/IBM_FV_2004_rule_batch_15_SAT_dat.k100.cnf, 2.55
/ubc/cs/project/arrow/projects/Sat_Data/bench/HW-verification/40randomsets/2_17_1/IBM_FV_2004_rule_batch_2_17_1_SAT_dat.k55.cnf, 4.92
/ubc/cs/project/arrow/projects/Sat_Data/bench/HW-verification/40randomsets/13_rule_19/SAT_dat.k25.cnf, 3600.0
/ubc/cs/project/arrow/projects/Sat_Data/bench/HW-verification/40randomsets/28_rule/SAT_dat.k50.cnf, 9.09
/ubc/cs/project/arrow/projects/Sat_Data/bench/HW-verification/40randomsets/05_rule/SAT_dat.k1.cnf, 0.0
/ubc/cs/project/arrow/projects/Sat_Data/bench/HW-verification/40randomsets/31_1_rule_2/SAT_dat.k60.cnf, 3600.0
/ubc/cs/project/arrow/projects/Sat_Data/bench/HW-verification/40randomsets/04_rule/SAT_dat.k35.cnf, 2.79
/ubc/cs/project/arrow/projects/Sat_Data/bench/HW-verification/40randomsets/06/IBM_FV_2004_rule_batch_06_SAT_dat.k50.cnf, 3.93
/ubc/cs/project/arrow/projects/Sat_Data/bench/HW-verification/40randomsets/05_rule/SAT_dat.k65.cnf, 34.96
/ubc/cs/project/arrow/projects/Sat_Data/bench/HW-verification/40randomsets/13_rule_7/SAT_dat.k65.cnf, 3600.0
/ubc/cs/project/arrow/projects/Sat_Data/bench/HW-verification/40randomsets/25_rule/SAT_dat.k45.cnf, 3600.0
/ubc/cs/project/arrow/projects/Sat_Data/bench/HW-verification/40randomsets/1_13/IBM_FV_2004_rule_batch_1_13_SAT_dat.k55.cnf, 1.29
/ubc/cs/project/arrow/projects/Sat_Data/bench/HW-verification/40randomsets/28_rule/SAT_dat.k95.cnf, 69.48
/ubc/cs/project/arrow/projects/Sat_Data/bench/HW-verification/40randomsets/15_rule/SAT_dat.k30.cnf, 0.71
/ubc/cs/project/arrow/projects/Sat_Data/bench/HW-verification/40randomsets/24_1_rule_3/SAT_dat.k50.cnf, 3600.0
/ubc/cs/project/arrow/projects/Sat_Data/bench/HW-verification/40randomsets/16_2_rule_6/SAT_dat.k1.cnf, 0.0
/ubc/cs/project/arrow/projects/Sat_Data/bench/HW-verification/40randomsets/15/IBM_FV_2004_rule_batch_15_SAT_dat.k30.cnf, 0.66
/ubc/cs/project/arrow/projects/Sat_Data/bench/HW-verification/40randomsets/13_rule_19/SAT_dat.k15.cnf, 3600.0
/ubc/cs/project/arrow/projects/Sat_Data/bench/HW-verification/40randomsets/26_rule/SAT_dat.k65.cnf, 2516.31
/ubc/cs/project/arrow/projects/Sat_Data/bench/HW-verification/40randomsets/12_rule/SAT_dat.k25.cnf, 0.0
/ubc/cs/project/arrow/projects/Sat_Data/bench/HW-verification/40randomsets/2_31_2/IBM_FV_2004_rule_batch_2_31_2_SAT_dat.k65.cnf, 3600.0
/ubc/cs/project/arrow/projects/Sat_Data/bench/HW-verification/40randomsets/26/IBM_FV_2004_rule_batch_26_SAT_dat.k90.cnf, 6.16
/ubc/cs/project/arrow/projects/Sat_Data/bench/HW-verification/40randomsets/15/IBM_FV_2004_rule_batch_15_SAT_dat.k75.cnf, 1.83
/ubc/cs/project/arrow/projects/Sat_Data/bench/HW-verification/40randomsets/15/IBM_FV_2004_rule_batch_15_SAT_dat.k20.cnf, 0.61
/ubc/cs/project/arrow/projects/Sat_Data/bench/HW-verification/40randomsets/04_rule/SAT_dat.k55.cnf, 39.42
/ubc/cs/project/arrow/projects/Sat_Data/bench/HW-verification/40randomsets/06/IBM_FV_2004_rule_batch_06_SAT_dat.k70.cnf, 11.69
/ubc/cs/project/arrow/projects/Sat_Data/bench/HW-verification/40randomsets/13_rule_8/SAT_dat.k25.cnf, 3600.0
/ubc/cs/project/arrow/projects/Sat_Data/bench/HW-verification/40randomsets/18_rule/SAT_dat.k95.cnf, 1785.11
/ubc/cs/project/arrow/projects/Sat_Data/bench/HW-verification/40randomsets/24_1_rule_3/SAT_dat.k95.cnf, 3600.0
/ubc/cs/project/arrow/projects/Sat_Data/bench/HW-verification/40randomsets/06/IBM_FV_2004_rule_batch_06_SAT_dat.k100.cnf, 184.28
/ubc/cs/project/arrow/projects/Sat_Data/bench/HW-verification/40randomsets/09_rule/SAT_dat.k100.cnf, 0.87
/ubc/cs/project/arrow/projects/Sat_Data/bench/HW-verification/40randomsets/28_rule/SAT_dat.k60.cnf, 13.96
/ubc/cs/project/arrow/projects/Sat_Data/bench/HW-verification/40randomsets/02_2/IBM_FV_2004_rule_batch_02_2_SAT_dat.k60.cnf, 2.65
/ubc/cs/project/arrow/projects/Sat_Data/bench/HW-verification/40randomsets/14_rule_2/SAT_dat.k35.cnf, 21.83
/ubc/cs/project/arrow/projects/Sat_Data/bench/HW-verification/40randomsets/26/IBM_FV_2004_rule_batch_26_SAT_dat.k15.cnf, 1.59
/ubc/cs/project/arrow/projects/Sat_Data/bench/HW-verification/40randomsets/2_17_1/IBM_FV_2004_rule_batch_2_17_1_SAT_dat.k65.cnf, 5.29
/ubc/cs/project/arrow/projects/Sat_Data/bench/HW-verification/40randomsets/16_2_rule_5/SAT_dat.k1.cnf, 0.0
/ubc/cs/project/arrow/projects/Sat_Data/bench/HW-verification/40randomsets/03/IBM_FV_2004_rule_batch_03_SAT_dat.k15.cnf, 0.12
/ubc/cs/project/arrow/projects/Sat_Data/bench/HW-verification/40randomsets/13_rule_19/SAT_dat.k35.cnf, 3600.0
/ubc/cs/project/arrow/projects/Sat_Data/bench/HW-verification/40randomsets/13_rule_7/SAT_dat.k75.cnf, 3600.0
/ubc/cs/project/arrow/projects/Sat_Data/bench/HW-verification/40randomsets/2_31_2/IBM_FV_2004_rule_batch_2_31_2_SAT_dat.k85.cnf, 3600.0
/ubc/cs/project/arrow/projects/Sat_Data/bench/HW-verification/40randomsets/04_rule/SAT_dat.k45.cnf, 5.4
/ubc/cs/project/arrow/projects/Sat_Data/bench/HW-verification/40randomsets/26_rule/SAT_dat.k30.cnf, 3.11
/ubc/cs/project/arrow/projects/Sat_Data/bench/HW-verification/40randomsets/25_rule/SAT_dat.k55.cnf, 3600.0
/ubc/cs/project/arrow/projects/Sat_Data/bench/HW-verification/40randomsets/05_rule/SAT_dat.k75.cnf, 26.57
/ubc/cs/project/arrow/projects/Sat_Data/bench/HW-verification/40randomsets/26_rule/SAT_dat.k85.cnf, 6.65
/ubc/cs/project/arrow/projects/Sat_Data/bench/HW-verification/40randomsets/15/IBM_FV_2004_rule_batch_15_SAT_dat.k40.cnf, 0.88
/ubc/cs/project/arrow/projects/Sat_Data/bench/HW-verification/40randomsets/2_17_1/IBM_FV_2004_rule_batch_2_17_1_SAT_dat.k85.cnf, 11.17
/ubc/cs/project/arrow/projects/Sat_Data/bench/HW-verification/40randomsets/12_rule/SAT_dat.k35.cnf, 0.0
/ubc/cs/project/arrow/projects/Sat_Data/bench/HW-verification/40randomsets/2_17_1/IBM_FV_2004_rule_batch_2_17_1_SAT_dat.k30.cnf, 1.45
/ubc/cs/project/arrow/projects/Sat_Data/bench/HW-verification/40randomsets/2_31_2/IBM_FV_2004_rule_batch_2_31_2_SAT_dat.k75.cnf, 3600.0
/ubc/cs/project/arrow/projects/Sat_Data/bench/HW-verification/40randomsets/26_rule/SAT_dat.k75.cnf, 5.63
/ubc/cs/project/arrow/projects/Sat_Data/bench/HW-verification/40randomsets/03/IBM_FV_2004_rule_batch_03_SAT_dat.k35.cnf, 3.01
/ubc/cs/project/arrow/projects/Sat_Data/bench/HW-verification/40randomsets/28_rule/SAT_dat.k80.cnf, 48.34
/ubc/cs/project/arrow/projects/Sat_Data/bench/HW-verification/40randomsets/25_rule/SAT_dat.k75.cnf, 3600.0
/ubc/cs/project/arrow/projects/Sat_Data/bench/HW-verification/40randomsets/04_rule/SAT_dat.k65.cnf, 47.24
/ubc/cs/project/arrow/projects/Sat_Data/bench/HW-verification/40randomsets/06/IBM_FV_2004_rule_batch_06_SAT_dat.k80.cnf, 20.49
/ubc/cs/project/arrow/projects/Sat_Data/bench/HW-verification/40randomsets/13_rule_7/SAT_dat.k95.cnf, 3600.0
/ubc/cs/project/arrow/projects/Sat_Data/bench/HW-verification/40randomsets/25_rule/SAT_dat.k20.cnf, 3600.0
/ubc/cs/project/arrow/projects/Sat_Data/bench/HW-verification/40randomsets/16_2_rule_3/SAT_dat.k90.cnf, 1.73
/ubc/cs/project/arrow/projects/Sat_Data/bench/HW-verification/40randomsets/28_rule/SAT_dat.k70.cnf, 40.1
/ubc/cs/project/arrow/projects/Sat_Data/bench/HW-verification/40randomsets/2_17_1/IBM_FV_2004_rule_batch_2_17_1_SAT_dat.k75.cnf, 6.39
/ubc/cs/project/arrow/projects/Sat_Data/bench/HW-verification/40randomsets/1_13/IBM_FV_2004_rule_batch_1_13_SAT_dat.k10.cnf, 1.31
/ubc/cs/project/arrow/projects/Sat_Data/bench/HW-verification/40randomsets/26/IBM_FV_2004_rule_batch_26_SAT_dat.k25.cnf, 1.83
/ubc/cs/project/arrow/projects/Sat_Data/bench/HW-verification/40randomsets/02_2/IBM_FV_2004_rule_batch_02_2_SAT_dat.k70.cnf, 2.13
/ubc/cs/project/arrow/projects/Sat_Data/bench/HW-verification/40randomsets/03/IBM_FV_2004_rule_batch_03_SAT_dat.k25.cnf, 0.23
/ubc/cs/project/arrow/projects/Sat_Data/bench/HW-verification/40randomsets/14_rule_2/SAT_dat.k45.cnf, 32.39
/ubc/cs/project/arrow/projects/Sat_Data/bench/HW-verification/40randomsets/26_rule/SAT_dat.k95.cnf, 7.08
/ubc/cs/project/arrow/projects/Sat_Data/bench/HW-verification/40randomsets/13_rule_7/SAT_dat.k85.cnf, 3600.0
/ubc/cs/project/arrow/projects/Sat_Data/bench/HW-verification/40randomsets/26_rule/SAT_dat.k100.cnf, 3600.0
/ubc/cs/project/arrow/projects/Sat_Data/bench/HW-verification/40randomsets/16_2_rule_5/SAT_dat.k35.cnf, 0.28
/ubc/cs/project/arrow/projects/Sat_Data/bench/HW-verification/40randomsets/16_2_rule_6/SAT_dat.k100.cnf, 3.62
/ubc/cs/project/arrow/projects/Sat_Data/bench/HW-verification/40randomsets/2_31_2/IBM_FV_2004_rule_batch_2_31_2_SAT_dat.k95.cnf, 3600.0
/ubc/cs/project/arrow/projects/Sat_Data/bench/HW-verification/40randomsets/26_rule/SAT_dat.k40.cnf, 4.4
/ubc/cs/project/arrow/projects/Sat_Data/bench/HW-verification/40randomsets/25_rule/SAT_dat.k65.cnf, 3600.0
/ubc/cs/project/arrow/projects/Sat_Data/bench/HW-verification/40randomsets/2_17_2/IBM_FV_2004_rule_batch_2_17_2_SAT_dat.k80.cnf, 1.46
/ubc/cs/project/arrow/projects/Sat_Data/bench/HW-verification/40randomsets/31_1_rule_2/SAT_dat.k95.cnf, 3600.0
/ubc/cs/project/arrow/projects/Sat_Data/bench/HW-verification/40randomsets/2_17_1/IBM_FV_2004_rule_batch_2_17_1_SAT_dat.k40.cnf, 2.46
/ubc/cs/project/arrow/projects/Sat_Data/bench/HW-verification/40randomsets/15_rule/SAT_dat.k65.cnf, 1.54
/ubc/cs/project/arrow/projects/Sat_Data/bench/HW-verification/40randomsets/2_17_1/IBM_FV_2004_rule_batch_2_17_1_SAT_dat.k95.cnf, 19.68
/ubc/cs/project/arrow/projects/Sat_Data/bench/HW-verification/40randomsets/28_rule/SAT_dat.k90.cnf, 56.37
/ubc/cs/project/arrow/projects/Sat_Data/bench/HW-verification/40randomsets/13_rule_19/SAT_dat.k10.cnf, 3600.0
/ubc/cs/project/arrow/projects/Sat_Data/bench/HW-verification/40randomsets/03/IBM_FV_2004_rule_batch_03_SAT_dat.k45.cnf, 6.52
/ubc/cs/project/arrow/projects/Sat_Data/bench/HW-verification/40randomsets/02_2/IBM_FV_2004_rule_batch_02_2_SAT_dat.k90.cnf, 9.15
/ubc/cs/project/arrow/projects/Sat_Data/bench/HW-verification/40randomsets/14_rule_2/SAT_dat.k65.cnf, 154.86
/ubc/cs/project/arrow/projects/Sat_Data/bench/HW-verification/40randomsets/14_rule_2/SAT_dat.k10.cnf, 0.21
/ubc/cs/project/arrow/projects/Sat_Data/bench/HW-verification/40randomsets/18/IBM_FV_2004_rule_batch_18_SAT_dat.k15.cnf, 1.89
/ubc/cs/project/arrow/projects/Sat_Data/bench/HW-verification/40randomsets/25_rule/SAT_dat.k85.cnf, 3600.0
/ubc/cs/project/arrow/projects/Sat_Data/bench/HW-verification/40randomsets/28_rule/SAT_dat.k100.cnf, 176.04
/ubc/cs/project/arrow/projects/Sat_Data/bench/HW-verification/40randomsets/09_rule/SAT_dat.k50.cnf, 0.45
/ubc/cs/project/arrow/projects/Sat_Data/bench/HW-verification/40randomsets/26_rule/SAT_dat.k60.cnf, 5.93
/ubc/cs/project/arrow/projects/Sat_Data/bench/HW-verification/40randomsets/25_rule/SAT_dat.k30.cnf, 3600.0
/ubc/cs/project/arrow/projects/Sat_Data/bench/HW-verification/40randomsets/1_13/IBM_FV_2004_rule_batch_1_13_SAT_dat.k20.cnf, 0.83
/ubc/cs/project/arrow/projects/Sat_Data/bench/HW-verification/40randomsets/13_rule_24/SAT_dat.k100.cnf, 3600.0
/ubc/cs/project/arrow/projects/Sat_Data/bench/HW-verification/40randomsets/16_2_rule_6/SAT_dat.k90.cnf, 2.31
/ubc/cs/project/arrow/projects/Sat_Data/bench/HW-verification/40randomsets/02_2/IBM_FV_2004_rule_batch_02_2_SAT_dat.k80.cnf, 5.04
/ubc/cs/project/arrow/projects/Sat_Data/bench/HW-verification/40randomsets/14_rule_2/SAT_dat.k55.cnf, 79.13
/ubc/cs/project/arrow/projects/Sat_Data/bench/HW-verification/40randomsets/22_rule/SAT_dat.k25.cnf, 0.98
/ubc/cs/project/arrow/projects/Sat_Data/bench/HW-verification/40randomsets/16_2_rule_5/SAT_dat.k45.cnf, 0.47
/ubc/cs/project/arrow/projects/Sat_Data/bench/HW-verification/40randomsets/05_rule/SAT_dat.k100.cnf, 52.7
/ubc/cs/project/arrow/projects/Sat_Data/bench/HW-verification/40randomsets/03/IBM_FV_2004_rule_batch_03_SAT_dat.k10.cnf, 0.07
/ubc/cs/project/arrow/projects/Sat_Data/bench/HW-verification/40randomsets/26_rule/SAT_dat.k50.cnf, 119.07
/ubc/cs/project/arrow/projects/Sat_Data/bench/HW-verification/40randomsets/12/IBM_FV_2004_rule_batch_12_SAT_dat.k15.cnf, 0.0
/ubc/cs/project/arrow/projects/Sat_Data/bench/HW-verification/40randomsets/2_17_1/IBM_FV_2004_rule_batch_2_17_1_SAT_dat.k60.cnf, 5.51
/ubc/cs/project/arrow/projects/Sat_Data/bench/HW-verification/40randomsets/13_rule_8/SAT_dat.k1.cnf, 0.04
/ubc/cs/project/arrow/projects/Sat_Data/bench/HW-verification/40randomsets/2_31_2/IBM_FV_2004_rule_batch_2_31_2_SAT_dat.k30.cnf, 3600.0
/ubc/cs/project/arrow/projects/Sat_Data/bench/HW-verification/40randomsets/16_2_rule_3/SAT_dat.k25.cnf, 0.12
/ubc/cs/project/arrow/projects/Sat_Data/bench/HW-verification/40randomsets/3_16_2/IBM_FV_2004_rule_batch_3_16_2_SAT_dat.k15.cnf, 0.05
/ubc/cs/project/arrow/projects/Sat_Data/bench/HW-verification/40randomsets/2_17_2/IBM_FV_2004_rule_batch_2_17_2_SAT_dat.k90.cnf, 2.09
/ubc/cs/project/arrow/projects/Sat_Data/bench/HW-verification/40randomsets/13_rule_6/SAT_dat.k80.cnf, 3600.0
/ubc/cs/project/arrow/projects/Sat_Data/bench/HW-verification/40randomsets/09_rule/SAT_dat.k70.cnf, 0.54
/ubc/cs/project/arrow/projects/Sat_Data/bench/HW-verification/40randomsets/25_rule/SAT_dat.k50.cnf, 3600.0
/ubc/cs/project/arrow/projects/Sat_Data/bench/HW-verification/40randomsets/14_rule_2/SAT_dat.k75.cnf, 495.12
/ubc/cs/project/arrow/projects/Sat_Data/bench/HW-verification/40randomsets/18/IBM_FV_2004_rule_batch_18_SAT_dat.k100.cnf, 3600.0
/ubc/cs/project/arrow/projects/Sat_Data/bench/HW-verification/40randomsets/14_rule_2/SAT_dat.k20.cnf, 2.84
/ubc/cs/project/arrow/projects/Sat_Data/bench/HW-verification/40randomsets/22_rule/SAT_dat.k45.cnf, 81.39
/ubc/cs/project/arrow/projects/Sat_Data/bench/HW-verification/40randomsets/2_17_1/IBM_FV_2004_rule_batch_2_17_1_SAT_dat.k50.cnf, 3.61
/ubc/cs/project/arrow/projects/Sat_Data/bench/HW-verification/40randomsets/21_rule/SAT_dat.k15.cnf, 0.42
/ubc/cs/project/arrow/projects/Sat_Data/bench/HW-verification/40randomsets/15_rule/SAT_dat.k100.cnf, 2.41
/ubc/cs/project/arrow/projects/Sat_Data/bench/HW-verification/40randomsets/03/IBM_FV_2004_rule_batch_03_SAT_dat.k55.cnf, 13.87
/ubc/cs/project/arrow/projects/Sat_Data/bench/HW-verification/40randomsets/15_rule/SAT_dat.k75.cnf, 1.9
/ubc/cs/project/arrow/projects/Sat_Data/bench/HW-verification/40randomsets/18/IBM_FV_2004_rule_batch_18_SAT_dat.k25.cnf, 27.98
/ubc/cs/project/arrow/projects/Sat_Data/bench/HW-verification/40randomsets/16_2_rule_5/SAT_dat.k65.cnf, 0.95
/ubc/cs/project/arrow/projects/Sat_Data/bench/HW-verification/40randomsets/26_rule/SAT_dat.k70.cnf, 9.06
/ubc/cs/project/arrow/projects/Sat_Data/bench/HW-verification/40randomsets/02_1_rule_5/SAT_dat.k100.cnf, 19.61
/ubc/cs/project/arrow/projects/Sat_Data/bench/HW-verification/40randomsets/09_rule/SAT_dat.k60.cnf, 0.75
/ubc/cs/project/arrow/projects/Sat_Data/bench/HW-verification/40randomsets/25_rule/SAT_dat.k40.cnf, 3600.0
/ubc/cs/project/arrow/projects/Sat_Data/bench/HW-verification/40randomsets/25_rule/SAT_dat.k95.cnf, 3600.0
/ubc/cs/project/arrow/projects/Sat_Data/bench/HW-verification/40randomsets/16_2_rule_3/SAT_dat.k15.cnf, 0.06
/ubc/cs/project/arrow/projects/Sat_Data/bench/HW-verification/40randomsets/2_17_2/IBM_FV_2004_rule_batch_2_17_2_SAT_dat.k15.cnf, 0.13
/ubc/cs/project/arrow/projects/Sat_Data/bench/HW-verification/40randomsets/22_rule/SAT_dat.k35.cnf, 6.87
/ubc/cs/project/arrow/projects/Sat_Data/bench/HW-verification/40randomsets/3_16_2/IBM_FV_2004_rule_batch_3_16_2_SAT_dat.k35.cnf, 0.25
/ubc/cs/project/arrow/projects/Sat_Data/bench/HW-verification/40randomsets/1_13/IBM_FV_2004_rule_batch_1_13_SAT_dat.k30.cnf, 1.02
/ubc/cs/project/arrow/projects/Sat_Data/bench/HW-verification/40randomsets/31_1_rule_2/SAT_dat.k70.cnf, 3600.0
/ubc/cs/project/arrow/projects/Sat_Data/bench/HW-verification/40randomsets/13_rule_7/SAT_dat.k1.cnf, 0.04
/ubc/cs/project/arrow/projects/Sat_Data/bench/HW-verification/40randomsets/21_rule/SAT_dat.k35.cnf, 5.33
/ubc/cs/project/arrow/projects/Sat_Data/bench/HW-verification/40randomsets/13_rule_24/SAT_dat.k10.cnf, 3600.0
/ubc/cs/project/arrow/projects/Sat_Data/bench/HW-verification/40randomsets/18/IBM_FV_2004_rule_batch_18_SAT_dat.k45.cnf, 645.58
/ubc/cs/project/arrow/projects/Sat_Data/bench/HW-verification/40randomsets/16_2_rule_5/SAT_dat.k55.cnf, 0.62
/ubc/cs/project/arrow/projects/Sat_Data/bench/HW-verification/40randomsets/15_rule/SAT_dat.k95.cnf, 2.64
/ubc/cs/project/arrow/projects/Sat_Data/bench/HW-verification/40randomsets/2_17_1/IBM_FV_2004_rule_batch_2_17_1_SAT_dat.k70.cnf, 6.27
/ubc/cs/project/arrow/projects/Sat_Data/bench/HW-verification/40randomsets/14_rule_2/SAT_dat.k40.cnf, 22.6
/ubc/cs/project/arrow/projects/Sat_Data/bench/HW-verification/40randomsets/03/IBM_FV_2004_rule_batch_03_SAT_dat.k20.cnf, 0.17
/ubc/cs/project/arrow/projects/Sat_Data/bench/HW-verification/40randomsets/1_14/IBM_FV_2004_rule_batch_1_14_SAT_dat.k15.cnf, 0.28
/ubc/cs/project/arrow/projects/Sat_Data/bench/HW-verification/40randomsets/3_16_2/IBM_FV_2004_rule_batch_3_16_2_SAT_dat.k25.cnf, 0.11
/ubc/cs/project/arrow/projects/Sat_Data/bench/HW-verification/40randomsets/09_rule/SAT_dat.k80.cnf, 0.63
/ubc/cs/project/arrow/projects/Sat_Data/bench/HW-verification/40randomsets/16_2_rule_3/SAT_dat.k35.cnf, 0.18
/ubc/cs/project/arrow/projects/Sat_Data/bench/HW-verification/40randomsets/13_rule_6/SAT_dat.k90.cnf, 3600.0
/ubc/cs/project/arrow/projects/Sat_Data/bench/HW-verification/40randomsets/25_rule/SAT_dat.k60.cnf, 3600.0
/ubc/cs/project/arrow/projects/Sat_Data/bench/HW-verification/40randomsets/02_2/IBM_FV_2004_rule_batch_02_2_SAT_dat.k15.cnf, 0.1
/ubc/cs/project/arrow/projects/Sat_Data/bench/HW-verification/40randomsets/21_rule/SAT_dat.k25.cnf, 0.84
/ubc/cs/project/arrow/projects/Sat_Data/bench/HW-verification/40randomsets/14_rule_2/SAT_dat.k85.cnf, 926.57
/ubc/cs/project/arrow/projects/Sat_Data/bench/HW-verification/40randomsets/15_rule/SAT_dat.k85.cnf, 2.04
/ubc/cs/project/arrow/projects/Sat_Data/bench/HW-verification/40randomsets/13_rule_8/SAT_dat.k35.cnf, 3600.0
/ubc/cs/project/arrow/projects/Sat_Data/bench/HW-verification/40randomsets/13_rule_6/SAT_dat.k1.cnf, 0.04
/ubc/cs/project/arrow/projects/Sat_Data/bench/HW-verification/40randomsets/14_rule_2/SAT_dat.k30.cnf, 10.76
/ubc/cs/project/arrow/projects/Sat_Data/bench/HW-verification/40randomsets/18/IBM_FV_2004_rule_batch_18_SAT_dat.k35.cnf, 79.92
/ubc/cs/project/arrow/projects/Sat_Data/bench/HW-verification/40randomsets/22_rule/SAT_dat.k100.cnf, 3600.0
/ubc/cs/project/arrow/projects/Sat_Data/bench/HW-verification/40randomsets/22_rule/SAT_dat.k55.cnf, 463.31
/ubc/cs/project/arrow/projects/Sat_Data/bench/HW-verification/40randomsets/15/IBM_FV_2004_rule_batch_15_SAT_dat.k85.cnf, 2.14
/ubc/cs/project/arrow/projects/Sat_Data/bench/HW-verification/40randomsets/13_rule_19/SAT_dat.k45.cnf, 3600.0
/ubc/cs/project/arrow/projects/Sat_Data/bench/HW-verification/40randomsets/16_2_rule_5/SAT_dat.k75.cnf, 1.54
/ubc/cs/project/arrow/projects/Sat_Data/bench/HW-verification/40randomsets/13_rule_6/SAT_dat.k15.cnf, 3600.0
/ubc/cs/project/arrow/projects/Sat_Data/bench/HW-verification/40randomsets/2_17_2/IBM_FV_2004_rule_batch_2_17_2_SAT_dat.k25.cnf, 0.24
/ubc/cs/project/arrow/projects/Sat_Data/bench/HW-verification/40randomsets/26_rule/SAT_dat.k80.cnf, 3600.0
/ubc/cs/project/arrow/projects/Sat_Data/bench/HW-verification/40randomsets/3_16_2/IBM_FV_2004_rule_batch_3_16_2_SAT_dat.k45.cnf, 0.24
/ubc/cs/project/arrow/projects/Sat_Data/bench/HW-verification/40randomsets/14_rule_2/SAT_dat.k50.cnf, 111.21
/ubc/cs/project/arrow/projects/Sat_Data/bench/HW-verification/40randomsets/13_rule_24/SAT_dat.k20.cnf, 3600.0
/ubc/cs/project/arrow/projects/Sat_Data/bench/HW-verification/40randomsets/04_rule/SAT_dat.k100.cnf, 998.94
/ubc/cs/project/arrow/projects/Sat_Data/bench/HW-verification/40randomsets/31_1_rule_2/SAT_dat.k80.cnf, 3600.0
/ubc/cs/project/arrow/projects/Sat_Data/bench/HW-verification/40randomsets/03/IBM_FV_2004_rule_batch_03_SAT_dat.k30.cnf, 0.29
/ubc/cs/project/arrow/projects/Sat_Data/bench/HW-verification/40randomsets/21_rule/SAT_dat.k45.cnf, 31.4
/ubc/cs/project/arrow/projects/Sat_Data/bench/HW-verification/40randomsets/13_rule_8/SAT_dat.k55.cnf, 3600.0
/ubc/cs/project/arrow/projects/Sat_Data/bench/HW-verification/40randomsets/22_rule/SAT_dat.k20.cnf, 0.76
/ubc/cs/project/arrow/projects/Sat_Data/bench/HW-verification/40randomsets/15/IBM_FV_2004_rule_batch_15_SAT_dat.k50.cnf, 1.19
/ubc/cs/project/arrow/projects/Sat_Data/bench/HW-verification/40randomsets/1_14/IBM_FV_2004_rule_batch_1_14_SAT_dat.k25.cnf, 0.48
/ubc/cs/project/arrow/projects/Sat_Data/bench/HW-verification/40randomsets/18/IBM_FV_2004_rule_batch_18_SAT_dat.k55.cnf, 2570.02
/ubc/cs/project/arrow/projects/Sat_Data/bench/HW-verification/40randomsets/05_rule/SAT_dat.k10.cnf, 0.27
/ubc/cs/project/arrow/projects/Sat_Data/bench/HW-verification/40randomsets/09_rule/SAT_dat.k90.cnf, 0.73
/ubc/cs/project/arrow/projects/Sat_Data/bench/HW-verification/40randomsets/25_rule/SAT_dat.k70.cnf, 3600.0
/ubc/cs/project/arrow/projects/Sat_Data/bench/HW-verification/40randomsets/16_2_rule_3/SAT_dat.k45.cnf, 0.41
/ubc/cs/project/arrow/projects/Sat_Data/bench/HW-verification/40randomsets/12_rule/SAT_dat.k45.cnf, 0.0
/ubc/cs/project/arrow/projects/Sat_Data/bench/HW-verification/40randomsets/15/IBM_FV_2004_rule_batch_15_SAT_dat.k95.cnf, 2.37
/ubc/cs/project/arrow/projects/Sat_Data/bench/HW-verification/40randomsets/04_rule/SAT_dat.k75.cnf, 327.33
/ubc/cs/project/arrow/projects/Sat_Data/bench/HW-verification/40randomsets/13_rule_8/SAT_dat.k45.cnf, 3600.0
/ubc/cs/project/arrow/projects/Sat_Data/bench/HW-verification/40randomsets/22_rule/SAT_dat.k10.cnf, 0.28
/ubc/cs/project/arrow/projects/Sat_Data/bench/HW-verification/40randomsets/06/IBM_FV_2004_rule_batch_06_SAT_dat.k90.cnf, 27.67
/ubc/cs/project/arrow/projects/Sat_Data/bench/HW-verification/40randomsets/22_rule/SAT_dat.k65.cnf, 1116.41
/ubc/cs/project/arrow/projects/Sat_Data/bench/HW-verification/40randomsets/21_rule/SAT_dat.k10.cnf, 0.21
/ubc/cs/project/arrow/projects/Sat_Data/bench/HW-verification/40randomsets/16_2_rule_5/SAT_dat.k85.cnf, 2.19
/ubc/cs/project/arrow/projects/Sat_Data/bench/HW-verification/40randomsets/13_rule_6/SAT_dat.k25.cnf, 3600.0
/ubc/cs/project/arrow/projects/Sat_Data/bench/HW-verification/40randomsets/13_rule_19/SAT_dat.k55.cnf, 3600.0
/ubc/cs/project/arrow/projects/Sat_Data/bench/HW-verification/40randomsets/1_14/IBM_FV_2004_rule_batch_1_14_SAT_dat.k45.cnf, 0.91
/ubc/cs/project/arrow/projects/Sat_Data/bench/HW-verification/40randomsets/31_1_rule_2/SAT_dat.k90.cnf, 3600.0
/ubc/cs/project/arrow/projects/Sat_Data/bench/HW-verification/40randomsets/12_rule/SAT_dat.k10.cnf, 0.0
/ubc/cs/project/arrow/projects/Sat_Data/bench/HW-verification/40randomsets/31_1_rule_2/SAT_dat.k100.cnf, 3600.0
/ubc/cs/project/arrow/projects/Sat_Data/bench/HW-verification/40randomsets/3_16_2/IBM_FV_2004_rule_batch_3_16_2_SAT_dat.k55.cnf, 0.64
/ubc/cs/project/arrow/projects/Sat_Data/bench/HW-verification/40randomsets/16_2_rule_5/SAT_dat.k10.cnf, 0.05
/ubc/cs/project/arrow/projects/Sat_Data/bench/HW-verification/40randomsets/12_rule/SAT_dat.k65.cnf, 0.0
/ubc/cs/project/arrow/projects/Sat_Data/bench/HW-verification/40randomsets/1_14/IBM_FV_2004_rule_batch_1_14_SAT_dat.k35.cnf, 1.04
/ubc/cs/project/arrow/projects/Sat_Data/bench/HW-verification/40randomsets/22_rule/SAT_dat.k30.cnf, 3.14
/ubc/cs/project/arrow/projects/Sat_Data/bench/HW-verification/40randomsets/21_rule/SAT_dat.k55.cnf, 31.57
/ubc/cs/project/arrow/projects/Sat_Data/bench/HW-verification/40randomsets/15/IBM_FV_2004_rule_batch_15_SAT_dat.k60.cnf, 1.74
/ubc/cs/project/arrow/projects/Sat_Data/bench/HW-verification/40randomsets/1_13/IBM_FV_2004_rule_batch_1_13_SAT_dat.k65.cnf, 1.11
/ubc/cs/project/arrow/projects/Sat_Data/bench/HW-verification/40randomsets/18/IBM_FV_2004_rule_batch_18_SAT_dat.k65.cnf, 1363.88
/ubc/cs/project/arrow/projects/Sat_Data/bench/HW-verification/40randomsets/13_rule_8/SAT_dat.k65.cnf, 3600.0
/ubc/cs/project/arrow/projects/Sat_Data/bench/HW-verification/40randomsets/05_rule/SAT_dat.k20.cnf, 0.66
/ubc/cs/project/arrow/projects/Sat_Data/bench/HW-verification/40randomsets/15_rule/SAT_dat.k40.cnf, 0.9
/ubc/cs/project/arrow/projects/Sat_Data/bench/HW-verification/40randomsets/13_rule_19/SAT_dat.k75.cnf, 3600.0
/ubc/cs/project/arrow/projects/Sat_Data/bench/HW-verification/40randomsets/12_rule/SAT_dat.k55.cnf, 0.0
/ubc/cs/project/arrow/projects/Sat_Data/bench/HW-verification/40randomsets/24_1_rule_3/SAT_dat.k60.cnf, 3600.0
/ubc/cs/project/arrow/projects/Sat_Data/bench/HW-verification/40randomsets/2_14/IBM_FV_2004_rule_batch_2_14_SAT_dat.k100.cnf, 1612.59
/ubc/cs/project/arrow/projects/Sat_Data/bench/HW-verification/40randomsets/05_rule/SAT_dat.k40.cnf, 4.48
/ubc/cs/project/arrow/projects/Sat_Data/bench/HW-verification/40randomsets/13_rule_19/SAT_dat.k65.cnf, 3600.0
/ubc/cs/project/arrow/projects/Sat_Data/bench/HW-verification/40randomsets/04_rule/SAT_dat.k10.cnf, 0.1
/ubc/cs/project/arrow/projects/Sat_Data/bench/HW-verification/40randomsets/13_rule_6/SAT_dat.k35.cnf, 3600.0
/ubc/cs/project/arrow/projects/Sat_Data/bench/HW-verification/40randomsets/16_2_rule_5/SAT_dat.k100.cnf, 2.33
/ubc/cs/project/arrow/projects/Sat_Data/bench/HW-verification/40randomsets/21_rule/SAT_dat.k20.cnf, 0.5
/ubc/cs/project/arrow/projects/Sat_Data/bench/HW-verification/40randomsets/15/IBM_FV_2004_rule_batch_15_SAT_dat.k80.cnf, 1.98
/ubc/cs/project/arrow/projects/Sat_Data/bench/HW-verification/40randomsets/13_rule_7/SAT_dat.k40.cnf, 3600.0
/ubc/cs/project/arrow/projects/Sat_Data/bench/HW-verification/40randomsets/1_14/IBM_FV_2004_rule_batch_1_14_SAT_dat.k55.cnf, 1.3
/ubc/cs/project/arrow/projects/Sat_Data/bench/HW-verification/40randomsets/12_rule/SAT_dat.k75.cnf, 0.0
/ubc/cs/project/arrow/projects/Sat_Data/bench/HW-verification/40randomsets/13_rule_22/SAT_dat.k15.cnf, 3600.0
/ubc/cs/project/arrow/projects/Sat_Data/bench/HW-verification/40randomsets/12/IBM_FV_2004_rule_batch_12_SAT_dat.k25.cnf, 0.0
/ubc/cs/project/arrow/projects/Sat_Data/bench/HW-verification/40randomsets/02_1_rule_5/SAT_dat.k1.cnf, 0.0
/ubc/cs/project/arrow/projects/Sat_Data/bench/HW-verification/40randomsets/15/IBM_FV_2004_rule_batch_15_SAT_dat.k70.cnf, 1.71
/ubc/cs/project/arrow/projects/Sat_Data/bench/HW-verification/40randomsets/22_rule/SAT_dat.k40.cnf, 40.66
/ubc/cs/project/arrow/projects/Sat_Data/bench/HW-verification/40randomsets/16_2_rule_3/SAT_dat.k1.cnf, 0.0
/ubc/cs/project/arrow/projects/Sat_Data/bench/HW-verification/40randomsets/1_13/IBM_FV_2004_rule_batch_1_13_SAT_dat.k75.cnf, 1.03
/ubc/cs/project/arrow/projects/Sat_Data/bench/HW-verification/40randomsets/05_rule/SAT_dat.k85.cnf, 115.56
/ubc/cs/project/arrow/projects/Sat_Data/bench/HW-verification/40randomsets/13_rule_8/SAT_dat.k75.cnf, 3600.0
/ubc/cs/project/arrow/projects/Sat_Data/bench/HW-verification/40randomsets/05_rule/SAT_dat.k30.cnf, 1.12
/ubc/cs/project/arrow/projects/Sat_Data/bench/HW-verification/40randomsets/2_31_2/IBM_FV_2004_rule_batch_2_31_2_SAT_dat.k40.cnf, 3600.0
/ubc/cs/project/arrow/projects/Sat_Data/bench/HW-verification/40randomsets/18_rule/SAT_dat.k70.cnf, 916.29
/ubc/cs/project/arrow/projects/Sat_Data/bench/HW-verification/40randomsets/13_rule_24/SAT_dat.k55.cnf, 3600.0
/ubc/cs/project/arrow/projects/Sat_Data/bench/HW-verification/40randomsets/03/IBM_FV_2004_rule_batch_03_SAT_dat.k65.cnf, 12.34
/ubc/cs/project/arrow/projects/Sat_Data/bench/HW-verification/40randomsets/1_14/IBM_FV_2004_rule_batch_1_14_SAT_dat.k20.cnf, 0.4
/ubc/cs/project/arrow/projects/Sat_Data/bench/HW-verification/40randomsets/04_rule/SAT_dat.k30.cnf, 1.56
/ubc/cs/project/arrow/projects/Sat_Data/bench/HW-verification/40randomsets/13_rule_19/SAT_dat.k85.cnf, 3600.0
/ubc/cs/project/arrow/projects/Sat_Data/bench/HW-verification/40randomsets/24_1_rule_3/SAT_dat.k70.cnf, 3600.0
/ubc/cs/project/arrow/projects/Sat_Data/bench/HW-verification/40randomsets/16_2_rule_6/SAT_dat.k15.cnf, 0.08
/ubc/cs/project/arrow/projects/Sat_Data/bench/HW-verification/40randomsets/2_31_2/IBM_FV_2004_rule_batch_2_31_2_SAT_dat.k60.cnf, 3600.0
/ubc/cs/project/arrow/projects/Sat_Data/bench/HW-verification/40randomsets/25_rule/SAT_dat.k100.cnf, 3600.0
/ubc/cs/project/arrow/projects/Sat_Data/bench/HW-verification/40randomsets/05_rule/SAT_dat.k50.cnf, 12.55
/ubc/cs/project/arrow/projects/Sat_Data/bench/HW-verification/40randomsets/2_31_2/IBM_FV_2004_rule_batch_2_31_2_SAT_dat.k100.cnf, 3600.0
/ubc/cs/project/arrow/projects/Sat_Data/bench/HW-verification/40randomsets/1_14/IBM_FV_2004_rule_batch_1_14_SAT_dat.k10.cnf, 0.14
/ubc/cs/project/arrow/projects/Sat_Data/bench/HW-verification/40randomsets/21_rule/SAT_dat.k30.cnf, 3.46
/ubc/cs/project/arrow/projects/Sat_Data/bench/HW-verification/40randomsets/15/IBM_FV_2004_rule_batch_15_SAT_dat.k90.cnf, 2.18
/ubc/cs/project/arrow/projects/Sat_Data/bench/HW-verification/40randomsets/13_rule_7/SAT_dat.k50.cnf, 3600.0
/ubc/cs/project/arrow/projects/Sat_Data/bench/HW-verification/40randomsets/1_13/IBM_FV_2004_rule_batch_1_13_SAT_dat.k95.cnf, 0.86
/ubc/cs/project/arrow/projects/Sat_Data/bench/HW-verification/40randomsets/1_14/IBM_FV_2004_rule_batch_1_14_SAT_dat.k65.cnf, 4.24
/ubc/cs/project/arrow/projects/Sat_Data/bench/HW-verification/40randomsets/1_13/IBM_FV_2004_rule_batch_1_13_SAT_dat.k40.cnf, 1.18
/ubc/cs/project/arrow/projects/Sat_Data/bench/HW-verification/40randomsets/04_rule/SAT_dat.k20.cnf, 0.32
/ubc/cs/project/arrow/projects/Sat_Data/bench/HW-verification/40randomsets/2_17_1/IBM_FV_2004_rule_batch_2_17_1_SAT_dat.k80.cnf, 9.17
/ubc/cs/project/arrow/projects/Sat_Data/bench/HW-verification/40randomsets/02_1_rule_5/SAT_dat.k15.cnf, 0.11
/ubc/cs/project/arrow/projects/Sat_Data/bench/HW-verification/40randomsets/24_1_rule_3/SAT_dat.k90.cnf, 3600.0
/ubc/cs/project/arrow/projects/Sat_Data/bench/HW-verification/40randomsets/12/IBM_FV_2004_rule_batch_12_SAT_dat.k35.cnf, 0.0
/ubc/cs/project/arrow/projects/Sat_Data/bench/HW-verification/40randomsets/12_rule/SAT_dat.k85.cnf, 0.0
/ubc/cs/project/arrow/projects/Sat_Data/bench/HW-verification/40randomsets/13_rule_22/SAT_dat.k25.cnf, 3600.0
/ubc/cs/project/arrow/projects/Sat_Data/bench/HW-verification/40randomsets/16_2_rule_6/SAT_dat.k35.cnf, 0.29
/ubc/cs/project/arrow/projects/Sat_Data/bench/HW-verification/40randomsets/2_31_2/IBM_FV_2004_rule_batch_2_31_2_SAT_dat.k50.cnf, 3600.0
/ubc/cs/project/arrow/projects/Sat_Data/bench/HW-verification/40randomsets/1_13/IBM_FV_2004_rule_batch_1_13_SAT_dat.k85.cnf, 0.93
/ubc/cs/project/arrow/projects/Sat_Data/bench/HW-verification/40randomsets/04_rule/SAT_dat.k40.cnf, 7.5
/ubc/cs/project/arrow/projects/Sat_Data/bench/HW-verification/40randomsets/1_14/IBM_FV_2004_rule_batch_1_14_SAT_dat.k30.cnf, 0.65
/ubc/cs/project/arrow/projects/Sat_Data/bench/HW-verification/40randomsets/12_rule/SAT_dat.k100.cnf, 0.0
/ubc/cs/project/arrow/projects/Sat_Data/bench/HW-verification/40randomsets/18_rule/SAT_dat.k80.cnf, 2935.47
/ubc/cs/project/arrow/projects/Sat_Data/bench/HW-verification/40randomsets/14_rule_2/SAT_dat.k95.cnf, 2164.55
/ubc/cs/project/arrow/projects/Sat_Data/bench/HW-verification/40randomsets/13_rule_19/SAT_dat.k95.cnf, 3600.0
/ubc/cs/project/arrow/projects/Sat_Data/bench/HW-verification/40randomsets/13_rule_7/SAT_dat.k70.cnf, 3600.0
/ubc/cs/project/arrow/projects/Sat_Data/bench/HW-verification/40randomsets/24_1_rule_3/SAT_dat.k80.cnf, 3600.0
/ubc/cs/project/arrow/projects/Sat_Data/bench/HW-verification/40randomsets/1_13/IBM_FV_2004_rule_batch_1_13_SAT_dat.k60.cnf, 0.72
/ubc/cs/project/arrow/projects/Sat_Data/bench/HW-verification/40randomsets/03/IBM_FV_2004_rule_batch_03_SAT_dat.k75.cnf, 48.07
/ubc/cs/project/arrow/projects/Sat_Data/bench/HW-verification/40randomsets/13_rule_24/SAT_dat.k65.cnf, 3600.0
/ubc/cs/project/arrow/projects/Sat_Data/bench/HW-verification/40randomsets/16_2_rule_6/SAT_dat.k25.cnf, 0.15
/ubc/cs/project/arrow/projects/Sat_Data/bench/HW-verification/40randomsets/2_17_2/IBM_FV_2004_rule_batch_2_17_2_SAT_dat.k35.cnf, 0.35
/ubc/cs/project/arrow/projects/Sat_Data/bench/HW-verification/40randomsets/13_rule_22/SAT_dat.k45.cnf, 3600.0
/ubc/cs/project/arrow/projects/Sat_Data/bench/HW-verification/40randomsets/13_rule_19/SAT_dat.k20.cnf, 3600.0
/ubc/cs/project/arrow/projects/Sat_Data/bench/HW-verification/40randomsets/12/IBM_FV_2004_rule_batch_12_SAT_dat.k55.cnf, 0.0
/ubc/cs/project/arrow/projects/Sat_Data/bench/HW-verification/40randomsets/2_31_2/IBM_FV_2004_rule_batch_2_31_2_SAT_dat.k70.cnf, 3600.0
/ubc/cs/project/arrow/projects/Sat_Data/bench/HW-verification/40randomsets/13_rule_7/SAT_dat.k60.cnf, 3600.0
/ubc/cs/project/arrow/projects/Sat_Data/bench/HW-verification/40randomsets/1_13/IBM_FV_2004_rule_batch_1_13_SAT_dat.k50.cnf, 1.36
/ubc/cs/project/arrow/projects/Sat_Data/bench/HW-verification/40randomsets/13_rule_24/SAT_dat.k30.cnf, 3600.0
/ubc/cs/project/arrow/projects/Sat_Data/bench/HW-verification/40randomsets/14_rule_2/SAT_dat.k60.cnf, 78.27
/ubc/cs/project/arrow/projects/Sat_Data/bench/HW-verification/40randomsets/13_rule_24/SAT_dat.k85.cnf, 3600.0
/ubc/cs/project/arrow/projects/Sat_Data/bench/HW-verification/40randomsets/02_1_rule_5/SAT_dat.k25.cnf, 0.41
/ubc/cs/project/arrow/projects/Sat_Data/bench/HW-verification/40randomsets/13_rule_22/SAT_dat.k35.cnf, 3600.0
/ubc/cs/project/arrow/projects/Sat_Data/bench/HW-verification/40randomsets/12/IBM_FV_2004_rule_batch_12_SAT_dat.k45.cnf, 0.0
/ubc/cs/project/arrow/projects/Sat_Data/bench/HW-verification/40randomsets/03/IBM_FV_2004_rule_batch_03_SAT_dat.k95.cnf, 238.97
/ubc/cs/project/arrow/projects/Sat_Data/bench/HW-verification/40randomsets/13_rule_24/SAT_dat.k75.cnf, 3600.0
/ubc/cs/project/arrow/projects/Sat_Data/bench/HW-verification/40randomsets/2_14/IBM_FV_2004_rule_batch_2_14_SAT_dat.k15.cnf, 0.77
/ubc/cs/project/arrow/projects/Sat_Data/bench/HW-verification/40randomsets/31_1_rule_2/SAT_dat.k1.cnf, 0.0
/ubc/cs/project/arrow/projects/Sat_Data/bench/HW-verification/40randomsets/16_2_rule_6/SAT_dat.k45.cnf, 0.5
/ubc/cs/project/arrow/projects/Sat_Data/bench/HW-verification/40randomsets/1_17_2/IBM_FV_2004_rule_batch_1_17_2_SAT_dat.k15.cnf, 0.12
/ubc/cs/project/arrow/projects/Sat_Data/bench/HW-verification/40randomsets/22_rule/SAT_dat.k75.cnf, 894.19
/ubc/cs/project/arrow/projects/Sat_Data/bench/HW-verification/40randomsets/13_rule_7/SAT_dat.k80.cnf, 3600.0
/ubc/cs/project/arrow/projects/Sat_Data/bench/HW-verification/40randomsets/04_rule/SAT_dat.k50.cnf, 22.81
/ubc/cs/project/arrow/projects/Sat_Data/bench/HW-verification/40randomsets/13_rule_22/SAT_dat.k55.cnf, 3600.0
/ubc/cs/project/arrow/projects/Sat_Data/bench/HW-verification/40randomsets/1_14/IBM_FV_2004_rule_batch_1_14_SAT_dat.k40.cnf, 1.53
/ubc/cs/project/arrow/projects/Sat_Data/bench/HW-verification/40randomsets/18_rule/SAT_dat.k90.cnf, 3600.0
/ubc/cs/project/arrow/projects/Sat_Data/bench/HW-verification/40randomsets/03/IBM_FV_2004_rule_batch_03_SAT_dat.k85.cnf, 126.56
/ubc/cs/project/arrow/projects/Sat_Data/bench/HW-verification/40randomsets/1_13/IBM_FV_2004_rule_batch_1_13_SAT_dat.k70.cnf, 0.96
/ubc/cs/project/arrow/projects/Sat_Data/bench/HW-verification/40randomsets/02_1_rule_5/SAT_dat.k45.cnf, 0.9
/ubc/cs/project/arrow/projects/Sat_Data/bench/HW-verification/40randomsets/12/IBM_FV_2004_rule_batch_12_SAT_dat.k65.cnf, 0.0
/ubc/cs/project/arrow/projects/Sat_Data/bench/HW-verification/40randomsets/2_31_2/IBM_FV_2004_rule_batch_2_31_2_SAT_dat.k80.cnf, 3600.0
/ubc/cs/project/arrow/projects/Sat_Data/bench/HW-verification/40randomsets/13_rule_24/SAT_dat.k40.cnf, 3600.0
/ubc/cs/project/arrow/projects/Sat_Data/bench/HW-verification/40randomsets/24_1_rule_3/SAT_dat.k15.cnf, 2.79
/ubc/cs/project/arrow/projects/Sat_Data/bench/HW-verification/40randomsets/18_rule/SAT_dat.k15.cnf, 2.0
/ubc/cs/project/arrow/projects/Sat_Data/bench/HW-verification/40randomsets/13_rule_24/SAT_dat.k95.cnf, 3600.0
/ubc/cs/project/arrow/projects/Sat_Data/bench/HW-verification/40randomsets/16_2_rule_5/SAT_dat.k20.cnf, 0.12
/ubc/cs/project/arrow/projects/Sat_Data/bench/HW-verification/40randomsets/21_rule/SAT_dat.k65.cnf, 118.08
/ubc/cs/project/arrow/projects/Sat_Data/bench/HW-verification/40randomsets/02_1_rule_5/SAT_dat.k35.cnf, 0.58
/ubc/cs/project/arrow/projects/Sat_Data/bench/HW-verification/40randomsets/13_rule_22/SAT_dat.k20.cnf, 3600.0
/ubc/cs/project/arrow/projects/Sat_Data/bench/HW-verification/40randomsets/1_17_2/IBM_FV_2004_rule_batch_1_17_2_SAT_dat.k35.cnf, 0.37
/ubc/cs/project/arrow/projects/Sat_Data/bench/HW-verification/40randomsets/21_rule/SAT_dat.k100.cnf, 689.49
/ubc/cs/project/arrow/projects/Sat_Data/bench/HW-verification/40randomsets/2_14/IBM_FV_2004_rule_batch_2_14_SAT_dat.k25.cnf, 5.26
/ubc/cs/project/arrow/projects/Sat_Data/bench/HW-verification/40randomsets/15_rule/SAT_dat.k50.cnf, 1.16
/ubc/cs/project/arrow/projects/Sat_Data/bench/HW-verification/40randomsets/13_rule_22/SAT_dat.k10.cnf, 3600.0
/ubc/cs/project/arrow/projects/Sat_Data/bench/HW-verification/40randomsets/22_rule/SAT_dat.k85.cnf, 3600.0
/ubc/cs/project/arrow/projects/Sat_Data/bench/HW-verification/40randomsets/13_rule_7/SAT_dat.k90.cnf, 3600.0
/ubc/cs/project/arrow/projects/Sat_Data/bench/HW-verification/40randomsets/1_13/IBM_FV_2004_rule_batch_1_13_SAT_dat.k80.cnf, 0.84
/ubc/cs/project/arrow/projects/Sat_Data/bench/HW-verification/40randomsets/16_2_rule_5/SAT_dat.k40.cnf, 0.34
/ubc/cs/project/arrow/projects/Sat_Data/bench/HW-verification/40randomsets/13_rule_24/SAT_dat.k60.cnf, 3600.0
/ubc/cs/project/arrow/projects/Sat_Data/bench/HW-verification/40randomsets/1_17_2/IBM_FV_2004_rule_batch_1_17_2_SAT_dat.k25.cnf, 0.22
/ubc/cs/project/arrow/projects/Sat_Data/bench/HW-verification/40randomsets/02_1_rule_5/SAT_dat.k55.cnf, 1.02
/ubc/cs/project/arrow/projects/Sat_Data/bench/HW-verification/40randomsets/12/IBM_FV_2004_rule_batch_12_SAT_dat.k75.cnf, 0.0
/ubc/cs/project/arrow/projects/Sat_Data/bench/HW-verification/40randomsets/3_16_2/IBM_FV_2004_rule_batch_3_16_2_SAT_dat.k10.cnf, 0.03
/ubc/cs/project/arrow/projects/Sat_Data/bench/HW-verification/40randomsets/18_rule/SAT_dat.k25.cnf, 35.93
/ubc/cs/project/arrow/projects/Sat_Data/bench/HW-verification/40randomsets/13_rule_24/SAT_dat.k50.cnf, 3600.0
/ubc/cs/project/arrow/projects/Sat_Data/bench/HW-verification/40randomsets/18/IBM_FV_2004_rule_batch_18_SAT_dat.k20.cnf, 5.5
/ubc/cs/project/arrow/projects/Sat_Data/bench/HW-verification/40randomsets/2_14/IBM_FV_2004_rule_batch_2_14_SAT_dat.k45.cnf, 36.69
/ubc/cs/project/arrow/projects/Sat_Data/bench/HW-verification/40randomsets/15_rule/SAT_dat.k70.cnf, 1.75
/ubc/cs/project/arrow/projects/Sat_Data/bench/HW-verification/40randomsets/26/IBM_FV_2004_rule_batch_26_SAT_dat.k35.cnf, 2.93
/ubc/cs/project/arrow/projects/Sat_Data/bench/HW-verification/40randomsets/16_2_rule_5/SAT_dat.k30.cnf, 0.23
/ubc/cs/project/arrow/projects/Sat_Data/bench/HW-verification/40randomsets/21_rule/SAT_dat.k75.cnf, 237.62
/ubc/cs/project/arrow/projects/Sat_Data/bench/HW-verification/40randomsets/13_rule_22/SAT_dat.k30.cnf, 3600.0
/ubc/cs/project/arrow/projects/Sat_Data/bench/HW-verification/40randomsets/05_rule/SAT_dat.k95.cnf, 54.87
/ubc/cs/project/arrow/projects/Sat_Data/bench/HW-verification/40randomsets/16_2_rule_3/SAT_dat.k10.cnf, 0.03
/ubc/cs/project/arrow/projects/Sat_Data/bench/HW-verification/40randomsets/1_17_2/IBM_FV_2004_rule_batch_1_17_2_SAT_dat.k45.cnf, 0.56
/ubc/cs/project/arrow/projects/Sat_Data/bench/HW-verification/40randomsets/15_rule/SAT_dat.k60.cnf, 1.65
/ubc/cs/project/arrow/projects/Sat_Data/bench/HW-verification/40randomsets/13_rule_8/SAT_dat.k10.cnf, 3600.0
/ubc/cs/project/arrow/projects/Sat_Data/bench/HW-verification/40randomsets/18/IBM_FV_2004_rule_batch_18_SAT_dat.k10.cnf, 0.24
/ubc/cs/project/arrow/projects/Sat_Data/bench/HW-verification/40randomsets/02_1_rule_5/SAT_dat.k20.cnf, 0.17
/ubc/cs/project/arrow/projects/Sat_Data/bench/HW-verification/40randomsets/2_14/IBM_FV_2004_rule_batch_2_14_SAT_dat.k35.cnf, 15.12
/ubc/cs/project/arrow/projects/Sat_Data/bench/HW-verification/40randomsets/13_rule_24/SAT_dat.k70.cnf, 3600.0
/ubc/cs/project/arrow/projects/Sat_Data/bench/HW-verification/40randomsets/31_1_rule_2/SAT_dat.k15.cnf, 2.1
/ubc/cs/project/arrow/projects/Sat_Data/bench/HW-verification/40randomsets/16_2_rule_5/SAT_dat.k50.cnf, 0.44
/ubc/cs/project/arrow/projects/Sat_Data/bench/HW-verification/40randomsets/22_rule/SAT_dat.k95.cnf, 3600.0
/ubc/cs/project/arrow/projects/Sat_Data/bench/HW-verification/40randomsets/05_rule/SAT_dat.k60.cnf, 13.01
/ubc/cs/project/arrow/projects/Sat_Data/bench/HW-verification/40randomsets/04_rule/SAT_dat.k85.cnf, 391.31
/ubc/cs/project/arrow/projects/Sat_Data/bench/HW-verification/40randomsets/02_1_rule_5/SAT_dat.k10.cnf, 0.06
/ubc/cs/project/arrow/projects/Sat_Data/bench/HW-verification/40randomsets/3_16_2/IBM_FV_2004_rule_batch_3_16_2_SAT_dat.k100.cnf, 1.24
/ubc/cs/project/arrow/projects/Sat_Data/bench/HW-verification/40randomsets/21_rule/SAT_dat.k95.cnf, 489.2
/ubc/cs/project/arrow/projects/Sat_Data/bench/HW-verification/40randomsets/02_1_rule_5/SAT_dat.k65.cnf, 2.21
/ubc/cs/project/arrow/projects/Sat_Data/bench/HW-verification/40randomsets/3_16_2/IBM_FV_2004_rule_batch_3_16_2_SAT_dat.k20.cnf, 0.06
/ubc/cs/project/arrow/projects/Sat_Data/bench/HW-verification/40randomsets/1_14/IBM_FV_2004_rule_batch_1_14_SAT_dat.k75.cnf, 10.36
/ubc/cs/project/arrow/projects/Sat_Data/bench/HW-verification/40randomsets/13_rule_8/SAT_dat.k100.cnf, 3600.0
/ubc/cs/project/arrow/projects/Sat_Data/bench/HW-verification/40randomsets/18/IBM_FV_2004_rule_batch_18_SAT_dat.k30.cnf, 130.65
/ubc/cs/project/arrow/projects/Sat_Data/bench/HW-verification/40randomsets/15_rule/SAT_dat.k80.cnf, 1.95
/ubc/cs/project/arrow/projects/Sat_Data/bench/HW-verification/40randomsets/26/IBM_FV_2004_rule_batch_26_SAT_dat.k45.cnf, 7.26
/ubc/cs/project/arrow/projects/Sat_Data/bench/HW-verification/40randomsets/2_14/IBM_FV_2004_rule_batch_2_14_SAT_dat.k55.cnf, 73.34
/ubc/cs/project/arrow/projects/Sat_Data/bench/HW-verification/40randomsets/1_17_2/IBM_FV_2004_rule_batch_1_17_2_SAT_dat.k55.cnf, 0.69
/ubc/cs/project/arrow/projects/Sat_Data/bench/HW-verification/40randomsets/16_2_rule_3/SAT_dat.k20.cnf, 0.09
/ubc/cs/project/arrow/projects/Sat_Data/bench/HW-verification/40randomsets/06/IBM_FV_2004_rule_batch_06_SAT_dat.k25.cnf, 0.83
/ubc/cs/project/arrow/projects/Sat_Data/bench/HW-verification/40randomsets/12_rule/SAT_dat.k20.cnf, 0.0
/ubc/cs/project/arrow/projects/Sat_Data/bench/HW-verification/40randomsets/21_rule/SAT_dat.k85.cnf, 407.21
/ubc/cs/project/arrow/projects/Sat_Data/bench/HW-verification/40randomsets/28_rule/SAT_dat.k15.cnf, 4.63
/ubc/cs/project/arrow/projects/Sat_Data/bench/HW-verification/40randomsets/13_rule_8/SAT_dat.k20.cnf, 3600.0
/ubc/cs/project/arrow/projects/Sat_Data/bench/HW-verification/40randomsets/13_rule_22/SAT_dat.k100.cnf, 3600.0
/ubc/cs/project/arrow/projects/Sat_Data/bench/HW-verification/40randomsets/02_1_rule_5/SAT_dat.k30.cnf, 0.58
/ubc/cs/project/arrow/projects/Sat_Data/bench/HW-verification/40randomsets/26/IBM_FV_2004_rule_batch_26_SAT_dat.k65.cnf, 4.61
/ubc/cs/project/arrow/projects/Sat_Data/bench/HW-verification/40randomsets/13_rule_24/SAT_dat.k80.cnf, 3600.0
/ubc/cs/project/arrow/projects/Sat_Data/bench/HW-verification/40randomsets/13_rule_19/SAT_dat.k30.cnf, 3600.0
/ubc/cs/project/arrow/projects/Sat_Data/bench/HW-verification/40randomsets/06/IBM_FV_2004_rule_batch_06_SAT_dat.k15.cnf, 0.19
/ubc/cs/project/arrow/projects/Sat_Data/bench/HW-verification/40randomsets/26/IBM_FV_2004_rule_batch_26_SAT_dat.k10.cnf, 2.19
/ubc/cs/project/arrow/projects/Sat_Data/bench/HW-verification/40randomsets/16_2_rule_5/SAT_dat.k60.cnf, 0.93
/ubc/cs/project/arrow/projects/Sat_Data/bench/HW-verification/40randomsets/2_17_2/IBM_FV_2004_rule_batch_2_17_2_SAT_dat.k10.cnf, 0.07
/ubc/cs/project/arrow/projects/Sat_Data/bench/HW-verification/40randomsets/31_1_rule_2/SAT_dat.k25.cnf, 123.83
/ubc/cs/project/arrow/projects/Sat_Data/bench/HW-verification/40randomsets/3_16_2/IBM_FV_2004_rule_batch_3_16_2_SAT_dat.k30.cnf, 0.12
/ubc/cs/project/arrow/projects/Sat_Data/bench/HW-verification/40randomsets/04_rule/SAT_dat.k95.cnf, 2099.57
/ubc/cs/project/arrow/projects/Sat_Data/bench/HW-verification/40randomsets/12_rule/SAT_dat.k40.cnf, 0.0
/ubc/cs/project/arrow/projects/Sat_Data/bench/HW-verification/40randomsets/1_14/IBM_FV_2004_rule_batch_1_14_SAT_dat.k85.cnf, 1.65
/ubc/cs/project/arrow/projects/Sat_Data/bench/HW-verification/40randomsets/05_rule/SAT_dat.k70.cnf, 15.81
/ubc/cs/project/arrow/projects/Sat_Data/bench/HW-verification/40randomsets/15_rule/SAT_dat.k90.cnf, 2.26
/ubc/cs/project/arrow/projects/Sat_Data/bench/HW-verification/40randomsets/18/IBM_FV_2004_rule_batch_18_SAT_dat.k40.cnf, 220.4
/ubc/cs/project/arrow/projects/Sat_Data/bench/HW-verification/40randomsets/13_rule_8/SAT_dat.k40.cnf, 3600.0
/ubc/cs/project/arrow/projects/Sat_Data/bench/HW-verification/40randomsets/26/IBM_FV_2004_rule_batch_26_SAT_dat.k55.cnf, 3.77
/ubc/cs/project/arrow/projects/Sat_Data/bench/HW-verification/40randomsets/2_14/IBM_FV_2004_rule_batch_2_14_SAT_dat.k65.cnf, 125.82
/ubc/cs/project/arrow/projects/Sat_Data/bench/HW-verification/40randomsets/12_rule/SAT_dat.k30.cnf, 0.0
/ubc/cs/project/arrow/projects/Sat_Data/bench/HW-verification/40randomsets/06/IBM_FV_2004_rule_batch_06_SAT_dat.k35.cnf, 7.1
/ubc/cs/project/arrow/projects/Sat_Data/bench/HW-verification/40randomsets/02_2/IBM_FV_2004_rule_batch_02_2_SAT_dat.k100.cnf, 5.72
/ubc/cs/project/arrow/projects/Sat_Data/bench/HW-verification/40randomsets/16_2_rule_6/SAT_dat.k55.cnf, 0.7
/ubc/cs/project/arrow/projects/Sat_Data/bench/HW-verification/40randomsets/13_rule_19/SAT_dat.k50.cnf, 3600.0
/ubc/cs/project/arrow/projects/Sat_Data/bench/HW-verification/40randomsets/28_rule/SAT_dat.k25.cnf, 6.95
/ubc/cs/project/arrow/projects/Sat_Data/bench/HW-verification/40randomsets/13_rule_8/SAT_dat.k85.cnf, 3600.0
/ubc/cs/project/arrow/projects/Sat_Data/bench/HW-verification/40randomsets/13_rule_22/SAT_dat.k65.cnf, 3600.0
/ubc/cs/project/arrow/projects/Sat_Data/bench/HW-verification/40randomsets/04_rule/SAT_dat.k60.cnf, 69.14
/ubc/cs/project/arrow/projects/Sat_Data/bench/HW-verification/40randomsets/13_rule_8/SAT_dat.k30.cnf, 3600.0
/ubc/cs/project/arrow/projects/Sat_Data/bench/HW-verification/40randomsets/02_2/IBM_FV_2004_rule_batch_02_2_SAT_dat.k25.cnf, 0.5
/ubc/cs/project/arrow/projects/Sat_Data/bench/HW-verification/40randomsets/05_rule/SAT_dat.k90.cnf, 62.15
/ubc/cs/project/arrow/projects/Sat_Data/bench/HW-verification/40randomsets/26/IBM_FV_2004_rule_batch_26_SAT_dat.k75.cnf, 5.34
/ubc/cs/project/arrow/projects/Sat_Data/bench/HW-verification/40randomsets/13_rule_6/SAT_dat.k10.cnf, 3600.0
/ubc/cs/project/arrow/projects/Sat_Data/bench/HW-verification/40randomsets/26/IBM_FV_2004_rule_batch_26_SAT_dat.k20.cnf, 1.6
/ubc/cs/project/arrow/projects/Sat_Data/bench/HW-verification/40randomsets/2_31_2/IBM_FV_2004_rule_batch_2_31_2_SAT_dat.k90.cnf, 3600.0
/ubc/cs/project/arrow/projects/Sat_Data/bench/HW-verification/40randomsets/13_rule_19/SAT_dat.k40.cnf, 3600.0
/ubc/cs/project/arrow/projects/Sat_Data/bench/HW-verification/40randomsets/26_rule/SAT_dat.k90.cnf, 3600.0
/ubc/cs/project/arrow/projects/Sat_Data/bench/HW-verification/40randomsets/1_14/IBM_FV_2004_rule_batch_1_14_SAT_dat.k95.cnf, 34.78
/ubc/cs/project/arrow/projects/Sat_Data/bench/HW-verification/40randomsets/05_rule/SAT_dat.k80.cnf, 24.97
/ubc/cs/project/arrow/projects/Sat_Data/bench/HW-verification/40randomsets/12_rule/SAT_dat.k50.cnf, 0.0
/ubc/cs/project/arrow/projects/Sat_Data/bench/HW-verification/40randomsets/04_rule/SAT_dat.k80.cnf, 441.29
/ubc/cs/project/arrow/projects/Sat_Data/bench/HW-verification/40randomsets/28_rule/SAT_dat.k45.cnf, 16.63
/ubc/cs/project/arrow/projects/Sat_Data/bench/HW-verification/40randomsets/14_rule_2/SAT_dat.k1.cnf, 0.0
/ubc/cs/project/arrow/projects/Sat_Data/bench/HW-verification/40randomsets/13_rule_8/SAT_dat.k50.cnf, 3600.0
/ubc/cs/project/arrow/projects/Sat_Data/bench/HW-verification/40randomsets/13_rule_19/SAT_dat.k100.cnf, 3600.0
/ubc/cs/project/arrow/projects/Sat_Data/bench/HW-verification/40randomsets/1_17_2/IBM_FV_2004_rule_batch_1_17_2_SAT_dat.k100.cnf, 1.98
/ubc/cs/project/arrow/projects/Sat_Data/bench/HW-verification/40randomsets/2_17_1/IBM_FV_2004_rule_batch_2_17_1_SAT_dat.k90.cnf, 13.08
/ubc/cs/project/arrow/projects/Sat_Data/bench/HW-verification/40randomsets/13_rule_19/SAT_dat.k60.cnf, 3600.0
/ubc/cs/project/arrow/projects/Sat_Data/bench/HW-verification/40randomsets/06/IBM_FV_2004_rule_batch_06_SAT_dat.k45.cnf, 5.18
/ubc/cs/project/arrow/projects/Sat_Data/bench/HW-verification/40randomsets/26/IBM_FV_2004_rule_batch_26_SAT_dat.k40.cnf, 2.68
/ubc/cs/project/arrow/projects/Sat_Data/bench/HW-verification/40randomsets/03/IBM_FV_2004_rule_batch_03_SAT_dat.k40.cnf, 1.85
/ubc/cs/project/arrow/projects/Sat_Data/bench/HW-verification/40randomsets/02_2/IBM_FV_2004_rule_batch_02_2_SAT_dat.k35.cnf, 0.72
/ubc/cs/project/arrow/projects/Sat_Data/bench/HW-verification/40randomsets/04_rule/SAT_dat.k70.cnf, 171.16
/ubc/cs/project/arrow/projects/Sat_Data/bench/HW-verification/40randomsets/25_rule/SAT_dat.k80.cnf, 3600.0
/ubc/cs/project/arrow/projects/Sat_Data/bench/HW-verification/40randomsets/28_rule/SAT_dat.k35.cnf, 5.52
/ubc/cs/project/arrow/projects/Sat_Data/bench/HW-verification/40randomsets/16_2_rule_3/SAT_dat.k55.cnf, 0.6
/ubc/cs/project/arrow/projects/Sat_Data/bench/HW-verification/40randomsets/13_rule_22/SAT_dat.k75.cnf, 3600.0
/ubc/cs/project/arrow/projects/Sat_Data/bench/HW-verification/40randomsets/24_1_rule_3/SAT_dat.k100.cnf, 3600.0
/ubc/cs/project/arrow/projects/Sat_Data/bench/HW-verification/40randomsets/26/IBM_FV_2004_rule_batch_26_SAT_dat.k85.cnf, 3600.0
/ubc/cs/project/arrow/projects/Sat_Data/bench/HW-verification/40randomsets/26/IBM_FV_2004_rule_batch_26_SAT_dat.k30.cnf, 4.2
/ubc/cs/project/arrow/projects/Sat_Data/bench/HW-verification/40randomsets/12_rule/SAT_dat.k60.cnf, 0.0
/ubc/cs/project/arrow/projects/Sat_Data/bench/HW-verification/40randomsets/12/IBM_FV_2004_rule_batch_12_SAT_dat.k10.cnf, 0.0
/ubc/cs/project/arrow/projects/Sat_Data/bench/HW-verification/40randomsets/2_17_2/IBM_FV_2004_rule_batch_2_17_2_SAT_dat.k45.cnf, 0.51
/ubc/cs/project/arrow/projects/Sat_Data/bench/HW-verification/40randomsets/15/IBM_FV_2004_rule_batch_15_SAT_dat.k15.cnf, 0.29
/ubc/cs/project/arrow/projects/Sat_Data/bench/HW-verification/40randomsets/06/IBM_FV_2004_rule_batch_06_SAT_dat.k10.cnf, 0.1
/ubc/cs/project/arrow/projects/Sat_Data/bench/HW-verification/40randomsets/16_2_rule_5/SAT_dat.k95.cnf, 3.39
/ubc/cs/project/arrow/projects/Sat_Data/bench/HW-verification/40randomsets/16_2_rule_6/SAT_dat.k10.cnf, 0.05
/ubc/cs/project/arrow/projects/Sat_Data/bench/HW-verification/40randomsets/04_rule/SAT_dat.k90.cnf, 529.72
/ubc/cs/project/arrow/projects/Sat_Data/bench/HW-verification/40randomsets/14_rule_2/SAT_dat.k70.cnf, 240.1
/ubc/cs/project/arrow/projects/Sat_Data/bench/HW-verification/40randomsets/02_2/IBM_FV_2004_rule_batch_02_2_SAT_dat.k55.cnf, 0.88
/ubc/cs/project/arrow/projects/Sat_Data/bench/HW-verification/40randomsets/28_rule/SAT_dat.k55.cnf, 23.27
/ubc/cs/project/arrow/projects/Sat_Data/bench/HW-verification/40randomsets/26/IBM_FV_2004_rule_batch_26_SAT_dat.k100.cnf, 3600.0
/ubc/cs/project/arrow/projects/Sat_Data/bench/HW-verification/40randomsets/3_16_2/IBM_FV_2004_rule_batch_3_16_2_SAT_dat.k65.cnf, 0.69
/ubc/cs/project/arrow/projects/Sat_Data/bench/HW-verification/40randomsets/13_rule_22/SAT_dat.k95.cnf, 3600.0
/ubc/cs/project/arrow/projects/Sat_Data/bench/HW-verification/40randomsets/26/IBM_FV_2004_rule_batch_26_SAT_dat.k50.cnf, 3.13
/ubc/cs/project/arrow/projects/Sat_Data/bench/HW-verification/40randomsets/03/IBM_FV_2004_rule_batch_03_SAT_dat.k50.cnf, 5.3
/ubc/cs/project/arrow/projects/Sat_Data/bench/HW-verification/40randomsets/13_rule_19/SAT_dat.k70.cnf, 3600.0
/ubc/cs/project/arrow/projects/Sat_Data/bench/HW-verification/40randomsets/26_rule/SAT_dat.k25.cnf, 24.18
/ubc/cs/project/arrow/projects/Sat_Data/bench/HW-verification/40randomsets/09_rule/SAT_dat.k15.cnf, 0.11
/ubc/cs/project/arrow/projects/Sat_Data/bench/HW-verification/40randomsets/18/IBM_FV_2004_rule_batch_18_SAT_dat.k75.cnf, 3600.0
/ubc/cs/project/arrow/projects/Sat_Data/bench/HW-verification/40randomsets/25_rule/SAT_dat.k90.cnf, 3600.0
/ubc/cs/project/arrow/projects/Sat_Data/bench/HW-verification/40randomsets/16_2_rule_3/SAT_dat.k65.cnf, 0.97
/ubc/cs/project/arrow/projects/Sat_Data/bench/HW-verification/40randomsets/13_rule_22/SAT_dat.k85.cnf, 3600.0
/ubc/cs/project/arrow/projects/Sat_Data/bench/HW-verification/40randomsets/12/IBM_FV_2004_rule_batch_12_SAT_dat.k30.cnf, 0.0
/ubc/cs/project/arrow/projects/Sat_Data/bench/HW-verification/40randomsets/02_2/IBM_FV_2004_rule_batch_02_2_SAT_dat.k45.cnf, 1.16
/ubc/cs/project/arrow/projects/Sat_Data/bench/HW-verification/40randomsets/2_17_1/IBM_FV_2004_rule_batch_2_17_1_SAT_dat.k25.cnf, 1.12
/ubc/cs/project/arrow/projects/Sat_Data/bench/HW-verification/40randomsets/26_rule/SAT_dat.k15.cnf, 2.52
/ubc/cs/project/arrow/projects/Sat_Data/bench/HW-verification/40randomsets/02_1_rule_5/SAT_dat.k75.cnf, 2.52
/ubc/cs/project/arrow/projects/Sat_Data/bench/HW-verification/40randomsets/03/IBM_FV_2004_rule_batch_03_SAT_dat.k70.cnf, 39.68
/ubc/cs/project/arrow/projects/Sat_Data/bench/HW-verification/40randomsets/06/IBM_FV_2004_rule_batch_06_SAT_dat.k20.cnf, 0.33
/ubc/cs/project/arrow/projects/Sat_Data/bench/HW-verification/40randomsets/13_rule_6/SAT_dat.k45.cnf, 3600.0
/ubc/cs/project/arrow/projects/Sat_Data/bench/HW-verification/40randomsets/25_rule/SAT_dat.k15.cnf, 3600.0
/ubc/cs/project/arrow/projects/Sat_Data/bench/HW-verification/40randomsets/2_17_2/IBM_FV_2004_rule_batch_2_17_2_SAT_dat.k55.cnf, 0.69
/ubc/cs/project/arrow/projects/Sat_Data/bench/HW-verification/40randomsets/12/IBM_FV_2004_rule_batch_12_SAT_dat.k20.cnf, 0.0
/ubc/cs/project/arrow/projects/Sat_Data/bench/HW-verification/40randomsets/02_2/IBM_FV_2004_rule_batch_02_2_SAT_dat.k10.cnf, 0.04
/ubc/cs/project/arrow/projects/Sat_Data/bench/HW-verification/40randomsets/16_2_rule_6/SAT_dat.k20.cnf, 0.12
/ubc/cs/project/arrow/projects/Sat_Data/bench/HW-verification/40randomsets/16_2_rule_3/SAT_dat.k30.cnf, 0.17
/ubc/cs/project/arrow/projects/Sat_Data/bench/HW-verification/40randomsets/28_rule/SAT_dat.k65.cnf, 32.68
/ubc/cs/project/arrow/projects/Sat_Data/bench/HW-verification/40randomsets/16_2_rule_3/SAT_dat.k85.cnf, 2.64
/ubc/cs/project/arrow/projects/Sat_Data/bench/HW-verification/40randomsets/3_16_2/IBM_FV_2004_rule_batch_3_16_2_SAT_dat.k75.cnf, 0.6
/ubc/cs/project/arrow/projects/Sat_Data/bench/HW-verification/40randomsets/2_17_1/IBM_FV_2004_rule_batch_2_17_1_SAT_dat.k15.cnf, 0.25
/ubc/cs/project/arrow/projects/Sat_Data/bench/HW-verification/40randomsets/14_rule_2/SAT_dat.k80.cnf, 522.27
/ubc/cs/project/arrow/projects/Sat_Data/bench/HW-verification/40randomsets/02_2/IBM_FV_2004_rule_batch_02_2_SAT_dat.k65.cnf, 2.76
/ubc/cs/project/arrow/projects/Sat_Data/bench/HW-verification/40randomsets/09_rule/SAT_dat.k25.cnf, 0.24
/ubc/cs/project/arrow/projects/Sat_Data/bench/HW-verification/40randomsets/26_rule/SAT_dat.k35.cnf, 4.73
/ubc/cs/project/arrow/projects/Sat_Data/bench/HW-verification/40randomsets/02_1_rule_5/SAT_dat.k40.cnf, 1.11
/ubc/cs/project/arrow/projects/Sat_Data/bench/HW-verification/40randomsets/02_1_rule_5/SAT_dat.k95.cnf, 13.16
/ubc/cs/project/arrow/projects/Sat_Data/bench/HW-verification/40randomsets/22_rule/SAT_dat.k50.cnf, 230.2
/ubc/cs/project/arrow/projects/Sat_Data/bench/HW-verification/40randomsets/26/IBM_FV_2004_rule_batch_26_SAT_dat.k60.cnf, 3600.0
/ubc/cs/project/arrow/projects/Sat_Data/bench/HW-verification/40randomsets/03/IBM_FV_2004_rule_batch_03_SAT_dat.k60.cnf, 16.65
/ubc/cs/project/arrow/projects/Sat_Data/bench/HW-verification/40randomsets/18/IBM_FV_2004_rule_batch_18_SAT_dat.k85.cnf, 3600.0
/ubc/cs/project/arrow/projects/Sat_Data/bench/HW-verification/40randomsets/2_17_2/IBM_FV_2004_rule_batch_2_17_2_SAT_dat.k75.cnf, 0.99
/ubc/cs/project/arrow/projects/Sat_Data/bench/HW-verification/40randomsets/31_1_rule_2/SAT_dat.k35.cnf, 3600.0
/ubc/cs/project/arrow/projects/Sat_Data/bench/HW-verification/40randomsets/12/IBM_FV_2004_rule_batch_12_SAT_dat.k40.cnf, 0.0
/ubc/cs/project/arrow/projects/Sat_Data/bench/HW-verification/40randomsets/16_2_rule_5/SAT_dat.k70.cnf, 1.0
/ubc/cs/project/arrow/projects/Sat_Data/bench/HW-verification/40randomsets/16_2_rule_3/SAT_dat.k75.cnf, 1.27
/ubc/cs/project/arrow/projects/Sat_Data/bench/HW-verification/40randomsets/2_17_2/IBM_FV_2004_rule_batch_2_17_2_SAT_dat.k20.cnf, 0.19
/ubc/cs/project/arrow/projects/Sat_Data/bench/HW-verification/40randomsets/3_16_2/IBM_FV_2004_rule_batch_3_16_2_SAT_dat.k95.cnf, 1.92
/ubc/cs/project/arrow/projects/Sat_Data/bench/HW-verification/40randomsets/02_2/IBM_FV_2004_rule_batch_02_2_SAT_dat.k30.cnf, 0.35
/ubc/cs/project/arrow/projects/Sat_Data/bench/HW-verification/40randomsets/02_1_rule_5/SAT_dat.k85.cnf, 2.93
/ubc/cs/project/arrow/projects/Sat_Data/bench/HW-verification/40randomsets/3_16_2/IBM_FV_2004_rule_batch_3_16_2_SAT_dat.k40.cnf, 0.21
/ubc/cs/project/arrow/projects/Sat_Data/bench/HW-verification/40randomsets/2_17_1/IBM_FV_2004_rule_batch_2_17_1_SAT_dat.k35.cnf, 1.9
/ubc/cs/project/arrow/projects/Sat_Data/bench/HW-verification/40randomsets/13_rule_7/SAT_dat.k100.cnf, 3600.0
/ubc/cs/project/arrow/projects/Sat_Data/bench/HW-verification/40randomsets/03/IBM_FV_2004_rule_batch_03_SAT_dat.k80.cnf, 66.09
/ubc/cs/project/arrow/projects/Sat_Data/bench/HW-verification/40randomsets/21_rule/SAT_dat.k40.cnf, 14.13
/ubc/cs/project/arrow/projects/Sat_Data/bench/HW-verification/40randomsets/2_17_2/IBM_FV_2004_rule_batch_2_17_2_SAT_dat.k65.cnf, 0.87
/ubc/cs/project/arrow/projects/Sat_Data/bench/HW-verification/40randomsets/1_17_2/IBM_FV_2004_rule_batch_1_17_2_SAT_dat.k10.cnf, 0.05
/ubc/cs/project/arrow/projects/Sat_Data/bench/HW-verification/40randomsets/13_rule_6/SAT_dat.k55.cnf, 3600.0
/ubc/cs/project/arrow/projects/Sat_Data/bench/HW-verification/40randomsets/25_rule/SAT_dat.k25.cnf, 3600.0
/ubc/cs/project/arrow/projects/Sat_Data/bench/HW-verification/40randomsets/18/IBM_FV_2004_rule_batch_18_SAT_dat.k50.cnf, 405.1
/ubc/cs/project/arrow/projects/Sat_Data/bench/HW-verification/40randomsets/09_rule/SAT_dat.k45.cnf, 0.32
/ubc/cs/project/arrow/projects/Sat_Data/bench/HW-verification/40randomsets/16_2_rule_3/SAT_dat.k95.cnf, 1.69
/ubc/cs/project/arrow/projects/Sat_Data/bench/HW-verification/40randomsets/14_rule_2/SAT_dat.k90.cnf, 2275.42
/ubc/cs/project/arrow/projects/Sat_Data/bench/HW-verification/40randomsets/12_rule/SAT_dat.k95.cnf, 0.0
/ubc/cs/project/arrow/projects/Sat_Data/bench/HW-verification/40randomsets/02_2/IBM_FV_2004_rule_batch_02_2_SAT_dat.k75.cnf, 3.41
/ubc/cs/project/arrow/projects/Sat_Data/bench/HW-verification/40randomsets/02_2/IBM_FV_2004_rule_batch_02_2_SAT_dat.k20.cnf, 0.12
/ubc/cs/project/arrow/projects/Sat_Data/bench/HW-verification/40randomsets/16_2_rule_6/SAT_dat.k30.cnf, 0.29
/ubc/cs/project/arrow/projects/Sat_Data/bench/HW-verification/40randomsets/18_rule/SAT_dat.k35.cnf, 112.86
/ubc/cs/project/arrow/projects/Sat_Data/bench/HW-verification/40randomsets/3_16_2/IBM_FV_2004_rule_batch_3_16_2_SAT_dat.k85.cnf, 1.77
/ubc/cs/project/arrow/projects/Sat_Data/bench/HW-verification/40randomsets/16_2_rule_3/SAT_dat.k40.cnf, 0.24
/ubc/cs/project/arrow/projects/Sat_Data/bench/HW-verification/40randomsets/2_17_2/IBM_FV_2004_rule_batch_2_17_2_SAT_dat.k40.cnf, 0.45
/ubc/cs/project/arrow/projects/Sat_Data/bench/HW-verification/40randomsets/26_rule/SAT_dat.k45.cnf, 12.47
/ubc/cs/project/arrow/projects/Sat_Data/bench/HW-verification/40randomsets/09_rule/SAT_dat.k35.cnf, 0.34
/ubc/cs/project/arrow/projects/Sat_Data/bench/HW-verification/40randomsets/13_rule_22/SAT_dat.k40.cnf, 3600.0
/ubc/cs/project/arrow/projects/Sat_Data/bench/HW-verification/40randomsets/13_rule_8/SAT_dat.k95.cnf, 3600.0
/ubc/cs/project/arrow/projects/Sat_Data/bench/HW-verification/40randomsets/18/IBM_FV_2004_rule_batch_18_SAT_dat.k95.cnf, 3600.0
/ubc/cs/project/arrow/projects/Sat_Data/bench/HW-verification/40randomsets/22_rule/SAT_dat.k60.cnf, 976.44
/ubc/cs/project/arrow/projects/Sat_Data/bench/HW-verification/40randomsets/12/IBM_FV_2004_rule_batch_12_SAT_dat.k50.cnf, 0.0
/ubc/cs/project/arrow/projects/Sat_Data/bench/HW-verification/40randomsets/13_rule_6/SAT_dat.k20.cnf, 3600.0
/ubc/cs/project/arrow/projects/Sat_Data/bench/HW-verification/40randomsets/2_17_2/IBM_FV_2004_rule_batch_2_17_2_SAT_dat.k85.cnf, 1.24
/ubc/cs/project/arrow/projects/Sat_Data/bench/HW-verification/40randomsets/16_2_rule_5/SAT_dat.k80.cnf, 1.48
/ubc/cs/project/arrow/projects/Sat_Data/bench/HW-verification/40randomsets/13_rule_6/SAT_dat.k75.cnf, 3600.0
/ubc/cs/project/arrow/projects/Sat_Data/bench/HW-verification/40randomsets/2_17_2/IBM_FV_2004_rule_batch_2_17_2_SAT_dat.k30.cnf, 0.33
/ubc/cs/project/arrow/projects/Sat_Data/bench/HW-verification/40randomsets/31_1_rule_2/SAT_dat.k45.cnf, 3600.0
/ubc/cs/project/arrow/projects/Sat_Data/bench/HW-verification/40randomsets/02_2/IBM_FV_2004_rule_batch_02_2_SAT_dat.k40.cnf, 0.95
/ubc/cs/project/arrow/projects/Sat_Data/bench/HW-verification/40randomsets/2_17_1/IBM_FV_2004_rule_batch_2_17_1_SAT_dat.k45.cnf, 3.68
/ubc/cs/project/arrow/projects/Sat_Data/bench/HW-verification/40randomsets/14_rule_2/SAT_dat.k15.cnf, 0.89
/ubc/cs/project/arrow/projects/Sat_Data/bench/HW-verification/40randomsets/16_2_rule_3/SAT_dat.k60.cnf, 0.85
/ubc/cs/project/arrow/projects/Sat_Data/bench/HW-verification/40randomsets/2_14/IBM_FV_2004_rule_batch_2_14_SAT_dat.k20.cnf, 2.4
/ubc/cs/project/arrow/projects/Sat_Data/bench/HW-verification/40randomsets/3_16_2/IBM_FV_2004_rule_batch_3_16_2_SAT_dat.k50.cnf, 0.33
/ubc/cs/project/arrow/projects/Sat_Data/bench/HW-verification/40randomsets/03/IBM_FV_2004_rule_batch_03_SAT_dat.k90.cnf, 69.64
/ubc/cs/project/arrow/projects/Sat_Data/bench/HW-verification/40randomsets/13_rule_6/SAT_dat.k65.cnf, 3600.0
/ubc/cs/project/arrow/projects/Sat_Data/bench/HW-verification/40randomsets/22_rule/SAT_dat.k80.cnf, 3600.0
/ubc/cs/project/arrow/projects/Sat_Data/bench/HW-verification/40randomsets/25_rule/SAT_dat.k35.cnf, 3600.0
/ubc/cs/project/arrow/projects/Sat_Data/bench/HW-verification/40randomsets/09_rule/SAT_dat.k55.cnf, 0.46
/ubc/cs/project/arrow/projects/Sat_Data/bench/HW-verification/40randomsets/1_17_2/IBM_FV_2004_rule_batch_1_17_2_SAT_dat.k20.cnf, 0.18
/ubc/cs/project/arrow/projects/Sat_Data/bench/HW-verification/40randomsets/18/IBM_FV_2004_rule_batch_18_SAT_dat.k60.cnf, 712.42
/ubc/cs/project/arrow/projects/Sat_Data/bench/HW-verification/40randomsets/13_rule_8/SAT_dat.k60.cnf, 3600.0
/ubc/cs/project/arrow/projects/Sat_Data/bench/HW-verification/40randomsets/21_rule/SAT_dat.k50.cnf, 36.61
/ubc/cs/project/arrow/projects/Sat_Data/bench/HW-verification/40randomsets/16_2_rule_3/SAT_dat.k50.cnf, 0.49
/ubc/cs/project/arrow/projects/Sat_Data/bench/HW-verification/40randomsets/31_1_rule_2/SAT_dat.k65.cnf, 3600.0
/ubc/cs/project/arrow/projects/Sat_Data/bench/HW-verification/40randomsets/06/IBM_FV_2004_rule_batch_06_SAT_dat.k55.cnf, 16.45
/ubc/cs/project/arrow/projects/Sat_Data/bench/HW-verification/40randomsets/2_14/IBM_FV_2004_rule_batch_2_14_SAT_dat.k10.cnf, 0.2
/ubc/cs/project/arrow/projects/Sat_Data/bench/HW-verification/40randomsets/2_17_2/IBM_FV_2004_rule_batch_2_17_2_SAT_dat.k50.cnf, 0.62
/ubc/cs/project/arrow/projects/Sat_Data/bench/HW-verification/40randomsets/3_16_2/IBM_FV_2004_rule_batch_3_16_2_SAT_dat.k70.cnf, 1.09
/ubc/cs/project/arrow/projects/Sat_Data/bench/HW-verification/40randomsets/22_rule/SAT_dat.k70.cnf, 1515.76
/ubc/cs/project/arrow/projects/Sat_Data/bench/HW-verification/40randomsets/26/IBM_FV_2004_rule_batch_26_SAT_dat.k95.cnf, 6.4
/ubc/cs/project/arrow/projects/Sat_Data/bench/HW-verification/40randomsets/13_rule_6/SAT_dat.k85.cnf, 3600.0
/ubc/cs/project/arrow/projects/Sat_Data/bench/HW-verification/40randomsets/21_rule/SAT_dat.k70.cnf, 155.33
/ubc/cs/project/arrow/projects/Sat_Data/bench/HW-verification/40randomsets/31_1_rule_2/SAT_dat.k55.cnf, 3600.0
/ubc/cs/project/arrow/projects/Sat_Data/bench/HW-verification/40randomsets/13_rule_6/SAT_dat.k30.cnf, 3600.0
/ubc/cs/project/arrow/projects/Sat_Data/bench/HW-verification/40randomsets/16_2_rule_5/SAT_dat.k90.cnf, 3.3
/ubc/cs/project/arrow/projects/Sat_Data/bench/HW-verification/40randomsets/1_14/IBM_FV_2004_rule_batch_1_14_SAT_dat.k50.cnf, 1.42
/ubc/cs/project/arrow/projects/Sat_Data/bench/HW-verification/40randomsets/18/IBM_FV_2004_rule_batch_18_SAT_dat.k80.cnf, 2880.12
/ubc/cs/project/arrow/projects/Sat_Data/bench/HW-verification/40randomsets/13_rule_24/SAT_dat.k1.cnf, 0.04
/ubc/cs/project/arrow/projects/Sat_Data/bench/HW-verification/40randomsets/09_rule/SAT_dat.k20.cnf, 0.15
/ubc/cs/project/arrow/projects/Sat_Data/bench/HW-verification/40randomsets/12_rule/SAT_dat.k70.cnf, 0.0
/ubc/cs/project/arrow/projects/Sat_Data/bench/HW-verification/40randomsets/2_14/IBM_FV_2004_rule_batch_2_14_SAT_dat.k30.cnf, 10.12
/ubc/cs/project/arrow/projects/Sat_Data/bench/HW-verification/40randomsets/3_16_2/IBM_FV_2004_rule_batch_3_16_2_SAT_dat.k60.cnf, 0.34
/ubc/cs/project/arrow/projects/Sat_Data/bench/HW-verification/40randomsets/16_2_rule_3/SAT_dat.k70.cnf, 0.88
/ubc/cs/project/arrow/projects/Sat_Data/bench/HW-verification/40randomsets/15/IBM_FV_2004_rule_batch_15_SAT_dat.k25.cnf, 0.52
/ubc/cs/project/arrow/projects/Sat_Data/bench/HW-verification/40randomsets/02_2/IBM_FV_2004_rule_batch_02_2_SAT_dat.k50.cnf, 0.49
/ubc/cs/project/arrow/projects/Sat_Data/bench/HW-verification/40randomsets/14_rule_2/SAT_dat.k25.cnf, 5.84
/ubc/cs/project/arrow/projects/Sat_Data/bench/HW-verification/40randomsets/13_rule_19/SAT_dat.k80.cnf, 3600.0
/ubc/cs/project/arrow/projects/Sat_Data/bench/HW-verification/40randomsets/09_rule/SAT_dat.k65.cnf, 0.55
/ubc/cs/project/arrow/projects/Sat_Data/bench/HW-verification/40randomsets/24_1_rule_3/SAT_dat.k25.cnf, 133.98
/ubc/cs/project/arrow/projects/Sat_Data/bench/HW-verification/40randomsets/09_rule/SAT_dat.k10.cnf, 0.06
/ubc/cs/project/arrow/projects/Sat_Data/bench/HW-verification/40randomsets/18/IBM_FV_2004_rule_batch_18_SAT_dat.k70.cnf, 1159.52
/ubc/cs/project/arrow/projects/Sat_Data/bench/HW-verification/40randomsets/21_rule/SAT_dat.k60.cnf, 76.79
/ubc/cs/project/arrow/projects/Sat_Data/bench/HW-verification/40randomsets/22_rule/SAT_dat.k90.cnf, 3600.0
/ubc/cs/project/arrow/projects/Sat_Data/bench/HW-verification/40randomsets/1_17_2/IBM_FV_2004_rule_batch_1_17_2_SAT_dat.k30.cnf, 0.3
/ubc/cs/project/arrow/projects/Sat_Data/bench/HW-verification/40randomsets/13_rule_8/SAT_dat.k70.cnf, 3600.0
/ubc/cs/project/arrow/projects/Sat_Data/bench/HW-verification/40randomsets/31_1_rule_2/SAT_dat.k75.cnf, 3600.0
/ubc/cs/project/arrow/projects/Sat_Data/bench/HW-verification/40randomsets/1_13/IBM_FV_2004_rule_batch_1_13_SAT_dat.k100.cnf, 0.72
/ubc/cs/project/arrow/projects/Sat_Data/bench/HW-verification/40randomsets/06/IBM_FV_2004_rule_batch_06_SAT_dat.k65.cnf, 2.1
/ubc/cs/project/arrow/projects/Sat_Data/bench/HW-verification/40randomsets/2_17_2/IBM_FV_2004_rule_batch_2_17_2_SAT_dat.k60.cnf, 0.72
/ubc/cs/project/arrow/projects/Sat_Data/bench/HW-verification/40randomsets/16_2_rule_3/SAT_dat.k100.cnf, 2.01
/ubc/cs/project/arrow/projects/Sat_Data/bench/HW-verification/40randomsets/13_rule_6/SAT_dat.k50.cnf, 3600.0
/ubc/cs/project/arrow/projects/Sat_Data/bench/HW-verification/40randomsets/3_16_2/IBM_FV_2004_rule_batch_3_16_2_SAT_dat.k80.cnf, 0.61
/ubc/cs/project/arrow/projects/Sat_Data/bench/HW-verification/40randomsets/16_2_rule_6/SAT_dat.k65.cnf, 0.92
/ubc/cs/project/arrow/projects/Sat_Data/bench/HW-verification/40randomsets/13_rule_19/SAT_dat.k1.cnf, 0.05
/ubc/cs/project/arrow/projects/Sat_Data/bench/HW-verification/40randomsets/1_14/IBM_FV_2004_rule_batch_1_14_SAT_dat.k100.cnf, 37.44
/ubc/cs/project/arrow/projects/Sat_Data/bench/HW-verification/40randomsets/15/IBM_FV_2004_rule_batch_15_SAT_dat.k45.cnf, 0.94
/ubc/cs/project/arrow/projects/Sat_Data/bench/HW-verification/40randomsets/21_rule/SAT_dat.k80.cnf, 303.43
/ubc/cs/project/arrow/projects/Sat_Data/bench/HW-verification/40randomsets/13_rule_8/SAT_dat.k90.cnf, 3600.0
/ubc/cs/project/arrow/projects/Sat_Data/bench/HW-verification/40randomsets/13_rule_6/SAT_dat.k95.cnf, 3600.0
/ubc/cs/project/arrow/projects/Sat_Data/bench/HW-verification/40randomsets/1_14/IBM_FV_2004_rule_batch_1_14_SAT_dat.k60.cnf, 6.69
/ubc/cs/project/arrow/projects/Sat_Data/bench/HW-verification/40randomsets/2_17_2/IBM_FV_2004_rule_batch_2_17_2_SAT_dat.k100.cnf, 1.45
/ubc/cs/project/arrow/projects/Sat_Data/bench/HW-verification/40randomsets/1_13/IBM_FV_2004_rule_batch_1_13_SAT_dat.k90.cnf, 1.36
/ubc/cs/project/arrow/projects/Sat_Data/bench/HW-verification/40randomsets/18/IBM_FV_2004_rule_batch_18_SAT_dat.k90.cnf, 3428.68
/ubc/cs/project/arrow/projects/Sat_Data/bench/HW-verification/40randomsets/13_rule_6/SAT_dat.k40.cnf, 3600.0
/ubc/cs/project/arrow/projects/Sat_Data/bench/HW-verification/40randomsets/09_rule/SAT_dat.k30.cnf, 0.26
/ubc/cs/project/arrow/projects/Sat_Data/bench/HW-verification/40randomsets/06/IBM_FV_2004_rule_batch_06_SAT_dat.k85.cnf, 19.67
/ubc/cs/project/arrow/projects/Sat_Data/bench/HW-verification/40randomsets/15/IBM_FV_2004_rule_batch_15_SAT_dat.k35.cnf, 0.77
/ubc/cs/project/arrow/projects/Sat_Data/bench/HW-verification/40randomsets/12/IBM_FV_2004_rule_batch_12_SAT_dat.k85.cnf, 0.0
/ubc/cs/project/arrow/projects/Sat_Data/bench/HW-verification/40randomsets/12_rule/SAT_dat.k80.cnf, 0.0
/ubc/cs/project/arrow/projects/Sat_Data/bench/HW-verification/40randomsets/2_14/IBM_FV_2004_rule_batch_2_14_SAT_dat.k40.cnf, 29.01
/ubc/cs/project/arrow/projects/Sat_Data/bench/HW-verification/40randomsets/24_1_rule_3/SAT_dat.k35.cnf, 3136.03
/ubc/cs/project/arrow/projects/Sat_Data/bench/HW-verification/40randomsets/13_rule_19/SAT_dat.k90.cnf, 3600.0
/ubc/cs/project/arrow/projects/Sat_Data/bench/HW-verification/40randomsets/13_rule_8/SAT_dat.k80.cnf, 3600.0
/ubc/cs/project/arrow/projects/Sat_Data/bench/HW-verification/40randomsets/13_rule_6/SAT_dat.k60.cnf, 3600.0
/ubc/cs/project/arrow/projects/Sat_Data/bench/HW-verification/40randomsets/1_14/IBM_FV_2004_rule_batch_1_14_SAT_dat.k80.cnf, 9.26
/ubc/cs/project/arrow/projects/Sat_Data/bench/HW-verification/40randomsets/31_1_rule_2/SAT_dat.k85.cnf, 3600.0
/ubc/cs/project/arrow/projects/Sat_Data/bench/HW-verification/40randomsets/06/IBM_FV_2004_rule_batch_06_SAT_dat.k75.cnf, 37.93
/ubc/cs/project/arrow/projects/Sat_Data/bench/HW-verification/40randomsets/16_2_rule_6/SAT_dat.k75.cnf, 1.02
/ubc/cs/project/arrow/projects/Sat_Data/bench/HW-verification/40randomsets/15/IBM_FV_2004_rule_batch_15_SAT_dat.k55.cnf, 1.18
/ubc/cs/project/arrow/projects/Sat_Data/bench/HW-verification/40randomsets/13_rule_7/SAT_dat.k15.cnf, 3600.0
/ubc/cs/project/arrow/projects/Sat_Data/bench/HW-verification/40randomsets/05_rule/SAT_dat.k15.cnf, 0.46
/ubc/cs/project/arrow/projects/Sat_Data/bench/HW-verification/40randomsets/3_16_2/IBM_FV_2004_rule_batch_3_16_2_SAT_dat.k90.cnf, 2.32
/ubc/cs/project/arrow/projects/Sat_Data/bench/HW-verification/40randomsets/1_14/IBM_FV_2004_rule_batch_1_14_SAT_dat.k70.cnf, 4.54
/ubc/cs/project/arrow/projects/Sat_Data/bench/HW-verification/40randomsets/24_1_rule_3/SAT_dat.k55.cnf, 3600.0
/ubc/cs/project/arrow/projects/Sat_Data/bench/HW-verification/40randomsets/21_rule/SAT_dat.k90.cnf, 530.93
/ubc/cs/project/arrow/projects/Sat_Data/bench/HW-verification/40randomsets/28_rule/SAT_dat.k20.cnf, 3.44
/ubc/cs/project/arrow/projects/Sat_Data/bench/HW-verification/40randomsets/2_17_1/IBM_FV_2004_rule_batch_2_17_1_SAT_dat.k100.cnf, 14.62
/ubc/cs/project/arrow/projects/Sat_Data/bench/HW-verification/40randomsets/12/IBM_FV_2004_rule_batch_12_SAT_dat.k95.cnf, 0.0
/ubc/cs/project/arrow/projects/Sat_Data/bench/HW-verification/40randomsets/06/IBM_FV_2004_rule_batch_06_SAT_dat.k95.cnf, 80.07
/ubc/cs/project/arrow/projects/Sat_Data/bench/HW-verification/40randomsets/2_31_2/IBM_FV_2004_rule_batch_2_31_2_SAT_dat.k15.cnf, 3.15
/ubc/cs/project/arrow/projects/Sat_Data/bench/HW-verification/40randomsets/12_rule/SAT_dat.k90.cnf, 0.0
/ubc/cs/project/arrow/projects/Sat_Data/bench/HW-verification/40randomsets/28_rule/SAT_dat.k1.cnf, 0.01
/ubc/cs/project/arrow/projects/Sat_Data/bench/HW-verification/40randomsets/16_2_rule_6/SAT_dat.k95.cnf, 2.93
/ubc/cs/project/arrow/projects/Sat_Data/bench/HW-verification/40randomsets/13_rule_7/SAT_dat.k35.cnf, 3600.0
/ubc/cs/project/arrow/projects/Sat_Data/bench/HW-verification/40randomsets/02_2/IBM_FV_2004_rule_batch_02_2_SAT_dat.k85.cnf, 9.01
/ubc/cs/project/arrow/projects/Sat_Data/bench/HW-verification/40randomsets/16_2_rule_6/SAT_dat.k40.cnf, 0.41
/ubc/cs/project/arrow/projects/Sat_Data/bench/HW-verification/40randomsets/18_rule/SAT_dat.k45.cnf, 452.07
/ubc/cs/project/arrow/projects/Sat_Data/bench/HW-verification/40randomsets/24_1_rule_3/SAT_dat.k45.cnf, 3600.0
/ubc/cs/project/arrow/projects/Sat_Data/bench/HW-verification/40randomsets/28_rule/SAT_dat.k10.cnf, 1.2
/ubc/cs/project/arrow/projects/Sat_Data/bench/HW-verification/40randomsets/13_rule_22/SAT_dat.k50.cnf, 3600.0
/ubc/cs/project/arrow/projects/Sat_Data/bench/HW-verification/40randomsets/13_rule_6/SAT_dat.k70.cnf, 3600.0
/ubc/cs/project/arrow/projects/Sat_Data/bench/HW-verification/40randomsets/1_17_2/IBM_FV_2004_rule_batch_1_17_2_SAT_dat.k65.cnf, 0.98
/ubc/cs/project/arrow/projects/Sat_Data/bench/HW-verification/40randomsets/1_14/IBM_FV_2004_rule_batch_1_14_SAT_dat.k90.cnf, 8.22
/ubc/cs/project/arrow/projects/Sat_Data/bench/HW-verification/40randomsets/2_31_2/IBM_FV_2004_rule_batch_2_31_2_SAT_dat.k35.cnf, 3600.0
/ubc/cs/project/arrow/projects/Sat_Data/bench/HW-verification/40randomsets/05_rule/SAT_dat.k25.cnf, 0.91
/ubc/cs/project/arrow/projects/Sat_Data/bench/HW-verification/40randomsets/13_rule_7/SAT_dat.k25.cnf, 3600.0
/ubc/cs/project/arrow/projects/Sat_Data/bench/HW-verification/40randomsets/2_17_2/IBM_FV_2004_rule_batch_2_17_2_SAT_dat.k95.cnf, 1.31
/ubc/cs/project/arrow/projects/Sat_Data/bench/HW-verification/40randomsets/1_13/IBM_FV_2004_rule_batch_1_13_SAT_dat.k15.cnf, 0.88
/ubc/cs/project/arrow/projects/Sat_Data/bench/HW-verification/40randomsets/12/IBM_FV_2004_rule_batch_12_SAT_dat.k60.cnf, 0.0
/ubc/cs/project/arrow/projects/Sat_Data/bench/HW-verification/40randomsets/16_2_rule_6/SAT_dat.k85.cnf, 2.1
/ubc/cs/project/arrow/projects/Sat_Data/bench/HW-verification/40randomsets/15/IBM_FV_2004_rule_batch_15_SAT_dat.k65.cnf, 1.56
/ubc/cs/project/arrow/projects/Sat_Data/bench/HW-verification/40randomsets/18_rule/SAT_dat.k10.cnf, 0.3
/ubc/cs/project/arrow/projects/Sat_Data/bench/HW-verification/40randomsets/18_rule/SAT_dat.k65.cnf, 1972.09
/ubc/cs/project/arrow/projects/Sat_Data/bench/HW-verification/40randomsets/24_1_rule_3/SAT_dat.k10.cnf, 1.65
/ubc/cs/project/arrow/projects/Sat_Data/bench/HW-verification/40randomsets/24_1_rule_3/SAT_dat.k65.cnf, 3600.0
/ubc/cs/project/arrow/projects/Sat_Data/bench/HW-verification/40randomsets/16_2_rule_6/SAT_dat.k60.cnf, 0.89
/ubc/cs/project/arrow/projects/Sat_Data/bench/HW-verification/40randomsets/13_rule_24/SAT_dat.k90.cnf, 3600.0
/ubc/cs/project/arrow/projects/Sat_Data/bench/HW-verification/40randomsets/28_rule/SAT_dat.k30.cnf, 8.01
/ubc/cs/project/arrow/projects/Sat_Data/bench/HW-verification/40randomsets/13_rule_22/SAT_dat.k70.cnf, 3600.0
/ubc/cs/project/arrow/projects/Sat_Data/bench/HW-verification/40randomsets/2_31_2/IBM_FV_2004_rule_batch_2_31_2_SAT_dat.k25.cnf, 3600.0
/ubc/cs/project/arrow/projects/Sat_Data/bench/HW-verification/40randomsets/26_rule/SAT_dat.k1.cnf, 0.09
/ubc/cs/project/arrow/projects/Sat_Data/bench/HW-verification/40randomsets/16_2_rule_6/SAT_dat.k50.cnf, 0.39
/ubc/cs/project/arrow/projects/Sat_Data/bench/HW-verification/40randomsets/18_rule/SAT_dat.k55.cnf, 571.49
/ubc/cs/project/arrow/projects/Sat_Data/bench/HW-verification/40randomsets/1_13/IBM_FV_2004_rule_batch_1_13_SAT_dat.k35.cnf, 0.85
/ubc/cs/project/arrow/projects/Sat_Data/bench/HW-verification/40randomsets/02_2/IBM_FV_2004_rule_batch_02_2_SAT_dat.k95.cnf, 4.34
/ubc/cs/project/arrow/projects/Sat_Data/bench/HW-verification/40randomsets/13_rule_7/SAT_dat.k45.cnf, 3600.0
/ubc/cs/project/arrow/projects/Sat_Data/bench/HW-verification/40randomsets/04_rule/SAT_dat.k15.cnf, 0.2
/ubc/cs/project/arrow/projects/Sat_Data/bench/HW-verification/40randomsets/2_14/IBM_FV_2004_rule_batch_2_14_SAT_dat.k75.cnf, 546.31
/ubc/cs/project/arrow/projects/Sat_Data/bench/HW-verification/40randomsets/24_1_rule_3/SAT_dat.k30.cnf, 583.76
/ubc/cs/project/arrow/projects/Sat_Data/bench/HW-verification/40randomsets/13_rule_22/SAT_dat.k60.cnf, 3600.0
/ubc/cs/project/arrow/projects/Sat_Data/bench/HW-verification/40randomsets/1_17_2/IBM_FV_2004_rule_batch_1_17_2_SAT_dat.k75.cnf, 1.03
/ubc/cs/project/arrow/projects/Sat_Data/bench/HW-verification/40randomsets/18_rule/SAT_dat.k1.cnf, 0.01
/ubc/cs/project/arrow/projects/Sat_Data/bench/HW-verification/40randomsets/22_rule/SAT_dat.k1.cnf, 0.02
/ubc/cs/project/arrow/projects/Sat_Data/bench/HW-verification/40randomsets/12/IBM_FV_2004_rule_batch_12_SAT_dat.k70.cnf, 0.0
/ubc/cs/project/arrow/projects/Sat_Data/bench/HW-verification/40randomsets/02_1_rule_5/SAT_dat.k50.cnf, 1.47
/ubc/cs/project/arrow/projects/Sat_Data/bench/HW-verification/40randomsets/2_31_2/IBM_FV_2004_rule_batch_2_31_2_SAT_dat.k45.cnf, 3600.0
/ubc/cs/project/arrow/projects/Sat_Data/bench/HW-verification/40randomsets/1_13/IBM_FV_2004_rule_batch_1_13_SAT_dat.k25.cnf, 0.7
/ubc/cs/project/arrow/projects/Sat_Data/bench/HW-verification/40randomsets/24_1_rule_3/SAT_dat.k20.cnf, 11.01
/ubc/cs/project/arrow/projects/Sat_Data/bench/HW-verification/40randomsets/13_rule_7/SAT_dat.k10.cnf, 3600.0
/ubc/cs/project/arrow/projects/Sat_Data/bench/HW-verification/40randomsets/16_2_rule_3/SAT_dat.k80.cnf, 0.89
/ubc/cs/project/arrow/projects/Sat_Data/bench/HW-verification/40randomsets/18_rule/SAT_dat.k75.cnf, 676.69
/ubc/cs/project/arrow/projects/Sat_Data/bench/HW-verification/40randomsets/18_rule/SAT_dat.k20.cnf, 11.98
/ubc/cs/project/arrow/projects/Sat_Data/bench/HW-verification/40randomsets/24_1_rule_3/SAT_dat.k75.cnf, 3600.0
/ubc/cs/project/arrow/projects/Sat_Data/bench/HW-verification/40randomsets/16_2_rule_6/SAT_dat.k70.cnf, 1.1
/ubc/cs/project/arrow/projects/Sat_Data/bench/HW-verification/40randomsets/1_17_2/IBM_FV_2004_rule_batch_1_17_2_SAT_dat.k40.cnf, 0.44
/ubc/cs/project/arrow/projects/Sat_Data/bench/HW-verification/40randomsets/1_17_2/IBM_FV_2004_rule_batch_1_17_2_SAT_dat.k95.cnf, 1.54
/ubc/cs/project/arrow/projects/Sat_Data/bench/HW-verification/40randomsets/15_rule/SAT_dat.k15.cnf, 0.33
/ubc/cs/project/arrow/projects/Sat_Data/bench/HW-verification/40randomsets/12/IBM_FV_2004_rule_batch_12_SAT_dat.k100.cnf, 0.0
/ubc/cs/project/arrow/projects/Sat_Data/bench/HW-verification/40randomsets/28_rule/SAT_dat.k40.cnf, 26.46
/ubc/cs/project/arrow/projects/Sat_Data/bench/HW-verification/40randomsets/13_rule_22/SAT_dat.k80.cnf, 3600.0
/ubc/cs/project/arrow/projects/Sat_Data/bench/HW-verification/40randomsets/09_rule/SAT_dat.k75.cnf, 0.61
/ubc/cs/project/arrow/projects/Sat_Data/bench/HW-verification/40randomsets/2_14/IBM_FV_2004_rule_batch_2_14_SAT_dat.k85.cnf, 434.1
/ubc/cs/project/arrow/projects/Sat_Data/bench/HW-verification/40randomsets/1_13/IBM_FV_2004_rule_batch_1_13_SAT_dat.k45.cnf, 0.78
/ubc/cs/project/arrow/projects/Sat_Data/bench/HW-verification/40randomsets/02_1_rule_5/SAT_dat.k70.cnf, 1.98
/ubc/cs/project/arrow/projects/Sat_Data/bench/HW-verification/40randomsets/2_31_2/IBM_FV_2004_rule_batch_2_31_2_SAT_dat.k10.cnf, 0.17
/ubc/cs/project/arrow/projects/Sat_Data/bench/HW-verification/40randomsets/13_rule_7/SAT_dat.k55.cnf, 3600.0
/ubc/cs/project/arrow/projects/Sat_Data/bench/HW-verification/40randomsets/26_rule/SAT_dat.k10.cnf, 2.65
/ubc/cs/project/arrow/projects/Sat_Data/bench/HW-verification/40randomsets/12/IBM_FV_2004_rule_batch_12_SAT_dat.k90.cnf, 0.0
/ubc/cs/project/arrow/projects/Sat_Data/bench/HW-verification/40randomsets/24_1_rule_3/SAT_dat.k40.cnf, 3600.0
/ubc/cs/project/arrow/projects/Sat_Data/bench/HW-verification/40randomsets/18_rule/SAT_dat.k40.cnf, 176.56
/ubc/cs/project/arrow/projects/Sat_Data/bench/HW-verification/40randomsets/13_rule_24/SAT_dat.k25.cnf, 3600.0
/ubc/cs/project/arrow/projects/Sat_Data/bench/HW-verification/40randomsets/31_1_rule_2/SAT_dat.k10.cnf, 0.23
/ubc/cs/project/arrow/projects/Sat_Data/bench/HW-verification/40randomsets/1_17_2/IBM_FV_2004_rule_batch_1_17_2_SAT_dat.k85.cnf, 1.28
/ubc/cs/project/arrow/projects/Sat_Data/bench/HW-verification/40randomsets/12/IBM_FV_2004_rule_batch_12_SAT_dat.k80.cnf, 0.0
/ubc/cs/project/arrow/projects/Sat_Data/bench/HW-verification/40randomsets/09_rule/SAT_dat.k95.cnf, 0.92
/ubc/cs/project/arrow/projects/Sat_Data/bench/HW-verification/40randomsets/09_rule/SAT_dat.k40.cnf, 0.32
/ubc/cs/project/arrow/projects/Sat_Data/bench/HW-verification/40randomsets/02_1_rule_5/SAT_dat.k60.cnf, 2.47
/ubc/cs/project/arrow/projects/Sat_Data/bench/HW-verification/40randomsets/2_17_1/IBM_FV_2004_rule_batch_2_17_1_SAT_dat.k10.cnf, 0.1
/ubc/cs/project/arrow/projects/Sat_Data/bench/HW-verification/40randomsets/13_rule_24/SAT_dat.k15.cnf, 3600.0
/ubc/cs/project/arrow/projects/Sat_Data/bench/HW-verification/40randomsets/16_2_rule_6/SAT_dat.k80.cnf, 1.44
/ubc/cs/project/arrow/projects/Sat_Data/bench/HW-verification/40randomsets/18_rule/SAT_dat.k85.cnf, 1612.03
/ubc/cs/project/arrow/projects/Sat_Data/bench/HW-verification/40randomsets/18_rule/SAT_dat.k30.cnf, 49.25
/ubc/cs/project/arrow/projects/Sat_Data/bench/HW-verification/40randomsets/2_14/IBM_FV_2004_rule_batch_2_14_SAT_dat.k50.cnf, 83.33
/ubc/cs/project/arrow/projects/Sat_Data/bench/HW-verification/40randomsets/13_rule_7/SAT_dat.k20.cnf, 3600.0
