/ubc/cs/project/arrow/projects/Sat_Data/bench/HW-verification/40randomsets/09_rule/SAT_dat.k85.cnf, 3.24
/ubc/cs/project/arrow/projects/Sat_Data/bench/HW-verification/40randomsets/13_rule_22/SAT_dat.k90.cnf, 3600.0
/ubc/cs/project/arrow/projects/Sat_Data/bench/HW-verification/40randomsets/1_17_2/IBM_FV_2004_rule_batch_1_17_2_SAT_dat.k50.cnf, 4.07
/ubc/cs/project/arrow/projects/Sat_Data/bench/HW-verification/40randomsets/15_rule/SAT_dat.k25.cnf, 1.07
/ubc/cs/project/arrow/projects/Sat_Data/bench/HW-verification/40randomsets/03/IBM_FV_2004_rule_batch_03_SAT_dat.k100.cnf, 3600.0
/ubc/cs/project/arrow/projects/Sat_Data/bench/HW-verification/40randomsets/12_rule/SAT_dat.k1.cnf, 0.0
/ubc/cs/project/arrow/projects/Sat_Data/bench/HW-verification/40randomsets/02_1_rule_5/SAT_dat.k80.cnf, 2.82
/ubc/cs/project/arrow/projects/Sat_Data/bench/HW-verification/40randomsets/16_2_rule_5/SAT_dat.k15.cnf, 0.21
/ubc/cs/project/arrow/projects/Sat_Data/bench/HW-verification/40randomsets/26_rule/SAT_dat.k20.cnf, 9.34
/ubc/cs/project/arrow/projects/Sat_Data/bench/HW-verification/40randomsets/2_14/IBM_FV_2004_rule_batch_2_14_SAT_dat.k95.cnf, 3600.0
/ubc/cs/project/arrow/projects/Sat_Data/bench/HW-verification/40randomsets/2_31_2/IBM_FV_2004_rule_batch_2_31_2_SAT_dat.k20.cnf, 3600.0
/ubc/cs/project/arrow/projects/Sat_Data/bench/HW-verification/40randomsets/13_rule_6/SAT_dat.k100.cnf, 3600.0
/ubc/cs/project/arrow/projects/Sat_Data/bench/HW-verification/40randomsets/18_rule/SAT_dat.k50.cnf, 3600.0
/ubc/cs/project/arrow/projects/Sat_Data/bench/HW-verification/40randomsets/13_rule_24/SAT_dat.k35.cnf, 3600.0
/ubc/cs/project/arrow/projects/Sat_Data/bench/HW-verification/40randomsets/31_1_rule_2/SAT_dat.k20.cnf, 8.46
/ubc/cs/project/arrow/projects/Sat_Data/bench/HW-verification/40randomsets/1_17_2/IBM_FV_2004_rule_batch_1_17_2_SAT_dat.k70.cnf, 4.96
/ubc/cs/project/arrow/projects/Sat_Data/bench/HW-verification/40randomsets/2_17_1/IBM_FV_2004_rule_batch_2_17_1_SAT_dat.k20.cnf, 0.47
/ubc/cs/project/arrow/projects/Sat_Data/bench/HW-verification/40randomsets/15_rule/SAT_dat.k45.cnf, 2.04
/ubc/cs/project/arrow/projects/Sat_Data/bench/HW-verification/40randomsets/04_rule/SAT_dat.k1.cnf, 0.0
/ubc/cs/project/arrow/projects/Sat_Data/bench/HW-verification/40randomsets/13_rule_7/SAT_dat.k30.cnf, 3600.0
/ubc/cs/project/arrow/projects/Sat_Data/bench/HW-verification/40randomsets/2_14/IBM_FV_2004_rule_batch_2_14_SAT_dat.k60.cnf, 3600.0
/ubc/cs/project/arrow/projects/Sat_Data/bench/HW-verification/40randomsets/25_rule/SAT_dat.k10.cnf, 3600.0
/ubc/cs/project/arrow/projects/Sat_Data/bench/HW-verification/40randomsets/13_rule_22/SAT_dat.k1.cnf, 0.15
/ubc/cs/project/arrow/projects/Sat_Data/bench/HW-verification/40randomsets/25_rule/SAT_dat.k1.cnf, 0.02
/ubc/cs/project/arrow/projects/Sat_Data/bench/HW-verification/40randomsets/1_17_2/IBM_FV_2004_rule_batch_1_17_2_SAT_dat.k60.cnf, 3.34
/ubc/cs/project/arrow/projects/Sat_Data/bench/HW-verification/40randomsets/06/IBM_FV_2004_rule_batch_06_SAT_dat.k30.cnf, 3.93
/ubc/cs/project/arrow/projects/Sat_Data/bench/HW-verification/40randomsets/31_1_rule_2/SAT_dat.k40.cnf, 3600.0
/ubc/cs/project/arrow/projects/Sat_Data/bench/HW-verification/40randomsets/15_rule/SAT_dat.k35.cnf, 1.55
/ubc/cs/project/arrow/projects/Sat_Data/bench/HW-verification/40randomsets/09_rule/SAT_dat.k1.cnf, 0.0
/ubc/cs/project/arrow/projects/Sat_Data/bench/HW-verification/40randomsets/02_1_rule_5/SAT_dat.k90.cnf, 3.03
/ubc/cs/project/arrow/projects/Sat_Data/bench/HW-verification/40randomsets/16_2_rule_5/SAT_dat.k25.cnf, 0.4
/ubc/cs/project/arrow/projects/Sat_Data/bench/HW-verification/40randomsets/24_1_rule_3/SAT_dat.k1.cnf, 0.06
/ubc/cs/project/arrow/projects/Sat_Data/bench/HW-verification/40randomsets/15_rule/SAT_dat.k10.cnf, 0.7
/ubc/cs/project/arrow/projects/Sat_Data/bench/HW-verification/40randomsets/15_rule/SAT_dat.k1.cnf, 0.0
/ubc/cs/project/arrow/projects/Sat_Data/bench/HW-verification/40randomsets/28_rule/SAT_dat.k75.cnf, 46.57
/ubc/cs/project/arrow/projects/Sat_Data/bench/HW-verification/40randomsets/2_14/IBM_FV_2004_rule_batch_2_14_SAT_dat.k80.cnf, 3600.0
/ubc/cs/project/arrow/projects/Sat_Data/bench/HW-verification/40randomsets/31_1_rule_2/SAT_dat.k30.cnf, 3600.0
/ubc/cs/project/arrow/projects/Sat_Data/bench/HW-verification/40randomsets/26/IBM_FV_2004_rule_batch_26_SAT_dat.k70.cnf, 14.29
/ubc/cs/project/arrow/projects/Sat_Data/bench/HW-verification/40randomsets/05_rule/SAT_dat.k35.cnf, 4.57
/ubc/cs/project/arrow/projects/Sat_Data/bench/HW-verification/40randomsets/18_rule/SAT_dat.k60.cnf, 3600.0
/ubc/cs/project/arrow/projects/Sat_Data/bench/HW-verification/40randomsets/2_17_2/IBM_FV_2004_rule_batch_2_17_2_SAT_dat.k70.cnf, 4.91
/ubc/cs/project/arrow/projects/Sat_Data/bench/HW-verification/40randomsets/13_rule_24/SAT_dat.k45.cnf, 3600.0
/ubc/cs/project/arrow/projects/Sat_Data/bench/HW-verification/40randomsets/1_17_2/IBM_FV_2004_rule_batch_1_17_2_SAT_dat.k80.cnf, 5.07
/ubc/cs/project/arrow/projects/Sat_Data/bench/HW-verification/40randomsets/14_rule_2/SAT_dat.k100.cnf, 834.55
/ubc/cs/project/arrow/projects/Sat_Data/bench/HW-verification/40randomsets/21_rule/SAT_dat.k1.cnf, 0.0
/ubc/cs/project/arrow/projects/Sat_Data/bench/HW-verification/40randomsets/15_rule/SAT_dat.k55.cnf, 2.44
/ubc/cs/project/arrow/projects/Sat_Data/bench/HW-verification/40randomsets/18_rule/SAT_dat.k100.cnf, 3600.0
/ubc/cs/project/arrow/projects/Sat_Data/bench/HW-verification/40randomsets/2_14/IBM_FV_2004_rule_batch_2_14_SAT_dat.k70.cnf, 277.61
/ubc/cs/project/arrow/projects/Sat_Data/bench/HW-verification/40randomsets/06/IBM_FV_2004_rule_batch_06_SAT_dat.k40.cnf, 4.58
/ubc/cs/project/arrow/projects/Sat_Data/bench/HW-verification/40randomsets/22_rule/SAT_dat.k15.cnf, 1.66
/ubc/cs/project/arrow/projects/Sat_Data/bench/HW-verification/40randomsets/31_1_rule_2/SAT_dat.k50.cnf, 3600.0
/ubc/cs/project/arrow/projects/Sat_Data/bench/HW-verification/40randomsets/05_rule/SAT_dat.k55.cnf, 12.76
/ubc/cs/project/arrow/projects/Sat_Data/bench/HW-verification/40randomsets/04_rule/SAT_dat.k25.cnf, 1.34
/ubc/cs/project/arrow/projects/Sat_Data/bench/HW-verification/40randomsets/28_rule/SAT_dat.k85.cnf, 126.69
/ubc/cs/project/arrow/projects/Sat_Data/bench/HW-verification/40randomsets/15_rule/SAT_dat.k20.cnf, 0.83
/ubc/cs/project/arrow/projects/Sat_Data/bench/HW-verification/40randomsets/26_rule/SAT_dat.k55.cnf, 15.16
/ubc/cs/project/arrow/projects/Sat_Data/bench/HW-verification/40randomsets/2_31_2/IBM_FV_2004_rule_batch_2_31_2_SAT_dat.k55.cnf, 3600.0
/ubc/cs/project/arrow/projects/Sat_Data/bench/HW-verification/40randomsets/26/IBM_FV_2004_rule_batch_26_SAT_dat.k80.cnf, 15.62
/ubc/cs/project/arrow/projects/Sat_Data/bench/HW-verification/40randomsets/05_rule/SAT_dat.k45.cnf, 7.33
/ubc/cs/project/arrow/projects/Sat_Data/bench/HW-verification/40randomsets/2_14/IBM_FV_2004_rule_batch_2_14_SAT_dat.k90.cnf, 3600.0
/ubc/cs/project/arrow/projects/Sat_Data/bench/HW-verification/40randomsets/12_rule/SAT_dat.k15.cnf, 0.0
/ubc/cs/project/arrow/projects/Sat_Data/bench/HW-verification/40randomsets/06/IBM_FV_2004_rule_batch_06_SAT_dat.k60.cnf, 58.1
/ubc/cs/project/arrow/projects/Sat_Data/bench/HW-verification/40randomsets/15/IBM_FV_2004_rule_batch_15_SAT_dat.k10.cnf, 0.64
/ubc/cs/project/arrow/projects/Sat_Data/bench/HW-verification/40randomsets/13_rule_8/SAT_dat.k15.cnf, 3600.0
/ubc/cs/project/arrow/projects/Sat_Data/bench/HW-verification/40randomsets/24_1_rule_3/SAT_dat.k85.cnf, 3600.0
/ubc/cs/project/arrow/projects/Sat_Data/bench/HW-verification/40randomsets/1_17_2/IBM_FV_2004_rule_batch_1_17_2_SAT_dat.k90.cnf, 5.43
/ubc/cs/project/arrow/projects/Sat_Data/bench/HW-verification/40randomsets/15/IBM_FV_2004_rule_batch_15_SAT_dat.k100.cnf, 4.25
/ubc/cs/project/arrow/projects/Sat_Data/bench/HW-verification/40randomsets/2_17_1/IBM_FV_2004_rule_batch_2_17_1_SAT_dat.k55.cnf, 3.09
/ubc/cs/project/arrow/projects/Sat_Data/bench/HW-verification/40randomsets/13_rule_19/SAT_dat.k25.cnf, 3600.0
/ubc/cs/project/arrow/projects/Sat_Data/bench/HW-verification/40randomsets/28_rule/SAT_dat.k50.cnf, 7.97
/ubc/cs/project/arrow/projects/Sat_Data/bench/HW-verification/40randomsets/05_rule/SAT_dat.k1.cnf, 0.0
/ubc/cs/project/arrow/projects/Sat_Data/bench/HW-verification/40randomsets/31_1_rule_2/SAT_dat.k60.cnf, 3600.0
/ubc/cs/project/arrow/projects/Sat_Data/bench/HW-verification/40randomsets/04_rule/SAT_dat.k35.cnf, 3.26
/ubc/cs/project/arrow/projects/Sat_Data/bench/HW-verification/40randomsets/06/IBM_FV_2004_rule_batch_06_SAT_dat.k50.cnf, 13.72
/ubc/cs/project/arrow/projects/Sat_Data/bench/HW-verification/40randomsets/05_rule/SAT_dat.k65.cnf, 13.05
/ubc/cs/project/arrow/projects/Sat_Data/bench/HW-verification/40randomsets/13_rule_7/SAT_dat.k65.cnf, 3600.0
/ubc/cs/project/arrow/projects/Sat_Data/bench/HW-verification/40randomsets/25_rule/SAT_dat.k45.cnf, 3600.0
/ubc/cs/project/arrow/projects/Sat_Data/bench/HW-verification/40randomsets/1_13/IBM_FV_2004_rule_batch_1_13_SAT_dat.k55.cnf, 3.25
/ubc/cs/project/arrow/projects/Sat_Data/bench/HW-verification/40randomsets/28_rule/SAT_dat.k95.cnf, 3600.0
/ubc/cs/project/arrow/projects/Sat_Data/bench/HW-verification/40randomsets/15_rule/SAT_dat.k30.cnf, 1.25
/ubc/cs/project/arrow/projects/Sat_Data/bench/HW-verification/40randomsets/24_1_rule_3/SAT_dat.k50.cnf, 3600.0
/ubc/cs/project/arrow/projects/Sat_Data/bench/HW-verification/40randomsets/16_2_rule_6/SAT_dat.k1.cnf, 0.0
/ubc/cs/project/arrow/projects/Sat_Data/bench/HW-verification/40randomsets/15/IBM_FV_2004_rule_batch_15_SAT_dat.k30.cnf, 1.15
/ubc/cs/project/arrow/projects/Sat_Data/bench/HW-verification/40randomsets/13_rule_19/SAT_dat.k15.cnf, 3600.0
/ubc/cs/project/arrow/projects/Sat_Data/bench/HW-verification/40randomsets/26_rule/SAT_dat.k65.cnf, 15.91
/ubc/cs/project/arrow/projects/Sat_Data/bench/HW-verification/40randomsets/12_rule/SAT_dat.k25.cnf, 0.0
/ubc/cs/project/arrow/projects/Sat_Data/bench/HW-verification/40randomsets/2_31_2/IBM_FV_2004_rule_batch_2_31_2_SAT_dat.k65.cnf, 3600.0
/ubc/cs/project/arrow/projects/Sat_Data/bench/HW-verification/40randomsets/26/IBM_FV_2004_rule_batch_26_SAT_dat.k90.cnf, 16.58
/ubc/cs/project/arrow/projects/Sat_Data/bench/HW-verification/40randomsets/15/IBM_FV_2004_rule_batch_15_SAT_dat.k75.cnf, 3.64
/ubc/cs/project/arrow/projects/Sat_Data/bench/HW-verification/40randomsets/15/IBM_FV_2004_rule_batch_15_SAT_dat.k20.cnf, 0.75
/ubc/cs/project/arrow/projects/Sat_Data/bench/HW-verification/40randomsets/04_rule/SAT_dat.k55.cnf, 3600.0
/ubc/cs/project/arrow/projects/Sat_Data/bench/HW-verification/40randomsets/06/IBM_FV_2004_rule_batch_06_SAT_dat.k70.cnf, 16.04
/ubc/cs/project/arrow/projects/Sat_Data/bench/HW-verification/40randomsets/13_rule_8/SAT_dat.k25.cnf, 3600.0
/ubc/cs/project/arrow/projects/Sat_Data/bench/HW-verification/40randomsets/18_rule/SAT_dat.k95.cnf, 3600.0
/ubc/cs/project/arrow/projects/Sat_Data/bench/HW-verification/40randomsets/24_1_rule_3/SAT_dat.k95.cnf, 3600.0
/ubc/cs/project/arrow/projects/Sat_Data/bench/HW-verification/40randomsets/06/IBM_FV_2004_rule_batch_06_SAT_dat.k100.cnf, 3600.0
/ubc/cs/project/arrow/projects/Sat_Data/bench/HW-verification/40randomsets/09_rule/SAT_dat.k100.cnf, 3.72
/ubc/cs/project/arrow/projects/Sat_Data/bench/HW-verification/40randomsets/28_rule/SAT_dat.k60.cnf, 3600.0
/ubc/cs/project/arrow/projects/Sat_Data/bench/HW-verification/40randomsets/02_2/IBM_FV_2004_rule_batch_02_2_SAT_dat.k60.cnf, 2.13
/ubc/cs/project/arrow/projects/Sat_Data/bench/HW-verification/40randomsets/14_rule_2/SAT_dat.k35.cnf, 7.86
/ubc/cs/project/arrow/projects/Sat_Data/bench/HW-verification/40randomsets/26/IBM_FV_2004_rule_batch_26_SAT_dat.k15.cnf, 4.1
/ubc/cs/project/arrow/projects/Sat_Data/bench/HW-verification/40randomsets/2_17_1/IBM_FV_2004_rule_batch_2_17_1_SAT_dat.k65.cnf, 4.7
/ubc/cs/project/arrow/projects/Sat_Data/bench/HW-verification/40randomsets/16_2_rule_5/SAT_dat.k1.cnf, 0.0
/ubc/cs/project/arrow/projects/Sat_Data/bench/HW-verification/40randomsets/03/IBM_FV_2004_rule_batch_03_SAT_dat.k15.cnf, 0.07
/ubc/cs/project/arrow/projects/Sat_Data/bench/HW-verification/40randomsets/13_rule_19/SAT_dat.k35.cnf, 3600.0
/ubc/cs/project/arrow/projects/Sat_Data/bench/HW-verification/40randomsets/13_rule_7/SAT_dat.k75.cnf, 3600.0
/ubc/cs/project/arrow/projects/Sat_Data/bench/HW-verification/40randomsets/2_31_2/IBM_FV_2004_rule_batch_2_31_2_SAT_dat.k85.cnf, 3600.0
/ubc/cs/project/arrow/projects/Sat_Data/bench/HW-verification/40randomsets/04_rule/SAT_dat.k45.cnf, 10.06
/ubc/cs/project/arrow/projects/Sat_Data/bench/HW-verification/40randomsets/26_rule/SAT_dat.k30.cnf, 78.66
/ubc/cs/project/arrow/projects/Sat_Data/bench/HW-verification/40randomsets/25_rule/SAT_dat.k55.cnf, 3600.0
/ubc/cs/project/arrow/projects/Sat_Data/bench/HW-verification/40randomsets/05_rule/SAT_dat.k75.cnf, 16.18
/ubc/cs/project/arrow/projects/Sat_Data/bench/HW-verification/40randomsets/26_rule/SAT_dat.k85.cnf, 18.1
/ubc/cs/project/arrow/projects/Sat_Data/bench/HW-verification/40randomsets/15/IBM_FV_2004_rule_batch_15_SAT_dat.k40.cnf, 1.78
/ubc/cs/project/arrow/projects/Sat_Data/bench/HW-verification/40randomsets/2_17_1/IBM_FV_2004_rule_batch_2_17_1_SAT_dat.k85.cnf, 19.47
/ubc/cs/project/arrow/projects/Sat_Data/bench/HW-verification/40randomsets/12_rule/SAT_dat.k35.cnf, 0.0
/ubc/cs/project/arrow/projects/Sat_Data/bench/HW-verification/40randomsets/2_17_1/IBM_FV_2004_rule_batch_2_17_1_SAT_dat.k30.cnf, 0.93
/ubc/cs/project/arrow/projects/Sat_Data/bench/HW-verification/40randomsets/2_31_2/IBM_FV_2004_rule_batch_2_31_2_SAT_dat.k75.cnf, 3600.0
/ubc/cs/project/arrow/projects/Sat_Data/bench/HW-verification/40randomsets/26_rule/SAT_dat.k75.cnf, 16.3
/ubc/cs/project/arrow/projects/Sat_Data/bench/HW-verification/40randomsets/03/IBM_FV_2004_rule_batch_03_SAT_dat.k35.cnf, 1.49
/ubc/cs/project/arrow/projects/Sat_Data/bench/HW-verification/40randomsets/28_rule/SAT_dat.k80.cnf, 87.34
/ubc/cs/project/arrow/projects/Sat_Data/bench/HW-verification/40randomsets/25_rule/SAT_dat.k75.cnf, 3600.0
/ubc/cs/project/arrow/projects/Sat_Data/bench/HW-verification/40randomsets/04_rule/SAT_dat.k65.cnf, 45.3
/ubc/cs/project/arrow/projects/Sat_Data/bench/HW-verification/40randomsets/06/IBM_FV_2004_rule_batch_06_SAT_dat.k80.cnf, 157.16
/ubc/cs/project/arrow/projects/Sat_Data/bench/HW-verification/40randomsets/13_rule_7/SAT_dat.k95.cnf, 3600.0
/ubc/cs/project/arrow/projects/Sat_Data/bench/HW-verification/40randomsets/25_rule/SAT_dat.k20.cnf, 3600.0
/ubc/cs/project/arrow/projects/Sat_Data/bench/HW-verification/40randomsets/16_2_rule_3/SAT_dat.k90.cnf, 2.64
/ubc/cs/project/arrow/projects/Sat_Data/bench/HW-verification/40randomsets/28_rule/SAT_dat.k70.cnf, 3600.0
/ubc/cs/project/arrow/projects/Sat_Data/bench/HW-verification/40randomsets/2_17_1/IBM_FV_2004_rule_batch_2_17_1_SAT_dat.k75.cnf, 7.13
/ubc/cs/project/arrow/projects/Sat_Data/bench/HW-verification/40randomsets/1_13/IBM_FV_2004_rule_batch_1_13_SAT_dat.k10.cnf, 3.3
/ubc/cs/project/arrow/projects/Sat_Data/bench/HW-verification/40randomsets/26/IBM_FV_2004_rule_batch_26_SAT_dat.k25.cnf, 6.93
/ubc/cs/project/arrow/projects/Sat_Data/bench/HW-verification/40randomsets/02_2/IBM_FV_2004_rule_batch_02_2_SAT_dat.k70.cnf, 1.97
/ubc/cs/project/arrow/projects/Sat_Data/bench/HW-verification/40randomsets/03/IBM_FV_2004_rule_batch_03_SAT_dat.k25.cnf, 0.12
/ubc/cs/project/arrow/projects/Sat_Data/bench/HW-verification/40randomsets/14_rule_2/SAT_dat.k45.cnf, 102.41
/ubc/cs/project/arrow/projects/Sat_Data/bench/HW-verification/40randomsets/26_rule/SAT_dat.k95.cnf, 19.66
/ubc/cs/project/arrow/projects/Sat_Data/bench/HW-verification/40randomsets/13_rule_7/SAT_dat.k85.cnf, 3600.0
/ubc/cs/project/arrow/projects/Sat_Data/bench/HW-verification/40randomsets/26_rule/SAT_dat.k100.cnf, 21.5
/ubc/cs/project/arrow/projects/Sat_Data/bench/HW-verification/40randomsets/16_2_rule_5/SAT_dat.k35.cnf, 0.66
/ubc/cs/project/arrow/projects/Sat_Data/bench/HW-verification/40randomsets/16_2_rule_6/SAT_dat.k100.cnf, 4.62
/ubc/cs/project/arrow/projects/Sat_Data/bench/HW-verification/40randomsets/2_31_2/IBM_FV_2004_rule_batch_2_31_2_SAT_dat.k95.cnf, 3600.0
/ubc/cs/project/arrow/projects/Sat_Data/bench/HW-verification/40randomsets/26_rule/SAT_dat.k40.cnf, 10.94
/ubc/cs/project/arrow/projects/Sat_Data/bench/HW-verification/40randomsets/25_rule/SAT_dat.k65.cnf, 3600.0
/ubc/cs/project/arrow/projects/Sat_Data/bench/HW-verification/40randomsets/2_17_2/IBM_FV_2004_rule_batch_2_17_2_SAT_dat.k80.cnf, 5.13
/ubc/cs/project/arrow/projects/Sat_Data/bench/HW-verification/40randomsets/31_1_rule_2/SAT_dat.k95.cnf, 3600.0
/ubc/cs/project/arrow/projects/Sat_Data/bench/HW-verification/40randomsets/2_17_1/IBM_FV_2004_rule_batch_2_17_1_SAT_dat.k40.cnf, 1.51
/ubc/cs/project/arrow/projects/Sat_Data/bench/HW-verification/40randomsets/15_rule/SAT_dat.k65.cnf, 3.09
/ubc/cs/project/arrow/projects/Sat_Data/bench/HW-verification/40randomsets/2_17_1/IBM_FV_2004_rule_batch_2_17_1_SAT_dat.k95.cnf, 23.68
/ubc/cs/project/arrow/projects/Sat_Data/bench/HW-verification/40randomsets/28_rule/SAT_dat.k90.cnf, 3600.0
/ubc/cs/project/arrow/projects/Sat_Data/bench/HW-verification/40randomsets/13_rule_19/SAT_dat.k10.cnf, 3600.0
/ubc/cs/project/arrow/projects/Sat_Data/bench/HW-verification/40randomsets/03/IBM_FV_2004_rule_batch_03_SAT_dat.k45.cnf, 3.21
/ubc/cs/project/arrow/projects/Sat_Data/bench/HW-verification/40randomsets/02_2/IBM_FV_2004_rule_batch_02_2_SAT_dat.k90.cnf, 6.01
/ubc/cs/project/arrow/projects/Sat_Data/bench/HW-verification/40randomsets/14_rule_2/SAT_dat.k65.cnf, 327.43
/ubc/cs/project/arrow/projects/Sat_Data/bench/HW-verification/40randomsets/14_rule_2/SAT_dat.k10.cnf, 0.43
/ubc/cs/project/arrow/projects/Sat_Data/bench/HW-verification/40randomsets/18/IBM_FV_2004_rule_batch_18_SAT_dat.k15.cnf, 1.31
/ubc/cs/project/arrow/projects/Sat_Data/bench/HW-verification/40randomsets/25_rule/SAT_dat.k85.cnf, 3600.0
/ubc/cs/project/arrow/projects/Sat_Data/bench/HW-verification/40randomsets/28_rule/SAT_dat.k100.cnf, 238.94
/ubc/cs/project/arrow/projects/Sat_Data/bench/HW-verification/40randomsets/09_rule/SAT_dat.k50.cnf, 1.59
/ubc/cs/project/arrow/projects/Sat_Data/bench/HW-verification/40randomsets/26_rule/SAT_dat.k60.cnf, 14.58
/ubc/cs/project/arrow/projects/Sat_Data/bench/HW-verification/40randomsets/25_rule/SAT_dat.k30.cnf, 3600.0
/ubc/cs/project/arrow/projects/Sat_Data/bench/HW-verification/40randomsets/1_13/IBM_FV_2004_rule_batch_1_13_SAT_dat.k20.cnf, 3.04
/ubc/cs/project/arrow/projects/Sat_Data/bench/HW-verification/40randomsets/13_rule_24/SAT_dat.k100.cnf, 3600.0
/ubc/cs/project/arrow/projects/Sat_Data/bench/HW-verification/40randomsets/16_2_rule_6/SAT_dat.k90.cnf, 2.86
/ubc/cs/project/arrow/projects/Sat_Data/bench/HW-verification/40randomsets/02_2/IBM_FV_2004_rule_batch_02_2_SAT_dat.k80.cnf, 26.64
/ubc/cs/project/arrow/projects/Sat_Data/bench/HW-verification/40randomsets/14_rule_2/SAT_dat.k55.cnf, 198.88
/ubc/cs/project/arrow/projects/Sat_Data/bench/HW-verification/40randomsets/22_rule/SAT_dat.k25.cnf, 3.43
/ubc/cs/project/arrow/projects/Sat_Data/bench/HW-verification/40randomsets/16_2_rule_5/SAT_dat.k45.cnf, 0.9
/ubc/cs/project/arrow/projects/Sat_Data/bench/HW-verification/40randomsets/05_rule/SAT_dat.k100.cnf, 17.6
/ubc/cs/project/arrow/projects/Sat_Data/bench/HW-verification/40randomsets/03/IBM_FV_2004_rule_batch_03_SAT_dat.k10.cnf, 0.03
/ubc/cs/project/arrow/projects/Sat_Data/bench/HW-verification/40randomsets/26_rule/SAT_dat.k50.cnf, 13.18
/ubc/cs/project/arrow/projects/Sat_Data/bench/HW-verification/40randomsets/12/IBM_FV_2004_rule_batch_12_SAT_dat.k15.cnf, 0.0
/ubc/cs/project/arrow/projects/Sat_Data/bench/HW-verification/40randomsets/2_17_1/IBM_FV_2004_rule_batch_2_17_1_SAT_dat.k60.cnf, 3.65
/ubc/cs/project/arrow/projects/Sat_Data/bench/HW-verification/40randomsets/13_rule_8/SAT_dat.k1.cnf, 0.15
/ubc/cs/project/arrow/projects/Sat_Data/bench/HW-verification/40randomsets/2_31_2/IBM_FV_2004_rule_batch_2_31_2_SAT_dat.k30.cnf, 3600.0
/ubc/cs/project/arrow/projects/Sat_Data/bench/HW-verification/40randomsets/16_2_rule_3/SAT_dat.k25.cnf, 0.28
/ubc/cs/project/arrow/projects/Sat_Data/bench/HW-verification/40randomsets/3_16_2/IBM_FV_2004_rule_batch_3_16_2_SAT_dat.k15.cnf, 0.13
/ubc/cs/project/arrow/projects/Sat_Data/bench/HW-verification/40randomsets/2_17_2/IBM_FV_2004_rule_batch_2_17_2_SAT_dat.k90.cnf, 5.62
/ubc/cs/project/arrow/projects/Sat_Data/bench/HW-verification/40randomsets/13_rule_6/SAT_dat.k80.cnf, 3600.0
/ubc/cs/project/arrow/projects/Sat_Data/bench/HW-verification/40randomsets/09_rule/SAT_dat.k70.cnf, 2.61
/ubc/cs/project/arrow/projects/Sat_Data/bench/HW-verification/40randomsets/25_rule/SAT_dat.k50.cnf, 3600.0
/ubc/cs/project/arrow/projects/Sat_Data/bench/HW-verification/40randomsets/14_rule_2/SAT_dat.k75.cnf, 3600.0
/ubc/cs/project/arrow/projects/Sat_Data/bench/HW-verification/40randomsets/18/IBM_FV_2004_rule_batch_18_SAT_dat.k100.cnf, 3600.0
/ubc/cs/project/arrow/projects/Sat_Data/bench/HW-verification/40randomsets/14_rule_2/SAT_dat.k20.cnf, 1.96
/ubc/cs/project/arrow/projects/Sat_Data/bench/HW-verification/40randomsets/22_rule/SAT_dat.k45.cnf, 109.85
/ubc/cs/project/arrow/projects/Sat_Data/bench/HW-verification/40randomsets/2_17_1/IBM_FV_2004_rule_batch_2_17_1_SAT_dat.k50.cnf, 2.4
/ubc/cs/project/arrow/projects/Sat_Data/bench/HW-verification/40randomsets/21_rule/SAT_dat.k15.cnf, 1.16
/ubc/cs/project/arrow/projects/Sat_Data/bench/HW-verification/40randomsets/15_rule/SAT_dat.k100.cnf, 4.48
/ubc/cs/project/arrow/projects/Sat_Data/bench/HW-verification/40randomsets/03/IBM_FV_2004_rule_batch_03_SAT_dat.k55.cnf, 6.81
/ubc/cs/project/arrow/projects/Sat_Data/bench/HW-verification/40randomsets/15_rule/SAT_dat.k75.cnf, 3.56
/ubc/cs/project/arrow/projects/Sat_Data/bench/HW-verification/40randomsets/18/IBM_FV_2004_rule_batch_18_SAT_dat.k25.cnf, 11.14
/ubc/cs/project/arrow/projects/Sat_Data/bench/HW-verification/40randomsets/16_2_rule_5/SAT_dat.k65.cnf, 1.79
/ubc/cs/project/arrow/projects/Sat_Data/bench/HW-verification/40randomsets/26_rule/SAT_dat.k70.cnf, 14.97
/ubc/cs/project/arrow/projects/Sat_Data/bench/HW-verification/40randomsets/02_1_rule_5/SAT_dat.k100.cnf, 3.63
/ubc/cs/project/arrow/projects/Sat_Data/bench/HW-verification/40randomsets/09_rule/SAT_dat.k60.cnf, 2.04
/ubc/cs/project/arrow/projects/Sat_Data/bench/HW-verification/40randomsets/25_rule/SAT_dat.k40.cnf, 3600.0
/ubc/cs/project/arrow/projects/Sat_Data/bench/HW-verification/40randomsets/25_rule/SAT_dat.k95.cnf, 3600.0
/ubc/cs/project/arrow/projects/Sat_Data/bench/HW-verification/40randomsets/16_2_rule_3/SAT_dat.k15.cnf, 0.14
/ubc/cs/project/arrow/projects/Sat_Data/bench/HW-verification/40randomsets/2_17_2/IBM_FV_2004_rule_batch_2_17_2_SAT_dat.k15.cnf, 0.22
/ubc/cs/project/arrow/projects/Sat_Data/bench/HW-verification/40randomsets/22_rule/SAT_dat.k35.cnf, 13.04
/ubc/cs/project/arrow/projects/Sat_Data/bench/HW-verification/40randomsets/3_16_2/IBM_FV_2004_rule_batch_3_16_2_SAT_dat.k35.cnf, 0.45
/ubc/cs/project/arrow/projects/Sat_Data/bench/HW-verification/40randomsets/1_13/IBM_FV_2004_rule_batch_1_13_SAT_dat.k30.cnf, 3.52
/ubc/cs/project/arrow/projects/Sat_Data/bench/HW-verification/40randomsets/31_1_rule_2/SAT_dat.k70.cnf, 3600.0
/ubc/cs/project/arrow/projects/Sat_Data/bench/HW-verification/40randomsets/13_rule_7/SAT_dat.k1.cnf, 0.15
/ubc/cs/project/arrow/projects/Sat_Data/bench/HW-verification/40randomsets/21_rule/SAT_dat.k35.cnf, 10.42
/ubc/cs/project/arrow/projects/Sat_Data/bench/HW-verification/40randomsets/13_rule_24/SAT_dat.k10.cnf, 3600.0
/ubc/cs/project/arrow/projects/Sat_Data/bench/HW-verification/40randomsets/18/IBM_FV_2004_rule_batch_18_SAT_dat.k45.cnf, 3600.0
/ubc/cs/project/arrow/projects/Sat_Data/bench/HW-verification/40randomsets/16_2_rule_5/SAT_dat.k55.cnf, 1.62
/ubc/cs/project/arrow/projects/Sat_Data/bench/HW-verification/40randomsets/15_rule/SAT_dat.k95.cnf, 5.16
/ubc/cs/project/arrow/projects/Sat_Data/bench/HW-verification/40randomsets/2_17_1/IBM_FV_2004_rule_batch_2_17_1_SAT_dat.k70.cnf, 3600.0
/ubc/cs/project/arrow/projects/Sat_Data/bench/HW-verification/40randomsets/14_rule_2/SAT_dat.k40.cnf, 44.64
/ubc/cs/project/arrow/projects/Sat_Data/bench/HW-verification/40randomsets/03/IBM_FV_2004_rule_batch_03_SAT_dat.k20.cnf, 0.08
/ubc/cs/project/arrow/projects/Sat_Data/bench/HW-verification/40randomsets/1_14/IBM_FV_2004_rule_batch_1_14_SAT_dat.k15.cnf, 0.73
/ubc/cs/project/arrow/projects/Sat_Data/bench/HW-verification/40randomsets/3_16_2/IBM_FV_2004_rule_batch_3_16_2_SAT_dat.k25.cnf, 0.26
/ubc/cs/project/arrow/projects/Sat_Data/bench/HW-verification/40randomsets/09_rule/SAT_dat.k80.cnf, 2.89
/ubc/cs/project/arrow/projects/Sat_Data/bench/HW-verification/40randomsets/16_2_rule_3/SAT_dat.k35.cnf, 0.53
/ubc/cs/project/arrow/projects/Sat_Data/bench/HW-verification/40randomsets/13_rule_6/SAT_dat.k90.cnf, 3600.0
/ubc/cs/project/arrow/projects/Sat_Data/bench/HW-verification/40randomsets/25_rule/SAT_dat.k60.cnf, 3600.0
/ubc/cs/project/arrow/projects/Sat_Data/bench/HW-verification/40randomsets/02_2/IBM_FV_2004_rule_batch_02_2_SAT_dat.k15.cnf, 0.26
/ubc/cs/project/arrow/projects/Sat_Data/bench/HW-verification/40randomsets/21_rule/SAT_dat.k25.cnf, 3.21
/ubc/cs/project/arrow/projects/Sat_Data/bench/HW-verification/40randomsets/14_rule_2/SAT_dat.k85.cnf, 3600.0
/ubc/cs/project/arrow/projects/Sat_Data/bench/HW-verification/40randomsets/15_rule/SAT_dat.k85.cnf, 3.97
/ubc/cs/project/arrow/projects/Sat_Data/bench/HW-verification/40randomsets/13_rule_8/SAT_dat.k35.cnf, 3600.0
/ubc/cs/project/arrow/projects/Sat_Data/bench/HW-verification/40randomsets/13_rule_6/SAT_dat.k1.cnf, 0.15
/ubc/cs/project/arrow/projects/Sat_Data/bench/HW-verification/40randomsets/14_rule_2/SAT_dat.k30.cnf, 5.28
/ubc/cs/project/arrow/projects/Sat_Data/bench/HW-verification/40randomsets/18/IBM_FV_2004_rule_batch_18_SAT_dat.k35.cnf, 72.08
/ubc/cs/project/arrow/projects/Sat_Data/bench/HW-verification/40randomsets/22_rule/SAT_dat.k100.cnf, 3600.0
/ubc/cs/project/arrow/projects/Sat_Data/bench/HW-verification/40randomsets/22_rule/SAT_dat.k55.cnf, 229.99
/ubc/cs/project/arrow/projects/Sat_Data/bench/HW-verification/40randomsets/15/IBM_FV_2004_rule_batch_15_SAT_dat.k85.cnf, 3.9
/ubc/cs/project/arrow/projects/Sat_Data/bench/HW-verification/40randomsets/13_rule_19/SAT_dat.k45.cnf, 3600.0
/ubc/cs/project/arrow/projects/Sat_Data/bench/HW-verification/40randomsets/16_2_rule_5/SAT_dat.k75.cnf, 1.82
/ubc/cs/project/arrow/projects/Sat_Data/bench/HW-verification/40randomsets/13_rule_6/SAT_dat.k15.cnf, 3600.0
/ubc/cs/project/arrow/projects/Sat_Data/bench/HW-verification/40randomsets/2_17_2/IBM_FV_2004_rule_batch_2_17_2_SAT_dat.k25.cnf, 0.81
/ubc/cs/project/arrow/projects/Sat_Data/bench/HW-verification/40randomsets/26_rule/SAT_dat.k80.cnf, 18.54
/ubc/cs/project/arrow/projects/Sat_Data/bench/HW-verification/40randomsets/3_16_2/IBM_FV_2004_rule_batch_3_16_2_SAT_dat.k45.cnf, 0.6
/ubc/cs/project/arrow/projects/Sat_Data/bench/HW-verification/40randomsets/14_rule_2/SAT_dat.k50.cnf, 134.42
/ubc/cs/project/arrow/projects/Sat_Data/bench/HW-verification/40randomsets/13_rule_24/SAT_dat.k20.cnf, 3600.0
/ubc/cs/project/arrow/projects/Sat_Data/bench/HW-verification/40randomsets/04_rule/SAT_dat.k100.cnf, 3600.0
/ubc/cs/project/arrow/projects/Sat_Data/bench/HW-verification/40randomsets/31_1_rule_2/SAT_dat.k80.cnf, 3600.0
/ubc/cs/project/arrow/projects/Sat_Data/bench/HW-verification/40randomsets/03/IBM_FV_2004_rule_batch_03_SAT_dat.k30.cnf, 0.88
/ubc/cs/project/arrow/projects/Sat_Data/bench/HW-verification/40randomsets/21_rule/SAT_dat.k45.cnf, 59.95
/ubc/cs/project/arrow/projects/Sat_Data/bench/HW-verification/40randomsets/13_rule_8/SAT_dat.k55.cnf, 3600.0
/ubc/cs/project/arrow/projects/Sat_Data/bench/HW-verification/40randomsets/22_rule/SAT_dat.k20.cnf, 3.1
/ubc/cs/project/arrow/projects/Sat_Data/bench/HW-verification/40randomsets/15/IBM_FV_2004_rule_batch_15_SAT_dat.k50.cnf, 2.3
/ubc/cs/project/arrow/projects/Sat_Data/bench/HW-verification/40randomsets/1_14/IBM_FV_2004_rule_batch_1_14_SAT_dat.k25.cnf, 1.43
/ubc/cs/project/arrow/projects/Sat_Data/bench/HW-verification/40randomsets/18/IBM_FV_2004_rule_batch_18_SAT_dat.k55.cnf, 3600.0
/ubc/cs/project/arrow/projects/Sat_Data/bench/HW-verification/40randomsets/05_rule/SAT_dat.k10.cnf, 0.33
/ubc/cs/project/arrow/projects/Sat_Data/bench/HW-verification/40randomsets/09_rule/SAT_dat.k90.cnf, 3.42
/ubc/cs/project/arrow/projects/Sat_Data/bench/HW-verification/40randomsets/25_rule/SAT_dat.k70.cnf, 3600.0
/ubc/cs/project/arrow/projects/Sat_Data/bench/HW-verification/40randomsets/16_2_rule_3/SAT_dat.k45.cnf, 0.6
/ubc/cs/project/arrow/projects/Sat_Data/bench/HW-verification/40randomsets/12_rule/SAT_dat.k45.cnf, 0.0
/ubc/cs/project/arrow/projects/Sat_Data/bench/HW-verification/40randomsets/15/IBM_FV_2004_rule_batch_15_SAT_dat.k95.cnf, 4.05
/ubc/cs/project/arrow/projects/Sat_Data/bench/HW-verification/40randomsets/04_rule/SAT_dat.k75.cnf, 132.35
/ubc/cs/project/arrow/projects/Sat_Data/bench/HW-verification/40randomsets/13_rule_8/SAT_dat.k45.cnf, 3600.0
/ubc/cs/project/arrow/projects/Sat_Data/bench/HW-verification/40randomsets/22_rule/SAT_dat.k10.cnf, 0.82
/ubc/cs/project/arrow/projects/Sat_Data/bench/HW-verification/40randomsets/06/IBM_FV_2004_rule_batch_06_SAT_dat.k90.cnf, 240.31
/ubc/cs/project/arrow/projects/Sat_Data/bench/HW-verification/40randomsets/22_rule/SAT_dat.k65.cnf, 355.07
/ubc/cs/project/arrow/projects/Sat_Data/bench/HW-verification/40randomsets/21_rule/SAT_dat.k10.cnf, 0.65
/ubc/cs/project/arrow/projects/Sat_Data/bench/HW-verification/40randomsets/16_2_rule_5/SAT_dat.k85.cnf, 2.34
/ubc/cs/project/arrow/projects/Sat_Data/bench/HW-verification/40randomsets/13_rule_6/SAT_dat.k25.cnf, 3600.0
/ubc/cs/project/arrow/projects/Sat_Data/bench/HW-verification/40randomsets/13_rule_19/SAT_dat.k55.cnf, 3600.0
/ubc/cs/project/arrow/projects/Sat_Data/bench/HW-verification/40randomsets/1_14/IBM_FV_2004_rule_batch_1_14_SAT_dat.k45.cnf, 3.86
/ubc/cs/project/arrow/projects/Sat_Data/bench/HW-verification/40randomsets/31_1_rule_2/SAT_dat.k90.cnf, 3600.0
/ubc/cs/project/arrow/projects/Sat_Data/bench/HW-verification/40randomsets/12_rule/SAT_dat.k10.cnf, 0.0
/ubc/cs/project/arrow/projects/Sat_Data/bench/HW-verification/40randomsets/31_1_rule_2/SAT_dat.k100.cnf, 3600.0
/ubc/cs/project/arrow/projects/Sat_Data/bench/HW-verification/40randomsets/3_16_2/IBM_FV_2004_rule_batch_3_16_2_SAT_dat.k55.cnf, 0.68
/ubc/cs/project/arrow/projects/Sat_Data/bench/HW-verification/40randomsets/16_2_rule_5/SAT_dat.k10.cnf, 0.11
/ubc/cs/project/arrow/projects/Sat_Data/bench/HW-verification/40randomsets/12_rule/SAT_dat.k65.cnf, 0.0
/ubc/cs/project/arrow/projects/Sat_Data/bench/HW-verification/40randomsets/1_14/IBM_FV_2004_rule_batch_1_14_SAT_dat.k35.cnf, 1.8
/ubc/cs/project/arrow/projects/Sat_Data/bench/HW-verification/40randomsets/22_rule/SAT_dat.k30.cnf, 6.07
/ubc/cs/project/arrow/projects/Sat_Data/bench/HW-verification/40randomsets/21_rule/SAT_dat.k55.cnf, 3600.0
/ubc/cs/project/arrow/projects/Sat_Data/bench/HW-verification/40randomsets/15/IBM_FV_2004_rule_batch_15_SAT_dat.k60.cnf, 2.81
/ubc/cs/project/arrow/projects/Sat_Data/bench/HW-verification/40randomsets/1_13/IBM_FV_2004_rule_batch_1_13_SAT_dat.k65.cnf, 3.47
/ubc/cs/project/arrow/projects/Sat_Data/bench/HW-verification/40randomsets/18/IBM_FV_2004_rule_batch_18_SAT_dat.k65.cnf, 3600.0
/ubc/cs/project/arrow/projects/Sat_Data/bench/HW-verification/40randomsets/13_rule_8/SAT_dat.k65.cnf, 3600.0
/ubc/cs/project/arrow/projects/Sat_Data/bench/HW-verification/40randomsets/05_rule/SAT_dat.k20.cnf, 1.18
/ubc/cs/project/arrow/projects/Sat_Data/bench/HW-verification/40randomsets/15_rule/SAT_dat.k40.cnf, 1.7
/ubc/cs/project/arrow/projects/Sat_Data/bench/HW-verification/40randomsets/13_rule_19/SAT_dat.k75.cnf, 3600.0
/ubc/cs/project/arrow/projects/Sat_Data/bench/HW-verification/40randomsets/12_rule/SAT_dat.k55.cnf, 0.0
/ubc/cs/project/arrow/projects/Sat_Data/bench/HW-verification/40randomsets/24_1_rule_3/SAT_dat.k60.cnf, 3600.0
/ubc/cs/project/arrow/projects/Sat_Data/bench/HW-verification/40randomsets/2_14/IBM_FV_2004_rule_batch_2_14_SAT_dat.k100.cnf, 3600.0
/ubc/cs/project/arrow/projects/Sat_Data/bench/HW-verification/40randomsets/05_rule/SAT_dat.k40.cnf, 6.1
/ubc/cs/project/arrow/projects/Sat_Data/bench/HW-verification/40randomsets/13_rule_19/SAT_dat.k65.cnf, 3600.0
/ubc/cs/project/arrow/projects/Sat_Data/bench/HW-verification/40randomsets/04_rule/SAT_dat.k10.cnf, 0.05
/ubc/cs/project/arrow/projects/Sat_Data/bench/HW-verification/40randomsets/13_rule_6/SAT_dat.k35.cnf, 3600.0
/ubc/cs/project/arrow/projects/Sat_Data/bench/HW-verification/40randomsets/16_2_rule_5/SAT_dat.k100.cnf, 5.4
/ubc/cs/project/arrow/projects/Sat_Data/bench/HW-verification/40randomsets/21_rule/SAT_dat.k20.cnf, 1.77
/ubc/cs/project/arrow/projects/Sat_Data/bench/HW-verification/40randomsets/15/IBM_FV_2004_rule_batch_15_SAT_dat.k80.cnf, 3.81
/ubc/cs/project/arrow/projects/Sat_Data/bench/HW-verification/40randomsets/13_rule_7/SAT_dat.k40.cnf, 3600.0
/ubc/cs/project/arrow/projects/Sat_Data/bench/HW-verification/40randomsets/1_14/IBM_FV_2004_rule_batch_1_14_SAT_dat.k55.cnf, 4.64
/ubc/cs/project/arrow/projects/Sat_Data/bench/HW-verification/40randomsets/12_rule/SAT_dat.k75.cnf, 0.0
/ubc/cs/project/arrow/projects/Sat_Data/bench/HW-verification/40randomsets/13_rule_22/SAT_dat.k15.cnf, 3600.0
/ubc/cs/project/arrow/projects/Sat_Data/bench/HW-verification/40randomsets/12/IBM_FV_2004_rule_batch_12_SAT_dat.k25.cnf, 0.0
/ubc/cs/project/arrow/projects/Sat_Data/bench/HW-verification/40randomsets/02_1_rule_5/SAT_dat.k1.cnf, 0.0
/ubc/cs/project/arrow/projects/Sat_Data/bench/HW-verification/40randomsets/15/IBM_FV_2004_rule_batch_15_SAT_dat.k70.cnf, 3.51
/ubc/cs/project/arrow/projects/Sat_Data/bench/HW-verification/40randomsets/22_rule/SAT_dat.k40.cnf, 61.05
/ubc/cs/project/arrow/projects/Sat_Data/bench/HW-verification/40randomsets/16_2_rule_3/SAT_dat.k1.cnf, 0.0
/ubc/cs/project/arrow/projects/Sat_Data/bench/HW-verification/40randomsets/1_13/IBM_FV_2004_rule_batch_1_13_SAT_dat.k75.cnf, 3.46
/ubc/cs/project/arrow/projects/Sat_Data/bench/HW-verification/40randomsets/05_rule/SAT_dat.k85.cnf, 22.05
/ubc/cs/project/arrow/projects/Sat_Data/bench/HW-verification/40randomsets/13_rule_8/SAT_dat.k75.cnf, 3600.0
/ubc/cs/project/arrow/projects/Sat_Data/bench/HW-verification/40randomsets/05_rule/SAT_dat.k30.cnf, 3.14
/ubc/cs/project/arrow/projects/Sat_Data/bench/HW-verification/40randomsets/2_31_2/IBM_FV_2004_rule_batch_2_31_2_SAT_dat.k40.cnf, 3600.0
/ubc/cs/project/arrow/projects/Sat_Data/bench/HW-verification/40randomsets/18_rule/SAT_dat.k70.cnf, 3600.0
/ubc/cs/project/arrow/projects/Sat_Data/bench/HW-verification/40randomsets/13_rule_24/SAT_dat.k55.cnf, 3600.0
/ubc/cs/project/arrow/projects/Sat_Data/bench/HW-verification/40randomsets/03/IBM_FV_2004_rule_batch_03_SAT_dat.k65.cnf, 3600.0
/ubc/cs/project/arrow/projects/Sat_Data/bench/HW-verification/40randomsets/1_14/IBM_FV_2004_rule_batch_1_14_SAT_dat.k20.cnf, 0.94
/ubc/cs/project/arrow/projects/Sat_Data/bench/HW-verification/40randomsets/04_rule/SAT_dat.k30.cnf, 2.35
/ubc/cs/project/arrow/projects/Sat_Data/bench/HW-verification/40randomsets/13_rule_19/SAT_dat.k85.cnf, 3600.0
/ubc/cs/project/arrow/projects/Sat_Data/bench/HW-verification/40randomsets/24_1_rule_3/SAT_dat.k70.cnf, 3600.0
/ubc/cs/project/arrow/projects/Sat_Data/bench/HW-verification/40randomsets/16_2_rule_6/SAT_dat.k15.cnf, 0.19
/ubc/cs/project/arrow/projects/Sat_Data/bench/HW-verification/40randomsets/2_31_2/IBM_FV_2004_rule_batch_2_31_2_SAT_dat.k60.cnf, 3600.0
/ubc/cs/project/arrow/projects/Sat_Data/bench/HW-verification/40randomsets/25_rule/SAT_dat.k100.cnf, 3600.0
/ubc/cs/project/arrow/projects/Sat_Data/bench/HW-verification/40randomsets/05_rule/SAT_dat.k50.cnf, 8.69
/ubc/cs/project/arrow/projects/Sat_Data/bench/HW-verification/40randomsets/2_31_2/IBM_FV_2004_rule_batch_2_31_2_SAT_dat.k100.cnf, 3600.0
/ubc/cs/project/arrow/projects/Sat_Data/bench/HW-verification/40randomsets/1_14/IBM_FV_2004_rule_batch_1_14_SAT_dat.k10.cnf, 0.37
/ubc/cs/project/arrow/projects/Sat_Data/bench/HW-verification/40randomsets/21_rule/SAT_dat.k30.cnf, 5.55
/ubc/cs/project/arrow/projects/Sat_Data/bench/HW-verification/40randomsets/15/IBM_FV_2004_rule_batch_15_SAT_dat.k90.cnf, 4.2
/ubc/cs/project/arrow/projects/Sat_Data/bench/HW-verification/40randomsets/13_rule_7/SAT_dat.k50.cnf, 3600.0
/ubc/cs/project/arrow/projects/Sat_Data/bench/HW-verification/40randomsets/1_13/IBM_FV_2004_rule_batch_1_13_SAT_dat.k95.cnf, 3.53
/ubc/cs/project/arrow/projects/Sat_Data/bench/HW-verification/40randomsets/1_14/IBM_FV_2004_rule_batch_1_14_SAT_dat.k65.cnf, 7.85
/ubc/cs/project/arrow/projects/Sat_Data/bench/HW-verification/40randomsets/1_13/IBM_FV_2004_rule_batch_1_13_SAT_dat.k40.cnf, 3.23
/ubc/cs/project/arrow/projects/Sat_Data/bench/HW-verification/40randomsets/04_rule/SAT_dat.k20.cnf, 0.62
/ubc/cs/project/arrow/projects/Sat_Data/bench/HW-verification/40randomsets/2_17_1/IBM_FV_2004_rule_batch_2_17_1_SAT_dat.k80.cnf, 3600.0
/ubc/cs/project/arrow/projects/Sat_Data/bench/HW-verification/40randomsets/02_1_rule_5/SAT_dat.k15.cnf, 0.25
/ubc/cs/project/arrow/projects/Sat_Data/bench/HW-verification/40randomsets/24_1_rule_3/SAT_dat.k90.cnf, 3600.0
/ubc/cs/project/arrow/projects/Sat_Data/bench/HW-verification/40randomsets/12/IBM_FV_2004_rule_batch_12_SAT_dat.k35.cnf, 0.0
/ubc/cs/project/arrow/projects/Sat_Data/bench/HW-verification/40randomsets/12_rule/SAT_dat.k85.cnf, 0.0
/ubc/cs/project/arrow/projects/Sat_Data/bench/HW-verification/40randomsets/13_rule_22/SAT_dat.k25.cnf, 3600.0
/ubc/cs/project/arrow/projects/Sat_Data/bench/HW-verification/40randomsets/16_2_rule_6/SAT_dat.k35.cnf, 0.59
/ubc/cs/project/arrow/projects/Sat_Data/bench/HW-verification/40randomsets/2_31_2/IBM_FV_2004_rule_batch_2_31_2_SAT_dat.k50.cnf, 3600.0
/ubc/cs/project/arrow/projects/Sat_Data/bench/HW-verification/40randomsets/1_13/IBM_FV_2004_rule_batch_1_13_SAT_dat.k85.cnf, 3.78
/ubc/cs/project/arrow/projects/Sat_Data/bench/HW-verification/40randomsets/04_rule/SAT_dat.k40.cnf, 5.66
/ubc/cs/project/arrow/projects/Sat_Data/bench/HW-verification/40randomsets/1_14/IBM_FV_2004_rule_batch_1_14_SAT_dat.k30.cnf, 1.6
/ubc/cs/project/arrow/projects/Sat_Data/bench/HW-verification/40randomsets/12_rule/SAT_dat.k100.cnf, 0.0
/ubc/cs/project/arrow/projects/Sat_Data/bench/HW-verification/40randomsets/18_rule/SAT_dat.k80.cnf, 621.11
/ubc/cs/project/arrow/projects/Sat_Data/bench/HW-verification/40randomsets/14_rule_2/SAT_dat.k95.cnf, 3600.0
/ubc/cs/project/arrow/projects/Sat_Data/bench/HW-verification/40randomsets/13_rule_19/SAT_dat.k95.cnf, 3600.0
/ubc/cs/project/arrow/projects/Sat_Data/bench/HW-verification/40randomsets/13_rule_7/SAT_dat.k70.cnf, 3600.0
/ubc/cs/project/arrow/projects/Sat_Data/bench/HW-verification/40randomsets/24_1_rule_3/SAT_dat.k80.cnf, 3600.0
/ubc/cs/project/arrow/projects/Sat_Data/bench/HW-verification/40randomsets/1_13/IBM_FV_2004_rule_batch_1_13_SAT_dat.k60.cnf, 3.27
/ubc/cs/project/arrow/projects/Sat_Data/bench/HW-verification/40randomsets/03/IBM_FV_2004_rule_batch_03_SAT_dat.k75.cnf, 82.35
/ubc/cs/project/arrow/projects/Sat_Data/bench/HW-verification/40randomsets/13_rule_24/SAT_dat.k65.cnf, 3600.0
/ubc/cs/project/arrow/projects/Sat_Data/bench/HW-verification/40randomsets/16_2_rule_6/SAT_dat.k25.cnf, 0.38
/ubc/cs/project/arrow/projects/Sat_Data/bench/HW-verification/40randomsets/2_17_2/IBM_FV_2004_rule_batch_2_17_2_SAT_dat.k35.cnf, 3.26
/ubc/cs/project/arrow/projects/Sat_Data/bench/HW-verification/40randomsets/13_rule_22/SAT_dat.k45.cnf, 3600.0
/ubc/cs/project/arrow/projects/Sat_Data/bench/HW-verification/40randomsets/13_rule_19/SAT_dat.k20.cnf, 3600.0
/ubc/cs/project/arrow/projects/Sat_Data/bench/HW-verification/40randomsets/12/IBM_FV_2004_rule_batch_12_SAT_dat.k55.cnf, 0.0
/ubc/cs/project/arrow/projects/Sat_Data/bench/HW-verification/40randomsets/2_31_2/IBM_FV_2004_rule_batch_2_31_2_SAT_dat.k70.cnf, 3600.0
/ubc/cs/project/arrow/projects/Sat_Data/bench/HW-verification/40randomsets/13_rule_7/SAT_dat.k60.cnf, 3600.0
/ubc/cs/project/arrow/projects/Sat_Data/bench/HW-verification/40randomsets/1_13/IBM_FV_2004_rule_batch_1_13_SAT_dat.k50.cnf, 3.18
/ubc/cs/project/arrow/projects/Sat_Data/bench/HW-verification/40randomsets/13_rule_24/SAT_dat.k30.cnf, 3600.0
/ubc/cs/project/arrow/projects/Sat_Data/bench/HW-verification/40randomsets/14_rule_2/SAT_dat.k60.cnf, 195.58
/ubc/cs/project/arrow/projects/Sat_Data/bench/HW-verification/40randomsets/13_rule_24/SAT_dat.k85.cnf, 3600.0
/ubc/cs/project/arrow/projects/Sat_Data/bench/HW-verification/40randomsets/02_1_rule_5/SAT_dat.k25.cnf, 0.53
/ubc/cs/project/arrow/projects/Sat_Data/bench/HW-verification/40randomsets/13_rule_22/SAT_dat.k35.cnf, 3600.0
/ubc/cs/project/arrow/projects/Sat_Data/bench/HW-verification/40randomsets/12/IBM_FV_2004_rule_batch_12_SAT_dat.k45.cnf, 0.0
/ubc/cs/project/arrow/projects/Sat_Data/bench/HW-verification/40randomsets/03/IBM_FV_2004_rule_batch_03_SAT_dat.k95.cnf, 3600.0
/ubc/cs/project/arrow/projects/Sat_Data/bench/HW-verification/40randomsets/13_rule_24/SAT_dat.k75.cnf, 3600.0
/ubc/cs/project/arrow/projects/Sat_Data/bench/HW-verification/40randomsets/2_14/IBM_FV_2004_rule_batch_2_14_SAT_dat.k15.cnf, 0.88
/ubc/cs/project/arrow/projects/Sat_Data/bench/HW-verification/40randomsets/31_1_rule_2/SAT_dat.k1.cnf, 0.0
/ubc/cs/project/arrow/projects/Sat_Data/bench/HW-verification/40randomsets/16_2_rule_6/SAT_dat.k45.cnf, 0.96
/ubc/cs/project/arrow/projects/Sat_Data/bench/HW-verification/40randomsets/1_17_2/IBM_FV_2004_rule_batch_1_17_2_SAT_dat.k15.cnf, 0.21
/ubc/cs/project/arrow/projects/Sat_Data/bench/HW-verification/40randomsets/22_rule/SAT_dat.k75.cnf, 658.17
/ubc/cs/project/arrow/projects/Sat_Data/bench/HW-verification/40randomsets/13_rule_7/SAT_dat.k80.cnf, 3600.0
/ubc/cs/project/arrow/projects/Sat_Data/bench/HW-verification/40randomsets/04_rule/SAT_dat.k50.cnf, 3600.0
/ubc/cs/project/arrow/projects/Sat_Data/bench/HW-verification/40randomsets/13_rule_22/SAT_dat.k55.cnf, 3600.0
/ubc/cs/project/arrow/projects/Sat_Data/bench/HW-verification/40randomsets/1_14/IBM_FV_2004_rule_batch_1_14_SAT_dat.k40.cnf, 2.36
/ubc/cs/project/arrow/projects/Sat_Data/bench/HW-verification/40randomsets/18_rule/SAT_dat.k90.cnf, 3600.0
/ubc/cs/project/arrow/projects/Sat_Data/bench/HW-verification/40randomsets/03/IBM_FV_2004_rule_batch_03_SAT_dat.k85.cnf, 3600.0
/ubc/cs/project/arrow/projects/Sat_Data/bench/HW-verification/40randomsets/1_13/IBM_FV_2004_rule_batch_1_13_SAT_dat.k70.cnf, 3.32
/ubc/cs/project/arrow/projects/Sat_Data/bench/HW-verification/40randomsets/02_1_rule_5/SAT_dat.k45.cnf, 1.36
/ubc/cs/project/arrow/projects/Sat_Data/bench/HW-verification/40randomsets/12/IBM_FV_2004_rule_batch_12_SAT_dat.k65.cnf, 0.0
/ubc/cs/project/arrow/projects/Sat_Data/bench/HW-verification/40randomsets/2_31_2/IBM_FV_2004_rule_batch_2_31_2_SAT_dat.k80.cnf, 3600.0
/ubc/cs/project/arrow/projects/Sat_Data/bench/HW-verification/40randomsets/13_rule_24/SAT_dat.k40.cnf, 3600.0
/ubc/cs/project/arrow/projects/Sat_Data/bench/HW-verification/40randomsets/24_1_rule_3/SAT_dat.k15.cnf, 6.02
/ubc/cs/project/arrow/projects/Sat_Data/bench/HW-verification/40randomsets/18_rule/SAT_dat.k15.cnf, 1.69
/ubc/cs/project/arrow/projects/Sat_Data/bench/HW-verification/40randomsets/13_rule_24/SAT_dat.k95.cnf, 3600.0
/ubc/cs/project/arrow/projects/Sat_Data/bench/HW-verification/40randomsets/16_2_rule_5/SAT_dat.k20.cnf, 0.29
/ubc/cs/project/arrow/projects/Sat_Data/bench/HW-verification/40randomsets/21_rule/SAT_dat.k65.cnf, 3600.0
/ubc/cs/project/arrow/projects/Sat_Data/bench/HW-verification/40randomsets/02_1_rule_5/SAT_dat.k35.cnf, 0.88
/ubc/cs/project/arrow/projects/Sat_Data/bench/HW-verification/40randomsets/13_rule_22/SAT_dat.k20.cnf, 3600.0
/ubc/cs/project/arrow/projects/Sat_Data/bench/HW-verification/40randomsets/1_17_2/IBM_FV_2004_rule_batch_1_17_2_SAT_dat.k35.cnf, 2.95
/ubc/cs/project/arrow/projects/Sat_Data/bench/HW-verification/40randomsets/21_rule/SAT_dat.k100.cnf, 444.18
/ubc/cs/project/arrow/projects/Sat_Data/bench/HW-verification/40randomsets/2_14/IBM_FV_2004_rule_batch_2_14_SAT_dat.k25.cnf, 2.62
/ubc/cs/project/arrow/projects/Sat_Data/bench/HW-verification/40randomsets/15_rule/SAT_dat.k50.cnf, 2.38
/ubc/cs/project/arrow/projects/Sat_Data/bench/HW-verification/40randomsets/13_rule_22/SAT_dat.k10.cnf, 3600.0
/ubc/cs/project/arrow/projects/Sat_Data/bench/HW-verification/40randomsets/22_rule/SAT_dat.k85.cnf, 964.61
/ubc/cs/project/arrow/projects/Sat_Data/bench/HW-verification/40randomsets/13_rule_7/SAT_dat.k90.cnf, 3600.0
/ubc/cs/project/arrow/projects/Sat_Data/bench/HW-verification/40randomsets/1_13/IBM_FV_2004_rule_batch_1_13_SAT_dat.k80.cnf, 3.75
/ubc/cs/project/arrow/projects/Sat_Data/bench/HW-verification/40randomsets/16_2_rule_5/SAT_dat.k40.cnf, 0.7
/ubc/cs/project/arrow/projects/Sat_Data/bench/HW-verification/40randomsets/13_rule_24/SAT_dat.k60.cnf, 3600.0
/ubc/cs/project/arrow/projects/Sat_Data/bench/HW-verification/40randomsets/1_17_2/IBM_FV_2004_rule_batch_1_17_2_SAT_dat.k25.cnf, 0.86
/ubc/cs/project/arrow/projects/Sat_Data/bench/HW-verification/40randomsets/02_1_rule_5/SAT_dat.k55.cnf, 1.64
/ubc/cs/project/arrow/projects/Sat_Data/bench/HW-verification/40randomsets/12/IBM_FV_2004_rule_batch_12_SAT_dat.k75.cnf, 0.0
/ubc/cs/project/arrow/projects/Sat_Data/bench/HW-verification/40randomsets/3_16_2/IBM_FV_2004_rule_batch_3_16_2_SAT_dat.k10.cnf, 0.06
/ubc/cs/project/arrow/projects/Sat_Data/bench/HW-verification/40randomsets/18_rule/SAT_dat.k25.cnf, 35.73
/ubc/cs/project/arrow/projects/Sat_Data/bench/HW-verification/40randomsets/13_rule_24/SAT_dat.k50.cnf, 3600.0
/ubc/cs/project/arrow/projects/Sat_Data/bench/HW-verification/40randomsets/18/IBM_FV_2004_rule_batch_18_SAT_dat.k20.cnf, 3.14
/ubc/cs/project/arrow/projects/Sat_Data/bench/HW-verification/40randomsets/2_14/IBM_FV_2004_rule_batch_2_14_SAT_dat.k45.cnf, 45.82
/ubc/cs/project/arrow/projects/Sat_Data/bench/HW-verification/40randomsets/15_rule/SAT_dat.k70.cnf, 3.19
/ubc/cs/project/arrow/projects/Sat_Data/bench/HW-verification/40randomsets/26/IBM_FV_2004_rule_batch_26_SAT_dat.k35.cnf, 9.48
/ubc/cs/project/arrow/projects/Sat_Data/bench/HW-verification/40randomsets/16_2_rule_5/SAT_dat.k30.cnf, 0.5
/ubc/cs/project/arrow/projects/Sat_Data/bench/HW-verification/40randomsets/21_rule/SAT_dat.k75.cnf, 183.69
/ubc/cs/project/arrow/projects/Sat_Data/bench/HW-verification/40randomsets/13_rule_22/SAT_dat.k30.cnf, 3600.0
/ubc/cs/project/arrow/projects/Sat_Data/bench/HW-verification/40randomsets/05_rule/SAT_dat.k95.cnf, 25.62
/ubc/cs/project/arrow/projects/Sat_Data/bench/HW-verification/40randomsets/16_2_rule_3/SAT_dat.k10.cnf, 0.07
/ubc/cs/project/arrow/projects/Sat_Data/bench/HW-verification/40randomsets/1_17_2/IBM_FV_2004_rule_batch_1_17_2_SAT_dat.k45.cnf, 2.91
/ubc/cs/project/arrow/projects/Sat_Data/bench/HW-verification/40randomsets/15_rule/SAT_dat.k60.cnf, 2.73
/ubc/cs/project/arrow/projects/Sat_Data/bench/HW-verification/40randomsets/13_rule_8/SAT_dat.k10.cnf, 3600.0
/ubc/cs/project/arrow/projects/Sat_Data/bench/HW-verification/40randomsets/18/IBM_FV_2004_rule_batch_18_SAT_dat.k10.cnf, 0.62
/ubc/cs/project/arrow/projects/Sat_Data/bench/HW-verification/40randomsets/02_1_rule_5/SAT_dat.k20.cnf, 0.4
/ubc/cs/project/arrow/projects/Sat_Data/bench/HW-verification/40randomsets/2_14/IBM_FV_2004_rule_batch_2_14_SAT_dat.k35.cnf, 7.0
/ubc/cs/project/arrow/projects/Sat_Data/bench/HW-verification/40randomsets/13_rule_24/SAT_dat.k70.cnf, 3600.0
/ubc/cs/project/arrow/projects/Sat_Data/bench/HW-verification/40randomsets/31_1_rule_2/SAT_dat.k15.cnf, 1.68
/ubc/cs/project/arrow/projects/Sat_Data/bench/HW-verification/40randomsets/16_2_rule_5/SAT_dat.k50.cnf, 1.14
/ubc/cs/project/arrow/projects/Sat_Data/bench/HW-verification/40randomsets/22_rule/SAT_dat.k95.cnf, 3600.0
/ubc/cs/project/arrow/projects/Sat_Data/bench/HW-verification/40randomsets/05_rule/SAT_dat.k60.cnf, 13.62
/ubc/cs/project/arrow/projects/Sat_Data/bench/HW-verification/40randomsets/04_rule/SAT_dat.k85.cnf, 133.9
/ubc/cs/project/arrow/projects/Sat_Data/bench/HW-verification/40randomsets/02_1_rule_5/SAT_dat.k10.cnf, 0.14
/ubc/cs/project/arrow/projects/Sat_Data/bench/HW-verification/40randomsets/3_16_2/IBM_FV_2004_rule_batch_3_16_2_SAT_dat.k100.cnf, 3.65
/ubc/cs/project/arrow/projects/Sat_Data/bench/HW-verification/40randomsets/21_rule/SAT_dat.k95.cnf, 591.83
/ubc/cs/project/arrow/projects/Sat_Data/bench/HW-verification/40randomsets/02_1_rule_5/SAT_dat.k65.cnf, 1.93
/ubc/cs/project/arrow/projects/Sat_Data/bench/HW-verification/40randomsets/3_16_2/IBM_FV_2004_rule_batch_3_16_2_SAT_dat.k20.cnf, 0.2
/ubc/cs/project/arrow/projects/Sat_Data/bench/HW-verification/40randomsets/1_14/IBM_FV_2004_rule_batch_1_14_SAT_dat.k75.cnf, 6.66
/ubc/cs/project/arrow/projects/Sat_Data/bench/HW-verification/40randomsets/13_rule_8/SAT_dat.k100.cnf, 3600.0
/ubc/cs/project/arrow/projects/Sat_Data/bench/HW-verification/40randomsets/18/IBM_FV_2004_rule_batch_18_SAT_dat.k30.cnf, 3600.0
/ubc/cs/project/arrow/projects/Sat_Data/bench/HW-verification/40randomsets/15_rule/SAT_dat.k80.cnf, 4.16
/ubc/cs/project/arrow/projects/Sat_Data/bench/HW-verification/40randomsets/26/IBM_FV_2004_rule_batch_26_SAT_dat.k45.cnf, 11.3
/ubc/cs/project/arrow/projects/Sat_Data/bench/HW-verification/40randomsets/2_14/IBM_FV_2004_rule_batch_2_14_SAT_dat.k55.cnf, 119.06
/ubc/cs/project/arrow/projects/Sat_Data/bench/HW-verification/40randomsets/1_17_2/IBM_FV_2004_rule_batch_1_17_2_SAT_dat.k55.cnf, 4.2
/ubc/cs/project/arrow/projects/Sat_Data/bench/HW-verification/40randomsets/16_2_rule_3/SAT_dat.k20.cnf, 0.23
/ubc/cs/project/arrow/projects/Sat_Data/bench/HW-verification/40randomsets/06/IBM_FV_2004_rule_batch_06_SAT_dat.k25.cnf, 1.85
/ubc/cs/project/arrow/projects/Sat_Data/bench/HW-verification/40randomsets/12_rule/SAT_dat.k20.cnf, 0.0
/ubc/cs/project/arrow/projects/Sat_Data/bench/HW-verification/40randomsets/21_rule/SAT_dat.k85.cnf, 3600.0
/ubc/cs/project/arrow/projects/Sat_Data/bench/HW-verification/40randomsets/28_rule/SAT_dat.k15.cnf, 1.17
/ubc/cs/project/arrow/projects/Sat_Data/bench/HW-verification/40randomsets/13_rule_8/SAT_dat.k20.cnf, 3600.0
/ubc/cs/project/arrow/projects/Sat_Data/bench/HW-verification/40randomsets/13_rule_22/SAT_dat.k100.cnf, 3600.0
/ubc/cs/project/arrow/projects/Sat_Data/bench/HW-verification/40randomsets/02_1_rule_5/SAT_dat.k30.cnf, 0.65
/ubc/cs/project/arrow/projects/Sat_Data/bench/HW-verification/40randomsets/26/IBM_FV_2004_rule_batch_26_SAT_dat.k65.cnf, 16.13
/ubc/cs/project/arrow/projects/Sat_Data/bench/HW-verification/40randomsets/13_rule_24/SAT_dat.k80.cnf, 3600.0
/ubc/cs/project/arrow/projects/Sat_Data/bench/HW-verification/40randomsets/13_rule_19/SAT_dat.k30.cnf, 3600.0
/ubc/cs/project/arrow/projects/Sat_Data/bench/HW-verification/40randomsets/06/IBM_FV_2004_rule_batch_06_SAT_dat.k15.cnf, 0.71
/ubc/cs/project/arrow/projects/Sat_Data/bench/HW-verification/40randomsets/26/IBM_FV_2004_rule_batch_26_SAT_dat.k10.cnf, 3.33
/ubc/cs/project/arrow/projects/Sat_Data/bench/HW-verification/40randomsets/16_2_rule_5/SAT_dat.k60.cnf, 1.97
/ubc/cs/project/arrow/projects/Sat_Data/bench/HW-verification/40randomsets/2_17_2/IBM_FV_2004_rule_batch_2_17_2_SAT_dat.k10.cnf, 0.03
/ubc/cs/project/arrow/projects/Sat_Data/bench/HW-verification/40randomsets/31_1_rule_2/SAT_dat.k25.cnf, 3600.0
/ubc/cs/project/arrow/projects/Sat_Data/bench/HW-verification/40randomsets/3_16_2/IBM_FV_2004_rule_batch_3_16_2_SAT_dat.k30.cnf, 0.32
/ubc/cs/project/arrow/projects/Sat_Data/bench/HW-verification/40randomsets/04_rule/SAT_dat.k95.cnf, 197.3
/ubc/cs/project/arrow/projects/Sat_Data/bench/HW-verification/40randomsets/12_rule/SAT_dat.k40.cnf, 0.0
/ubc/cs/project/arrow/projects/Sat_Data/bench/HW-verification/40randomsets/1_14/IBM_FV_2004_rule_batch_1_14_SAT_dat.k85.cnf, 6.4
/ubc/cs/project/arrow/projects/Sat_Data/bench/HW-verification/40randomsets/05_rule/SAT_dat.k70.cnf, 15.28
/ubc/cs/project/arrow/projects/Sat_Data/bench/HW-verification/40randomsets/15_rule/SAT_dat.k90.cnf, 4.12
/ubc/cs/project/arrow/projects/Sat_Data/bench/HW-verification/40randomsets/18/IBM_FV_2004_rule_batch_18_SAT_dat.k40.cnf, 170.75
/ubc/cs/project/arrow/projects/Sat_Data/bench/HW-verification/40randomsets/13_rule_8/SAT_dat.k40.cnf, 3600.0
/ubc/cs/project/arrow/projects/Sat_Data/bench/HW-verification/40randomsets/26/IBM_FV_2004_rule_batch_26_SAT_dat.k55.cnf, 12.44
/ubc/cs/project/arrow/projects/Sat_Data/bench/HW-verification/40randomsets/2_14/IBM_FV_2004_rule_batch_2_14_SAT_dat.k65.cnf, 3600.0
/ubc/cs/project/arrow/projects/Sat_Data/bench/HW-verification/40randomsets/12_rule/SAT_dat.k30.cnf, 0.0
/ubc/cs/project/arrow/projects/Sat_Data/bench/HW-verification/40randomsets/06/IBM_FV_2004_rule_batch_06_SAT_dat.k35.cnf, 6.46
/ubc/cs/project/arrow/projects/Sat_Data/bench/HW-verification/40randomsets/02_2/IBM_FV_2004_rule_batch_02_2_SAT_dat.k100.cnf, 6.87
/ubc/cs/project/arrow/projects/Sat_Data/bench/HW-verification/40randomsets/16_2_rule_6/SAT_dat.k55.cnf, 1.39
/ubc/cs/project/arrow/projects/Sat_Data/bench/HW-verification/40randomsets/13_rule_19/SAT_dat.k50.cnf, 3600.0
/ubc/cs/project/arrow/projects/Sat_Data/bench/HW-verification/40randomsets/28_rule/SAT_dat.k25.cnf, 1.27
/ubc/cs/project/arrow/projects/Sat_Data/bench/HW-verification/40randomsets/13_rule_8/SAT_dat.k85.cnf, 3600.0
/ubc/cs/project/arrow/projects/Sat_Data/bench/HW-verification/40randomsets/13_rule_22/SAT_dat.k65.cnf, 3600.0
/ubc/cs/project/arrow/projects/Sat_Data/bench/HW-verification/40randomsets/04_rule/SAT_dat.k60.cnf, 51.19
/ubc/cs/project/arrow/projects/Sat_Data/bench/HW-verification/40randomsets/13_rule_8/SAT_dat.k30.cnf, 3600.0
/ubc/cs/project/arrow/projects/Sat_Data/bench/HW-verification/40randomsets/02_2/IBM_FV_2004_rule_batch_02_2_SAT_dat.k25.cnf, 0.46
/ubc/cs/project/arrow/projects/Sat_Data/bench/HW-verification/40randomsets/05_rule/SAT_dat.k90.cnf, 28.05
/ubc/cs/project/arrow/projects/Sat_Data/bench/HW-verification/40randomsets/26/IBM_FV_2004_rule_batch_26_SAT_dat.k75.cnf, 16.17
/ubc/cs/project/arrow/projects/Sat_Data/bench/HW-verification/40randomsets/13_rule_6/SAT_dat.k10.cnf, 3600.0
/ubc/cs/project/arrow/projects/Sat_Data/bench/HW-verification/40randomsets/26/IBM_FV_2004_rule_batch_26_SAT_dat.k20.cnf, 7.21
/ubc/cs/project/arrow/projects/Sat_Data/bench/HW-verification/40randomsets/2_31_2/IBM_FV_2004_rule_batch_2_31_2_SAT_dat.k90.cnf, 3600.0
/ubc/cs/project/arrow/projects/Sat_Data/bench/HW-verification/40randomsets/13_rule_19/SAT_dat.k40.cnf, 3600.0
/ubc/cs/project/arrow/projects/Sat_Data/bench/HW-verification/40randomsets/26_rule/SAT_dat.k90.cnf, 18.44
/ubc/cs/project/arrow/projects/Sat_Data/bench/HW-verification/40randomsets/1_14/IBM_FV_2004_rule_batch_1_14_SAT_dat.k95.cnf, 62.21
/ubc/cs/project/arrow/projects/Sat_Data/bench/HW-verification/40randomsets/05_rule/SAT_dat.k80.cnf, 15.66
/ubc/cs/project/arrow/projects/Sat_Data/bench/HW-verification/40randomsets/12_rule/SAT_dat.k50.cnf, 0.0
/ubc/cs/project/arrow/projects/Sat_Data/bench/HW-verification/40randomsets/04_rule/SAT_dat.k80.cnf, 3600.0
/ubc/cs/project/arrow/projects/Sat_Data/bench/HW-verification/40randomsets/28_rule/SAT_dat.k45.cnf, 4.25
/ubc/cs/project/arrow/projects/Sat_Data/bench/HW-verification/40randomsets/14_rule_2/SAT_dat.k1.cnf, 0.0
/ubc/cs/project/arrow/projects/Sat_Data/bench/HW-verification/40randomsets/13_rule_8/SAT_dat.k50.cnf, 3600.0
/ubc/cs/project/arrow/projects/Sat_Data/bench/HW-verification/40randomsets/13_rule_19/SAT_dat.k100.cnf, 3600.0
/ubc/cs/project/arrow/projects/Sat_Data/bench/HW-verification/40randomsets/1_17_2/IBM_FV_2004_rule_batch_1_17_2_SAT_dat.k100.cnf, 6.09
/ubc/cs/project/arrow/projects/Sat_Data/bench/HW-verification/40randomsets/2_17_1/IBM_FV_2004_rule_batch_2_17_1_SAT_dat.k90.cnf, 3600.0
/ubc/cs/project/arrow/projects/Sat_Data/bench/HW-verification/40randomsets/13_rule_19/SAT_dat.k60.cnf, 3600.0
/ubc/cs/project/arrow/projects/Sat_Data/bench/HW-verification/40randomsets/06/IBM_FV_2004_rule_batch_06_SAT_dat.k45.cnf, 5.37
/ubc/cs/project/arrow/projects/Sat_Data/bench/HW-verification/40randomsets/26/IBM_FV_2004_rule_batch_26_SAT_dat.k40.cnf, 10.13
/ubc/cs/project/arrow/projects/Sat_Data/bench/HW-verification/40randomsets/03/IBM_FV_2004_rule_batch_03_SAT_dat.k40.cnf, 2.02
/ubc/cs/project/arrow/projects/Sat_Data/bench/HW-verification/40randomsets/02_2/IBM_FV_2004_rule_batch_02_2_SAT_dat.k35.cnf, 0.64
/ubc/cs/project/arrow/projects/Sat_Data/bench/HW-verification/40randomsets/04_rule/SAT_dat.k70.cnf, 131.99
/ubc/cs/project/arrow/projects/Sat_Data/bench/HW-verification/40randomsets/25_rule/SAT_dat.k80.cnf, 3600.0
/ubc/cs/project/arrow/projects/Sat_Data/bench/HW-verification/40randomsets/28_rule/SAT_dat.k35.cnf, 2.7
/ubc/cs/project/arrow/projects/Sat_Data/bench/HW-verification/40randomsets/16_2_rule_3/SAT_dat.k55.cnf, 1.04
/ubc/cs/project/arrow/projects/Sat_Data/bench/HW-verification/40randomsets/13_rule_22/SAT_dat.k75.cnf, 3600.0
/ubc/cs/project/arrow/projects/Sat_Data/bench/HW-verification/40randomsets/24_1_rule_3/SAT_dat.k100.cnf, 3600.0
/ubc/cs/project/arrow/projects/Sat_Data/bench/HW-verification/40randomsets/26/IBM_FV_2004_rule_batch_26_SAT_dat.k85.cnf, 16.19
/ubc/cs/project/arrow/projects/Sat_Data/bench/HW-verification/40randomsets/26/IBM_FV_2004_rule_batch_26_SAT_dat.k30.cnf, 8.76
/ubc/cs/project/arrow/projects/Sat_Data/bench/HW-verification/40randomsets/12_rule/SAT_dat.k60.cnf, 0.0
/ubc/cs/project/arrow/projects/Sat_Data/bench/HW-verification/40randomsets/12/IBM_FV_2004_rule_batch_12_SAT_dat.k10.cnf, 0.0
/ubc/cs/project/arrow/projects/Sat_Data/bench/HW-verification/40randomsets/2_17_2/IBM_FV_2004_rule_batch_2_17_2_SAT_dat.k45.cnf, 2.76
/ubc/cs/project/arrow/projects/Sat_Data/bench/HW-verification/40randomsets/15/IBM_FV_2004_rule_batch_15_SAT_dat.k15.cnf, 0.54
/ubc/cs/project/arrow/projects/Sat_Data/bench/HW-verification/40randomsets/06/IBM_FV_2004_rule_batch_06_SAT_dat.k10.cnf, 0.05
/ubc/cs/project/arrow/projects/Sat_Data/bench/HW-verification/40randomsets/16_2_rule_5/SAT_dat.k95.cnf, 4.47
/ubc/cs/project/arrow/projects/Sat_Data/bench/HW-verification/40randomsets/16_2_rule_6/SAT_dat.k10.cnf, 0.11
/ubc/cs/project/arrow/projects/Sat_Data/bench/HW-verification/40randomsets/04_rule/SAT_dat.k90.cnf, 154.84
/ubc/cs/project/arrow/projects/Sat_Data/bench/HW-verification/40randomsets/14_rule_2/SAT_dat.k70.cnf, 3600.0
/ubc/cs/project/arrow/projects/Sat_Data/bench/HW-verification/40randomsets/02_2/IBM_FV_2004_rule_batch_02_2_SAT_dat.k55.cnf, 1.54
/ubc/cs/project/arrow/projects/Sat_Data/bench/HW-verification/40randomsets/28_rule/SAT_dat.k55.cnf, 7.61
/ubc/cs/project/arrow/projects/Sat_Data/bench/HW-verification/40randomsets/26/IBM_FV_2004_rule_batch_26_SAT_dat.k100.cnf, 17.86
/ubc/cs/project/arrow/projects/Sat_Data/bench/HW-verification/40randomsets/3_16_2/IBM_FV_2004_rule_batch_3_16_2_SAT_dat.k65.cnf, 0.88
/ubc/cs/project/arrow/projects/Sat_Data/bench/HW-verification/40randomsets/13_rule_22/SAT_dat.k95.cnf, 3600.0
/ubc/cs/project/arrow/projects/Sat_Data/bench/HW-verification/40randomsets/26/IBM_FV_2004_rule_batch_26_SAT_dat.k50.cnf, 12.52
/ubc/cs/project/arrow/projects/Sat_Data/bench/HW-verification/40randomsets/03/IBM_FV_2004_rule_batch_03_SAT_dat.k50.cnf, 6.37
/ubc/cs/project/arrow/projects/Sat_Data/bench/HW-verification/40randomsets/13_rule_19/SAT_dat.k70.cnf, 3600.0
/ubc/cs/project/arrow/projects/Sat_Data/bench/HW-verification/40randomsets/26_rule/SAT_dat.k25.cnf, 9.9
/ubc/cs/project/arrow/projects/Sat_Data/bench/HW-verification/40randomsets/09_rule/SAT_dat.k15.cnf, 0.23
/ubc/cs/project/arrow/projects/Sat_Data/bench/HW-verification/40randomsets/18/IBM_FV_2004_rule_batch_18_SAT_dat.k75.cnf, 356.92
/ubc/cs/project/arrow/projects/Sat_Data/bench/HW-verification/40randomsets/25_rule/SAT_dat.k90.cnf, 3600.0
/ubc/cs/project/arrow/projects/Sat_Data/bench/HW-verification/40randomsets/16_2_rule_3/SAT_dat.k65.cnf, 1.26
/ubc/cs/project/arrow/projects/Sat_Data/bench/HW-verification/40randomsets/13_rule_22/SAT_dat.k85.cnf, 3600.0
/ubc/cs/project/arrow/projects/Sat_Data/bench/HW-verification/40randomsets/12/IBM_FV_2004_rule_batch_12_SAT_dat.k30.cnf, 0.0
/ubc/cs/project/arrow/projects/Sat_Data/bench/HW-verification/40randomsets/02_2/IBM_FV_2004_rule_batch_02_2_SAT_dat.k45.cnf, 1.03
/ubc/cs/project/arrow/projects/Sat_Data/bench/HW-verification/40randomsets/2_17_1/IBM_FV_2004_rule_batch_2_17_1_SAT_dat.k25.cnf, 0.7
/ubc/cs/project/arrow/projects/Sat_Data/bench/HW-verification/40randomsets/26_rule/SAT_dat.k15.cnf, 4.73
/ubc/cs/project/arrow/projects/Sat_Data/bench/HW-verification/40randomsets/02_1_rule_5/SAT_dat.k75.cnf, 3.19
/ubc/cs/project/arrow/projects/Sat_Data/bench/HW-verification/40randomsets/03/IBM_FV_2004_rule_batch_03_SAT_dat.k70.cnf, 3600.0
/ubc/cs/project/arrow/projects/Sat_Data/bench/HW-verification/40randomsets/06/IBM_FV_2004_rule_batch_06_SAT_dat.k20.cnf, 1.38
/ubc/cs/project/arrow/projects/Sat_Data/bench/HW-verification/40randomsets/13_rule_6/SAT_dat.k45.cnf, 3600.0
/ubc/cs/project/arrow/projects/Sat_Data/bench/HW-verification/40randomsets/25_rule/SAT_dat.k15.cnf, 3600.0
/ubc/cs/project/arrow/projects/Sat_Data/bench/HW-verification/40randomsets/2_17_2/IBM_FV_2004_rule_batch_2_17_2_SAT_dat.k55.cnf, 4.33
/ubc/cs/project/arrow/projects/Sat_Data/bench/HW-verification/40randomsets/12/IBM_FV_2004_rule_batch_12_SAT_dat.k20.cnf, 0.0
/ubc/cs/project/arrow/projects/Sat_Data/bench/HW-verification/40randomsets/02_2/IBM_FV_2004_rule_batch_02_2_SAT_dat.k10.cnf, 0.13
/ubc/cs/project/arrow/projects/Sat_Data/bench/HW-verification/40randomsets/16_2_rule_6/SAT_dat.k20.cnf, 0.29
/ubc/cs/project/arrow/projects/Sat_Data/bench/HW-verification/40randomsets/16_2_rule_3/SAT_dat.k30.cnf, 0.36
/ubc/cs/project/arrow/projects/Sat_Data/bench/HW-verification/40randomsets/28_rule/SAT_dat.k65.cnf, 41.3
/ubc/cs/project/arrow/projects/Sat_Data/bench/HW-verification/40randomsets/16_2_rule_3/SAT_dat.k85.cnf, 2.11
/ubc/cs/project/arrow/projects/Sat_Data/bench/HW-verification/40randomsets/3_16_2/IBM_FV_2004_rule_batch_3_16_2_SAT_dat.k75.cnf, 1.08
/ubc/cs/project/arrow/projects/Sat_Data/bench/HW-verification/40randomsets/2_17_1/IBM_FV_2004_rule_batch_2_17_1_SAT_dat.k15.cnf, 0.26
/ubc/cs/project/arrow/projects/Sat_Data/bench/HW-verification/40randomsets/14_rule_2/SAT_dat.k80.cnf, 3600.0
/ubc/cs/project/arrow/projects/Sat_Data/bench/HW-verification/40randomsets/02_2/IBM_FV_2004_rule_batch_02_2_SAT_dat.k65.cnf, 1.44
/ubc/cs/project/arrow/projects/Sat_Data/bench/HW-verification/40randomsets/09_rule/SAT_dat.k25.cnf, 0.61
/ubc/cs/project/arrow/projects/Sat_Data/bench/HW-verification/40randomsets/26_rule/SAT_dat.k35.cnf, 11.74
/ubc/cs/project/arrow/projects/Sat_Data/bench/HW-verification/40randomsets/02_1_rule_5/SAT_dat.k40.cnf, 1.26
/ubc/cs/project/arrow/projects/Sat_Data/bench/HW-verification/40randomsets/02_1_rule_5/SAT_dat.k95.cnf, 3.47
/ubc/cs/project/arrow/projects/Sat_Data/bench/HW-verification/40randomsets/22_rule/SAT_dat.k50.cnf, 153.04
/ubc/cs/project/arrow/projects/Sat_Data/bench/HW-verification/40randomsets/26/IBM_FV_2004_rule_batch_26_SAT_dat.k60.cnf, 12.92
/ubc/cs/project/arrow/projects/Sat_Data/bench/HW-verification/40randomsets/03/IBM_FV_2004_rule_batch_03_SAT_dat.k60.cnf, 7.41
/ubc/cs/project/arrow/projects/Sat_Data/bench/HW-verification/40randomsets/18/IBM_FV_2004_rule_batch_18_SAT_dat.k85.cnf, 3600.0
/ubc/cs/project/arrow/projects/Sat_Data/bench/HW-verification/40randomsets/2_17_2/IBM_FV_2004_rule_batch_2_17_2_SAT_dat.k75.cnf, 4.96
/ubc/cs/project/arrow/projects/Sat_Data/bench/HW-verification/40randomsets/31_1_rule_2/SAT_dat.k35.cnf, 3600.0
/ubc/cs/project/arrow/projects/Sat_Data/bench/HW-verification/40randomsets/12/IBM_FV_2004_rule_batch_12_SAT_dat.k40.cnf, 0.0
/ubc/cs/project/arrow/projects/Sat_Data/bench/HW-verification/40randomsets/16_2_rule_5/SAT_dat.k70.cnf, 1.93
/ubc/cs/project/arrow/projects/Sat_Data/bench/HW-verification/40randomsets/16_2_rule_3/SAT_dat.k75.cnf, 1.37
/ubc/cs/project/arrow/projects/Sat_Data/bench/HW-verification/40randomsets/2_17_2/IBM_FV_2004_rule_batch_2_17_2_SAT_dat.k20.cnf, 0.55
/ubc/cs/project/arrow/projects/Sat_Data/bench/HW-verification/40randomsets/3_16_2/IBM_FV_2004_rule_batch_3_16_2_SAT_dat.k95.cnf, 2.71
/ubc/cs/project/arrow/projects/Sat_Data/bench/HW-verification/40randomsets/02_2/IBM_FV_2004_rule_batch_02_2_SAT_dat.k30.cnf, 0.59
/ubc/cs/project/arrow/projects/Sat_Data/bench/HW-verification/40randomsets/02_1_rule_5/SAT_dat.k85.cnf, 2.71
/ubc/cs/project/arrow/projects/Sat_Data/bench/HW-verification/40randomsets/3_16_2/IBM_FV_2004_rule_batch_3_16_2_SAT_dat.k40.cnf, 0.46
/ubc/cs/project/arrow/projects/Sat_Data/bench/HW-verification/40randomsets/2_17_1/IBM_FV_2004_rule_batch_2_17_1_SAT_dat.k35.cnf, 1.22
/ubc/cs/project/arrow/projects/Sat_Data/bench/HW-verification/40randomsets/13_rule_7/SAT_dat.k100.cnf, 3600.0
/ubc/cs/project/arrow/projects/Sat_Data/bench/HW-verification/40randomsets/03/IBM_FV_2004_rule_batch_03_SAT_dat.k80.cnf, 3600.0
/ubc/cs/project/arrow/projects/Sat_Data/bench/HW-verification/40randomsets/21_rule/SAT_dat.k40.cnf, 52.08
/ubc/cs/project/arrow/projects/Sat_Data/bench/HW-verification/40randomsets/2_17_2/IBM_FV_2004_rule_batch_2_17_2_SAT_dat.k65.cnf, 4.47
/ubc/cs/project/arrow/projects/Sat_Data/bench/HW-verification/40randomsets/1_17_2/IBM_FV_2004_rule_batch_1_17_2_SAT_dat.k10.cnf, 0.02
/ubc/cs/project/arrow/projects/Sat_Data/bench/HW-verification/40randomsets/13_rule_6/SAT_dat.k55.cnf, 3600.0
/ubc/cs/project/arrow/projects/Sat_Data/bench/HW-verification/40randomsets/25_rule/SAT_dat.k25.cnf, 3600.0
/ubc/cs/project/arrow/projects/Sat_Data/bench/HW-verification/40randomsets/18/IBM_FV_2004_rule_batch_18_SAT_dat.k50.cnf, 270.4
/ubc/cs/project/arrow/projects/Sat_Data/bench/HW-verification/40randomsets/09_rule/SAT_dat.k45.cnf, 1.43
/ubc/cs/project/arrow/projects/Sat_Data/bench/HW-verification/40randomsets/16_2_rule_3/SAT_dat.k95.cnf, 3.35
/ubc/cs/project/arrow/projects/Sat_Data/bench/HW-verification/40randomsets/14_rule_2/SAT_dat.k90.cnf, 3600.0
/ubc/cs/project/arrow/projects/Sat_Data/bench/HW-verification/40randomsets/12_rule/SAT_dat.k95.cnf, 0.0
/ubc/cs/project/arrow/projects/Sat_Data/bench/HW-verification/40randomsets/02_2/IBM_FV_2004_rule_batch_02_2_SAT_dat.k75.cnf, 3.08
/ubc/cs/project/arrow/projects/Sat_Data/bench/HW-verification/40randomsets/02_2/IBM_FV_2004_rule_batch_02_2_SAT_dat.k20.cnf, 0.36
/ubc/cs/project/arrow/projects/Sat_Data/bench/HW-verification/40randomsets/16_2_rule_6/SAT_dat.k30.cnf, 0.53
/ubc/cs/project/arrow/projects/Sat_Data/bench/HW-verification/40randomsets/18_rule/SAT_dat.k35.cnf, 78.38
/ubc/cs/project/arrow/projects/Sat_Data/bench/HW-verification/40randomsets/3_16_2/IBM_FV_2004_rule_batch_3_16_2_SAT_dat.k85.cnf, 2.21
/ubc/cs/project/arrow/projects/Sat_Data/bench/HW-verification/40randomsets/16_2_rule_3/SAT_dat.k40.cnf, 0.59
/ubc/cs/project/arrow/projects/Sat_Data/bench/HW-verification/40randomsets/2_17_2/IBM_FV_2004_rule_batch_2_17_2_SAT_dat.k40.cnf, 2.68
/ubc/cs/project/arrow/projects/Sat_Data/bench/HW-verification/40randomsets/26_rule/SAT_dat.k45.cnf, 18.62
/ubc/cs/project/arrow/projects/Sat_Data/bench/HW-verification/40randomsets/09_rule/SAT_dat.k35.cnf, 0.97
/ubc/cs/project/arrow/projects/Sat_Data/bench/HW-verification/40randomsets/13_rule_22/SAT_dat.k40.cnf, 3600.0
/ubc/cs/project/arrow/projects/Sat_Data/bench/HW-verification/40randomsets/13_rule_8/SAT_dat.k95.cnf, 3600.0
/ubc/cs/project/arrow/projects/Sat_Data/bench/HW-verification/40randomsets/18/IBM_FV_2004_rule_batch_18_SAT_dat.k95.cnf, 3600.0
/ubc/cs/project/arrow/projects/Sat_Data/bench/HW-verification/40randomsets/22_rule/SAT_dat.k60.cnf, 273.39
/ubc/cs/project/arrow/projects/Sat_Data/bench/HW-verification/40randomsets/12/IBM_FV_2004_rule_batch_12_SAT_dat.k50.cnf, 0.0
/ubc/cs/project/arrow/projects/Sat_Data/bench/HW-verification/40randomsets/13_rule_6/SAT_dat.k20.cnf, 3600.0
/ubc/cs/project/arrow/projects/Sat_Data/bench/HW-verification/40randomsets/2_17_2/IBM_FV_2004_rule_batch_2_17_2_SAT_dat.k85.cnf, 5.54
/ubc/cs/project/arrow/projects/Sat_Data/bench/HW-verification/40randomsets/16_2_rule_5/SAT_dat.k80.cnf, 2.21
/ubc/cs/project/arrow/projects/Sat_Data/bench/HW-verification/40randomsets/13_rule_6/SAT_dat.k75.cnf, 3600.0
/ubc/cs/project/arrow/projects/Sat_Data/bench/HW-verification/40randomsets/2_17_2/IBM_FV_2004_rule_batch_2_17_2_SAT_dat.k30.cnf, 1.16
/ubc/cs/project/arrow/projects/Sat_Data/bench/HW-verification/40randomsets/31_1_rule_2/SAT_dat.k45.cnf, 3600.0
/ubc/cs/project/arrow/projects/Sat_Data/bench/HW-verification/40randomsets/02_2/IBM_FV_2004_rule_batch_02_2_SAT_dat.k40.cnf, 1.08
/ubc/cs/project/arrow/projects/Sat_Data/bench/HW-verification/40randomsets/2_17_1/IBM_FV_2004_rule_batch_2_17_1_SAT_dat.k45.cnf, 1.94
/ubc/cs/project/arrow/projects/Sat_Data/bench/HW-verification/40randomsets/14_rule_2/SAT_dat.k15.cnf, 1.06
/ubc/cs/project/arrow/projects/Sat_Data/bench/HW-verification/40randomsets/16_2_rule_3/SAT_dat.k60.cnf, 0.95
/ubc/cs/project/arrow/projects/Sat_Data/bench/HW-verification/40randomsets/2_14/IBM_FV_2004_rule_batch_2_14_SAT_dat.k20.cnf, 1.71
/ubc/cs/project/arrow/projects/Sat_Data/bench/HW-verification/40randomsets/3_16_2/IBM_FV_2004_rule_batch_3_16_2_SAT_dat.k50.cnf, 0.64
/ubc/cs/project/arrow/projects/Sat_Data/bench/HW-verification/40randomsets/03/IBM_FV_2004_rule_batch_03_SAT_dat.k90.cnf, 3600.0
/ubc/cs/project/arrow/projects/Sat_Data/bench/HW-verification/40randomsets/13_rule_6/SAT_dat.k65.cnf, 3600.0
/ubc/cs/project/arrow/projects/Sat_Data/bench/HW-verification/40randomsets/22_rule/SAT_dat.k80.cnf, 711.53
/ubc/cs/project/arrow/projects/Sat_Data/bench/HW-verification/40randomsets/25_rule/SAT_dat.k35.cnf, 3600.0
/ubc/cs/project/arrow/projects/Sat_Data/bench/HW-verification/40randomsets/09_rule/SAT_dat.k55.cnf, 1.9
/ubc/cs/project/arrow/projects/Sat_Data/bench/HW-verification/40randomsets/1_17_2/IBM_FV_2004_rule_batch_1_17_2_SAT_dat.k20.cnf, 0.48
/ubc/cs/project/arrow/projects/Sat_Data/bench/HW-verification/40randomsets/18/IBM_FV_2004_rule_batch_18_SAT_dat.k60.cnf, 3600.0
/ubc/cs/project/arrow/projects/Sat_Data/bench/HW-verification/40randomsets/13_rule_8/SAT_dat.k60.cnf, 3600.0
/ubc/cs/project/arrow/projects/Sat_Data/bench/HW-verification/40randomsets/21_rule/SAT_dat.k50.cnf, 3600.0
/ubc/cs/project/arrow/projects/Sat_Data/bench/HW-verification/40randomsets/16_2_rule_3/SAT_dat.k50.cnf, 0.76
/ubc/cs/project/arrow/projects/Sat_Data/bench/HW-verification/40randomsets/31_1_rule_2/SAT_dat.k65.cnf, 3600.0
/ubc/cs/project/arrow/projects/Sat_Data/bench/HW-verification/40randomsets/06/IBM_FV_2004_rule_batch_06_SAT_dat.k55.cnf, 12.6
/ubc/cs/project/arrow/projects/Sat_Data/bench/HW-verification/40randomsets/2_14/IBM_FV_2004_rule_batch_2_14_SAT_dat.k10.cnf, 0.37
/ubc/cs/project/arrow/projects/Sat_Data/bench/HW-verification/40randomsets/2_17_2/IBM_FV_2004_rule_batch_2_17_2_SAT_dat.k50.cnf, 2.99
/ubc/cs/project/arrow/projects/Sat_Data/bench/HW-verification/40randomsets/3_16_2/IBM_FV_2004_rule_batch_3_16_2_SAT_dat.k70.cnf, 0.92
/ubc/cs/project/arrow/projects/Sat_Data/bench/HW-verification/40randomsets/22_rule/SAT_dat.k70.cnf, 3600.0
/ubc/cs/project/arrow/projects/Sat_Data/bench/HW-verification/40randomsets/26/IBM_FV_2004_rule_batch_26_SAT_dat.k95.cnf, 17.08
/ubc/cs/project/arrow/projects/Sat_Data/bench/HW-verification/40randomsets/13_rule_6/SAT_dat.k85.cnf, 3600.0
/ubc/cs/project/arrow/projects/Sat_Data/bench/HW-verification/40randomsets/21_rule/SAT_dat.k70.cnf, 117.62
/ubc/cs/project/arrow/projects/Sat_Data/bench/HW-verification/40randomsets/31_1_rule_2/SAT_dat.k55.cnf, 3600.0
/ubc/cs/project/arrow/projects/Sat_Data/bench/HW-verification/40randomsets/13_rule_6/SAT_dat.k30.cnf, 3600.0
/ubc/cs/project/arrow/projects/Sat_Data/bench/HW-verification/40randomsets/16_2_rule_5/SAT_dat.k90.cnf, 3.57
/ubc/cs/project/arrow/projects/Sat_Data/bench/HW-verification/40randomsets/1_14/IBM_FV_2004_rule_batch_1_14_SAT_dat.k50.cnf, 3.32
/ubc/cs/project/arrow/projects/Sat_Data/bench/HW-verification/40randomsets/18/IBM_FV_2004_rule_batch_18_SAT_dat.k80.cnf, 3600.0
/ubc/cs/project/arrow/projects/Sat_Data/bench/HW-verification/40randomsets/13_rule_24/SAT_dat.k1.cnf, 0.02
/ubc/cs/project/arrow/projects/Sat_Data/bench/HW-verification/40randomsets/09_rule/SAT_dat.k20.cnf, 0.46
/ubc/cs/project/arrow/projects/Sat_Data/bench/HW-verification/40randomsets/12_rule/SAT_dat.k70.cnf, 0.0
/ubc/cs/project/arrow/projects/Sat_Data/bench/HW-verification/40randomsets/2_14/IBM_FV_2004_rule_batch_2_14_SAT_dat.k30.cnf, 3600.0
/ubc/cs/project/arrow/projects/Sat_Data/bench/HW-verification/40randomsets/3_16_2/IBM_FV_2004_rule_batch_3_16_2_SAT_dat.k60.cnf, 0.78
/ubc/cs/project/arrow/projects/Sat_Data/bench/HW-verification/40randomsets/16_2_rule_3/SAT_dat.k70.cnf, 1.11
/ubc/cs/project/arrow/projects/Sat_Data/bench/HW-verification/40randomsets/15/IBM_FV_2004_rule_batch_15_SAT_dat.k25.cnf, 0.95
/ubc/cs/project/arrow/projects/Sat_Data/bench/HW-verification/40randomsets/02_2/IBM_FV_2004_rule_batch_02_2_SAT_dat.k50.cnf, 1.28
/ubc/cs/project/arrow/projects/Sat_Data/bench/HW-verification/40randomsets/14_rule_2/SAT_dat.k25.cnf, 2.77
/ubc/cs/project/arrow/projects/Sat_Data/bench/HW-verification/40randomsets/13_rule_19/SAT_dat.k80.cnf, 3600.0
/ubc/cs/project/arrow/projects/Sat_Data/bench/HW-verification/40randomsets/09_rule/SAT_dat.k65.cnf, 2.58
/ubc/cs/project/arrow/projects/Sat_Data/bench/HW-verification/40randomsets/24_1_rule_3/SAT_dat.k25.cnf, 47.93
/ubc/cs/project/arrow/projects/Sat_Data/bench/HW-verification/40randomsets/09_rule/SAT_dat.k10.cnf, 0.08
/ubc/cs/project/arrow/projects/Sat_Data/bench/HW-verification/40randomsets/18/IBM_FV_2004_rule_batch_18_SAT_dat.k70.cnf, 353.84
/ubc/cs/project/arrow/projects/Sat_Data/bench/HW-verification/40randomsets/21_rule/SAT_dat.k60.cnf, 3600.0
/ubc/cs/project/arrow/projects/Sat_Data/bench/HW-verification/40randomsets/22_rule/SAT_dat.k90.cnf, 3600.0
/ubc/cs/project/arrow/projects/Sat_Data/bench/HW-verification/40randomsets/1_17_2/IBM_FV_2004_rule_batch_1_17_2_SAT_dat.k30.cnf, 1.3
/ubc/cs/project/arrow/projects/Sat_Data/bench/HW-verification/40randomsets/13_rule_8/SAT_dat.k70.cnf, 3600.0
/ubc/cs/project/arrow/projects/Sat_Data/bench/HW-verification/40randomsets/31_1_rule_2/SAT_dat.k75.cnf, 3600.0
/ubc/cs/project/arrow/projects/Sat_Data/bench/HW-verification/40randomsets/1_13/IBM_FV_2004_rule_batch_1_13_SAT_dat.k100.cnf, 3.84
/ubc/cs/project/arrow/projects/Sat_Data/bench/HW-verification/40randomsets/06/IBM_FV_2004_rule_batch_06_SAT_dat.k65.cnf, 15.27
/ubc/cs/project/arrow/projects/Sat_Data/bench/HW-verification/40randomsets/2_17_2/IBM_FV_2004_rule_batch_2_17_2_SAT_dat.k60.cnf, 4.46
/ubc/cs/project/arrow/projects/Sat_Data/bench/HW-verification/40randomsets/16_2_rule_3/SAT_dat.k100.cnf, 4.28
/ubc/cs/project/arrow/projects/Sat_Data/bench/HW-verification/40randomsets/13_rule_6/SAT_dat.k50.cnf, 3600.0
/ubc/cs/project/arrow/projects/Sat_Data/bench/HW-verification/40randomsets/3_16_2/IBM_FV_2004_rule_batch_3_16_2_SAT_dat.k80.cnf, 2.01
/ubc/cs/project/arrow/projects/Sat_Data/bench/HW-verification/40randomsets/16_2_rule_6/SAT_dat.k65.cnf, 2.35
/ubc/cs/project/arrow/projects/Sat_Data/bench/HW-verification/40randomsets/13_rule_19/SAT_dat.k1.cnf, 0.15
/ubc/cs/project/arrow/projects/Sat_Data/bench/HW-verification/40randomsets/1_14/IBM_FV_2004_rule_batch_1_14_SAT_dat.k100.cnf, 7.76
/ubc/cs/project/arrow/projects/Sat_Data/bench/HW-verification/40randomsets/15/IBM_FV_2004_rule_batch_15_SAT_dat.k45.cnf, 2.07
/ubc/cs/project/arrow/projects/Sat_Data/bench/HW-verification/40randomsets/21_rule/SAT_dat.k80.cnf, 267.77
/ubc/cs/project/arrow/projects/Sat_Data/bench/HW-verification/40randomsets/13_rule_8/SAT_dat.k90.cnf, 3600.0
/ubc/cs/project/arrow/projects/Sat_Data/bench/HW-verification/40randomsets/13_rule_6/SAT_dat.k95.cnf, 3600.0
/ubc/cs/project/arrow/projects/Sat_Data/bench/HW-verification/40randomsets/1_14/IBM_FV_2004_rule_batch_1_14_SAT_dat.k60.cnf, 8.86
/ubc/cs/project/arrow/projects/Sat_Data/bench/HW-verification/40randomsets/2_17_2/IBM_FV_2004_rule_batch_2_17_2_SAT_dat.k100.cnf, 5.87
/ubc/cs/project/arrow/projects/Sat_Data/bench/HW-verification/40randomsets/1_13/IBM_FV_2004_rule_batch_1_13_SAT_dat.k90.cnf, 3.62
/ubc/cs/project/arrow/projects/Sat_Data/bench/HW-verification/40randomsets/18/IBM_FV_2004_rule_batch_18_SAT_dat.k90.cnf, 3600.0
/ubc/cs/project/arrow/projects/Sat_Data/bench/HW-verification/40randomsets/13_rule_6/SAT_dat.k40.cnf, 3600.0
/ubc/cs/project/arrow/projects/Sat_Data/bench/HW-verification/40randomsets/09_rule/SAT_dat.k30.cnf, 0.79
/ubc/cs/project/arrow/projects/Sat_Data/bench/HW-verification/40randomsets/06/IBM_FV_2004_rule_batch_06_SAT_dat.k85.cnf, 3600.0
/ubc/cs/project/arrow/projects/Sat_Data/bench/HW-verification/40randomsets/15/IBM_FV_2004_rule_batch_15_SAT_dat.k35.cnf, 1.41
/ubc/cs/project/arrow/projects/Sat_Data/bench/HW-verification/40randomsets/12/IBM_FV_2004_rule_batch_12_SAT_dat.k85.cnf, 0.0
/ubc/cs/project/arrow/projects/Sat_Data/bench/HW-verification/40randomsets/12_rule/SAT_dat.k80.cnf, 0.0
/ubc/cs/project/arrow/projects/Sat_Data/bench/HW-verification/40randomsets/2_14/IBM_FV_2004_rule_batch_2_14_SAT_dat.k40.cnf, 33.89
/ubc/cs/project/arrow/projects/Sat_Data/bench/HW-verification/40randomsets/24_1_rule_3/SAT_dat.k35.cnf, 396.89
/ubc/cs/project/arrow/projects/Sat_Data/bench/HW-verification/40randomsets/13_rule_19/SAT_dat.k90.cnf, 3600.0
/ubc/cs/project/arrow/projects/Sat_Data/bench/HW-verification/40randomsets/13_rule_8/SAT_dat.k80.cnf, 3600.0
/ubc/cs/project/arrow/projects/Sat_Data/bench/HW-verification/40randomsets/13_rule_6/SAT_dat.k60.cnf, 3600.0
/ubc/cs/project/arrow/projects/Sat_Data/bench/HW-verification/40randomsets/1_14/IBM_FV_2004_rule_batch_1_14_SAT_dat.k80.cnf, 6.47
/ubc/cs/project/arrow/projects/Sat_Data/bench/HW-verification/40randomsets/31_1_rule_2/SAT_dat.k85.cnf, 3600.0
/ubc/cs/project/arrow/projects/Sat_Data/bench/HW-verification/40randomsets/06/IBM_FV_2004_rule_batch_06_SAT_dat.k75.cnf, 3600.0
/ubc/cs/project/arrow/projects/Sat_Data/bench/HW-verification/40randomsets/16_2_rule_6/SAT_dat.k75.cnf, 2.39
/ubc/cs/project/arrow/projects/Sat_Data/bench/HW-verification/40randomsets/15/IBM_FV_2004_rule_batch_15_SAT_dat.k55.cnf, 2.59
/ubc/cs/project/arrow/projects/Sat_Data/bench/HW-verification/40randomsets/13_rule_7/SAT_dat.k15.cnf, 3600.0
/ubc/cs/project/arrow/projects/Sat_Data/bench/HW-verification/40randomsets/05_rule/SAT_dat.k15.cnf, 0.54
/ubc/cs/project/arrow/projects/Sat_Data/bench/HW-verification/40randomsets/3_16_2/IBM_FV_2004_rule_batch_3_16_2_SAT_dat.k90.cnf, 2.84
/ubc/cs/project/arrow/projects/Sat_Data/bench/HW-verification/40randomsets/1_14/IBM_FV_2004_rule_batch_1_14_SAT_dat.k70.cnf, 5.5
/ubc/cs/project/arrow/projects/Sat_Data/bench/HW-verification/40randomsets/24_1_rule_3/SAT_dat.k55.cnf, 3600.0
/ubc/cs/project/arrow/projects/Sat_Data/bench/HW-verification/40randomsets/21_rule/SAT_dat.k90.cnf, 551.79
/ubc/cs/project/arrow/projects/Sat_Data/bench/HW-verification/40randomsets/28_rule/SAT_dat.k20.cnf, 1.81
/ubc/cs/project/arrow/projects/Sat_Data/bench/HW-verification/40randomsets/2_17_1/IBM_FV_2004_rule_batch_2_17_1_SAT_dat.k100.cnf, 27.08
/ubc/cs/project/arrow/projects/Sat_Data/bench/HW-verification/40randomsets/12/IBM_FV_2004_rule_batch_12_SAT_dat.k95.cnf, 0.0
/ubc/cs/project/arrow/projects/Sat_Data/bench/HW-verification/40randomsets/06/IBM_FV_2004_rule_batch_06_SAT_dat.k95.cnf, 3600.0
/ubc/cs/project/arrow/projects/Sat_Data/bench/HW-verification/40randomsets/2_31_2/IBM_FV_2004_rule_batch_2_31_2_SAT_dat.k15.cnf, 2.12
/ubc/cs/project/arrow/projects/Sat_Data/bench/HW-verification/40randomsets/12_rule/SAT_dat.k90.cnf, 0.0
/ubc/cs/project/arrow/projects/Sat_Data/bench/HW-verification/40randomsets/28_rule/SAT_dat.k1.cnf, 0.0
/ubc/cs/project/arrow/projects/Sat_Data/bench/HW-verification/40randomsets/16_2_rule_6/SAT_dat.k95.cnf, 3.84
/ubc/cs/project/arrow/projects/Sat_Data/bench/HW-verification/40randomsets/13_rule_7/SAT_dat.k35.cnf, 3600.0
/ubc/cs/project/arrow/projects/Sat_Data/bench/HW-verification/40randomsets/02_2/IBM_FV_2004_rule_batch_02_2_SAT_dat.k85.cnf, 4.75
/ubc/cs/project/arrow/projects/Sat_Data/bench/HW-verification/40randomsets/16_2_rule_6/SAT_dat.k40.cnf, 0.78
/ubc/cs/project/arrow/projects/Sat_Data/bench/HW-verification/40randomsets/18_rule/SAT_dat.k45.cnf, 186.4
/ubc/cs/project/arrow/projects/Sat_Data/bench/HW-verification/40randomsets/24_1_rule_3/SAT_dat.k45.cnf, 834.42
/ubc/cs/project/arrow/projects/Sat_Data/bench/HW-verification/40randomsets/28_rule/SAT_dat.k10.cnf, 0.84
/ubc/cs/project/arrow/projects/Sat_Data/bench/HW-verification/40randomsets/13_rule_22/SAT_dat.k50.cnf, 3600.0
/ubc/cs/project/arrow/projects/Sat_Data/bench/HW-verification/40randomsets/13_rule_6/SAT_dat.k70.cnf, 3600.0
/ubc/cs/project/arrow/projects/Sat_Data/bench/HW-verification/40randomsets/1_17_2/IBM_FV_2004_rule_batch_1_17_2_SAT_dat.k65.cnf, 5.19
/ubc/cs/project/arrow/projects/Sat_Data/bench/HW-verification/40randomsets/1_14/IBM_FV_2004_rule_batch_1_14_SAT_dat.k90.cnf, 5.72
/ubc/cs/project/arrow/projects/Sat_Data/bench/HW-verification/40randomsets/2_31_2/IBM_FV_2004_rule_batch_2_31_2_SAT_dat.k35.cnf, 3600.0
/ubc/cs/project/arrow/projects/Sat_Data/bench/HW-verification/40randomsets/05_rule/SAT_dat.k25.cnf, 2.05
/ubc/cs/project/arrow/projects/Sat_Data/bench/HW-verification/40randomsets/13_rule_7/SAT_dat.k25.cnf, 3600.0
/ubc/cs/project/arrow/projects/Sat_Data/bench/HW-verification/40randomsets/2_17_2/IBM_FV_2004_rule_batch_2_17_2_SAT_dat.k95.cnf, 5.65
/ubc/cs/project/arrow/projects/Sat_Data/bench/HW-verification/40randomsets/1_13/IBM_FV_2004_rule_batch_1_13_SAT_dat.k15.cnf, 3.21
/ubc/cs/project/arrow/projects/Sat_Data/bench/HW-verification/40randomsets/12/IBM_FV_2004_rule_batch_12_SAT_dat.k60.cnf, 0.0
/ubc/cs/project/arrow/projects/Sat_Data/bench/HW-verification/40randomsets/16_2_rule_6/SAT_dat.k85.cnf, 2.59
/ubc/cs/project/arrow/projects/Sat_Data/bench/HW-verification/40randomsets/15/IBM_FV_2004_rule_batch_15_SAT_dat.k65.cnf, 3.15
/ubc/cs/project/arrow/projects/Sat_Data/bench/HW-verification/40randomsets/18_rule/SAT_dat.k10.cnf, 0.67
/ubc/cs/project/arrow/projects/Sat_Data/bench/HW-verification/40randomsets/18_rule/SAT_dat.k65.cnf, 3600.0
/ubc/cs/project/arrow/projects/Sat_Data/bench/HW-verification/40randomsets/24_1_rule_3/SAT_dat.k10.cnf, 1.02
/ubc/cs/project/arrow/projects/Sat_Data/bench/HW-verification/40randomsets/24_1_rule_3/SAT_dat.k65.cnf, 3600.0
/ubc/cs/project/arrow/projects/Sat_Data/bench/HW-verification/40randomsets/16_2_rule_6/SAT_dat.k60.cnf, 1.28
/ubc/cs/project/arrow/projects/Sat_Data/bench/HW-verification/40randomsets/13_rule_24/SAT_dat.k90.cnf, 3600.0
/ubc/cs/project/arrow/projects/Sat_Data/bench/HW-verification/40randomsets/28_rule/SAT_dat.k30.cnf, 4.26
/ubc/cs/project/arrow/projects/Sat_Data/bench/HW-verification/40randomsets/13_rule_22/SAT_dat.k70.cnf, 3600.0
/ubc/cs/project/arrow/projects/Sat_Data/bench/HW-verification/40randomsets/2_31_2/IBM_FV_2004_rule_batch_2_31_2_SAT_dat.k25.cnf, 3600.0
/ubc/cs/project/arrow/projects/Sat_Data/bench/HW-verification/40randomsets/26_rule/SAT_dat.k1.cnf, 0.24
/ubc/cs/project/arrow/projects/Sat_Data/bench/HW-verification/40randomsets/16_2_rule_6/SAT_dat.k50.cnf, 0.93
/ubc/cs/project/arrow/projects/Sat_Data/bench/HW-verification/40randomsets/18_rule/SAT_dat.k55.cnf, 3600.0
/ubc/cs/project/arrow/projects/Sat_Data/bench/HW-verification/40randomsets/1_13/IBM_FV_2004_rule_batch_1_13_SAT_dat.k35.cnf, 3.16
/ubc/cs/project/arrow/projects/Sat_Data/bench/HW-verification/40randomsets/02_2/IBM_FV_2004_rule_batch_02_2_SAT_dat.k95.cnf, 7.5
/ubc/cs/project/arrow/projects/Sat_Data/bench/HW-verification/40randomsets/13_rule_7/SAT_dat.k45.cnf, 3600.0
/ubc/cs/project/arrow/projects/Sat_Data/bench/HW-verification/40randomsets/04_rule/SAT_dat.k15.cnf, 0.21
/ubc/cs/project/arrow/projects/Sat_Data/bench/HW-verification/40randomsets/2_14/IBM_FV_2004_rule_batch_2_14_SAT_dat.k75.cnf, 3600.0
/ubc/cs/project/arrow/projects/Sat_Data/bench/HW-verification/40randomsets/24_1_rule_3/SAT_dat.k30.cnf, 3600.0
/ubc/cs/project/arrow/projects/Sat_Data/bench/HW-verification/40randomsets/13_rule_22/SAT_dat.k60.cnf, 3600.0
/ubc/cs/project/arrow/projects/Sat_Data/bench/HW-verification/40randomsets/1_17_2/IBM_FV_2004_rule_batch_1_17_2_SAT_dat.k75.cnf, 4.81
/ubc/cs/project/arrow/projects/Sat_Data/bench/HW-verification/40randomsets/18_rule/SAT_dat.k1.cnf, 0.01
/ubc/cs/project/arrow/projects/Sat_Data/bench/HW-verification/40randomsets/22_rule/SAT_dat.k1.cnf, 0.0
/ubc/cs/project/arrow/projects/Sat_Data/bench/HW-verification/40randomsets/12/IBM_FV_2004_rule_batch_12_SAT_dat.k70.cnf, 0.0
/ubc/cs/project/arrow/projects/Sat_Data/bench/HW-verification/40randomsets/02_1_rule_5/SAT_dat.k50.cnf, 1.37
/ubc/cs/project/arrow/projects/Sat_Data/bench/HW-verification/40randomsets/2_31_2/IBM_FV_2004_rule_batch_2_31_2_SAT_dat.k45.cnf, 3600.0
/ubc/cs/project/arrow/projects/Sat_Data/bench/HW-verification/40randomsets/1_13/IBM_FV_2004_rule_batch_1_13_SAT_dat.k25.cnf, 3.11
/ubc/cs/project/arrow/projects/Sat_Data/bench/HW-verification/40randomsets/24_1_rule_3/SAT_dat.k20.cnf, 13.79
/ubc/cs/project/arrow/projects/Sat_Data/bench/HW-verification/40randomsets/13_rule_7/SAT_dat.k10.cnf, 3600.0
/ubc/cs/project/arrow/projects/Sat_Data/bench/HW-verification/40randomsets/16_2_rule_3/SAT_dat.k80.cnf, 1.33
/ubc/cs/project/arrow/projects/Sat_Data/bench/HW-verification/40randomsets/18_rule/SAT_dat.k75.cnf, 3600.0
/ubc/cs/project/arrow/projects/Sat_Data/bench/HW-verification/40randomsets/18_rule/SAT_dat.k20.cnf, 4.41
/ubc/cs/project/arrow/projects/Sat_Data/bench/HW-verification/40randomsets/24_1_rule_3/SAT_dat.k75.cnf, 3600.0
/ubc/cs/project/arrow/projects/Sat_Data/bench/HW-verification/40randomsets/16_2_rule_6/SAT_dat.k70.cnf, 1.56
/ubc/cs/project/arrow/projects/Sat_Data/bench/HW-verification/40randomsets/1_17_2/IBM_FV_2004_rule_batch_1_17_2_SAT_dat.k40.cnf, 3.39
/ubc/cs/project/arrow/projects/Sat_Data/bench/HW-verification/40randomsets/1_17_2/IBM_FV_2004_rule_batch_1_17_2_SAT_dat.k95.cnf, 5.71
/ubc/cs/project/arrow/projects/Sat_Data/bench/HW-verification/40randomsets/15_rule/SAT_dat.k15.cnf, 0.57
/ubc/cs/project/arrow/projects/Sat_Data/bench/HW-verification/40randomsets/12/IBM_FV_2004_rule_batch_12_SAT_dat.k100.cnf, 0.0
/ubc/cs/project/arrow/projects/Sat_Data/bench/HW-verification/40randomsets/28_rule/SAT_dat.k40.cnf, 3.34
/ubc/cs/project/arrow/projects/Sat_Data/bench/HW-verification/40randomsets/13_rule_22/SAT_dat.k80.cnf, 3600.0
/ubc/cs/project/arrow/projects/Sat_Data/bench/HW-verification/40randomsets/09_rule/SAT_dat.k75.cnf, 2.72
/ubc/cs/project/arrow/projects/Sat_Data/bench/HW-verification/40randomsets/2_14/IBM_FV_2004_rule_batch_2_14_SAT_dat.k85.cnf, 3600.0
/ubc/cs/project/arrow/projects/Sat_Data/bench/HW-verification/40randomsets/1_13/IBM_FV_2004_rule_batch_1_13_SAT_dat.k45.cnf, 3.13
/ubc/cs/project/arrow/projects/Sat_Data/bench/HW-verification/40randomsets/02_1_rule_5/SAT_dat.k70.cnf, 2.97
/ubc/cs/project/arrow/projects/Sat_Data/bench/HW-verification/40randomsets/2_31_2/IBM_FV_2004_rule_batch_2_31_2_SAT_dat.k10.cnf, 0.55
/ubc/cs/project/arrow/projects/Sat_Data/bench/HW-verification/40randomsets/13_rule_7/SAT_dat.k55.cnf, 3600.0
/ubc/cs/project/arrow/projects/Sat_Data/bench/HW-verification/40randomsets/26_rule/SAT_dat.k10.cnf, 4.03
/ubc/cs/project/arrow/projects/Sat_Data/bench/HW-verification/40randomsets/12/IBM_FV_2004_rule_batch_12_SAT_dat.k90.cnf, 0.0
/ubc/cs/project/arrow/projects/Sat_Data/bench/HW-verification/40randomsets/24_1_rule_3/SAT_dat.k40.cnf, 3600.0
/ubc/cs/project/arrow/projects/Sat_Data/bench/HW-verification/40randomsets/18_rule/SAT_dat.k40.cnf, 155.9
/ubc/cs/project/arrow/projects/Sat_Data/bench/HW-verification/40randomsets/13_rule_24/SAT_dat.k25.cnf, 3600.0
/ubc/cs/project/arrow/projects/Sat_Data/bench/HW-verification/40randomsets/31_1_rule_2/SAT_dat.k10.cnf, 0.56
/ubc/cs/project/arrow/projects/Sat_Data/bench/HW-verification/40randomsets/1_17_2/IBM_FV_2004_rule_batch_1_17_2_SAT_dat.k85.cnf, 5.34
/ubc/cs/project/arrow/projects/Sat_Data/bench/HW-verification/40randomsets/12/IBM_FV_2004_rule_batch_12_SAT_dat.k80.cnf, 0.0
/ubc/cs/project/arrow/projects/Sat_Data/bench/HW-verification/40randomsets/09_rule/SAT_dat.k95.cnf, 3.64
/ubc/cs/project/arrow/projects/Sat_Data/bench/HW-verification/40randomsets/09_rule/SAT_dat.k40.cnf, 1.45
/ubc/cs/project/arrow/projects/Sat_Data/bench/HW-verification/40randomsets/02_1_rule_5/SAT_dat.k60.cnf, 1.75
/ubc/cs/project/arrow/projects/Sat_Data/bench/HW-verification/40randomsets/2_17_1/IBM_FV_2004_rule_batch_2_17_1_SAT_dat.k10.cnf, 0.11
/ubc/cs/project/arrow/projects/Sat_Data/bench/HW-verification/40randomsets/13_rule_24/SAT_dat.k15.cnf, 3600.0
/ubc/cs/project/arrow/projects/Sat_Data/bench/HW-verification/40randomsets/16_2_rule_6/SAT_dat.k80.cnf, 3.41
/ubc/cs/project/arrow/projects/Sat_Data/bench/HW-verification/40randomsets/18_rule/SAT_dat.k85.cnf, 3600.0
/ubc/cs/project/arrow/projects/Sat_Data/bench/HW-verification/40randomsets/18_rule/SAT_dat.k30.cnf, 90.61
/ubc/cs/project/arrow/projects/Sat_Data/bench/HW-verification/40randomsets/2_14/IBM_FV_2004_rule_batch_2_14_SAT_dat.k50.cnf, 3600.0
/ubc/cs/project/arrow/projects/Sat_Data/bench/HW-verification/40randomsets/13_rule_7/SAT_dat.k20.cnf, 3600.0
