/ubc/cs/project/arrow/projects/Sat_Data/bench/SW-verification/GZIP_v1.2.4__v1.1/gzip_vc1067.cnf, 0.06
/ubc/cs/project/arrow/projects/Sat_Data/bench/SW-verification/HSAT/hsat_vc3763.cnf, 0.42
/ubc/cs/project/arrow/projects/Sat_Data/bench/SW-verification/HSAT/hsat_vc3774.cnf, 0.43
/ubc/cs/project/arrow/projects/Sat_Data/bench/SW-verification/DSPAM_v3.6.5__v1.1/dspam_dump_vc948.cnf, 0.68
/ubc/cs/project/arrow/projects/Sat_Data/bench/SW-verification/HSAT/hsat_vc3675.cnf, 0.49
/ubc/cs/project/arrow/projects/Sat_Data/bench/SW-verification/HSAT/hsat_vc3862.cnf, 1.73
/ubc/cs/project/arrow/projects/Sat_Data/bench/SW-verification/XINETD_v2.3.14__v1.1/xinetd_vc56679.cnf, 1.73
/ubc/cs/project/arrow/projects/Sat_Data/bench/SW-verification/HSAT/hsat_vc3777.cnf, 0.42
/ubc/cs/project/arrow/projects/Sat_Data/bench/SW-verification/GZIP_v1.2.4__v1.1/gzip_vc1012.cnf, 0.0
/ubc/cs/project/arrow/projects/Sat_Data/bench/SW-verification/DSPAM_v3.6.5__v1.1/dspam_vc9423.cnf, 0.17
/ubc/cs/project/arrow/projects/Sat_Data/bench/SW-verification/WINE_v0.9.27__v1.1/winedump_vc5307.cnf, 3.02
/ubc/cs/project/arrow/projects/Sat_Data/bench/SW-verification/XINETD_v2.3.14__v1.1/itox_vc994.cnf, 3.72
/ubc/cs/project/arrow/projects/Sat_Data/bench/SW-verification/HSAT/hsat_vc3760.cnf, 1.66
/ubc/cs/project/arrow/projects/Sat_Data/bench/SW-verification/HSAT/hsat_vc3504.cnf, 0.01
/ubc/cs/project/arrow/projects/Sat_Data/bench/SW-verification/HSAT/hsat_vc3501.cnf, 0.01
/ubc/cs/project/arrow/projects/Sat_Data/bench/SW-verification/GZIP_v1.2.4__v1.1/gzip_vc1131.cnf, 0.02
/ubc/cs/project/arrow/projects/Sat_Data/bench/SW-verification/DSPAM_v3.6.5__v1.1/dspam_vc9454.cnf, 0.65
/ubc/cs/project/arrow/projects/Sat_Data/bench/SW-verification/HSAT/hsat_vc3903.cnf, 0.77
/ubc/cs/project/arrow/projects/Sat_Data/bench/SW-verification/HSAT/hsat_vc3841.cnf, 1.69
/ubc/cs/project/arrow/projects/Sat_Data/bench/SW-verification/HSAT/hsat_vc3695.cnf, 0.79
/ubc/cs/project/arrow/projects/Sat_Data/bench/SW-verification/HSAT/hsat_vc3958.cnf, 1.92
/ubc/cs/project/arrow/projects/Sat_Data/bench/SW-verification/GZIP_v1.2.4__v1.1/gzip_vc1032.cnf, 0.01
/ubc/cs/project/arrow/projects/Sat_Data/bench/SW-verification/XINETD_v2.3.14__v1.1/itox_vc1262.cnf, 4.82
/ubc/cs/project/arrow/projects/Sat_Data/bench/SW-verification/DSPAM_v3.6.5__v1.1/dspam_vc9443.cnf, 0.1
/ubc/cs/project/arrow/projects/Sat_Data/bench/SW-verification/WINE_v0.9.27__v1.1/winegcc_vc1088.cnf, 1.28
/ubc/cs/project/arrow/projects/Sat_Data/bench/SW-verification/DSPAM_v3.6.5__v1.1/dspam_vc9396.cnf, 0.09
/ubc/cs/project/arrow/projects/Sat_Data/bench/SW-verification/WINE_v0.9.27__v1.1/winedump_vc5531.cnf, 2.34
/ubc/cs/project/arrow/projects/Sat_Data/bench/SW-verification/HSAT/hsat_vc3634.cnf, 0.27
/ubc/cs/project/arrow/projects/Sat_Data/bench/SW-verification/DSPAM_v3.6.5__v1.1/dspam_dump_vc1093.cnf, 1.12
/ubc/cs/project/arrow/projects/Sat_Data/bench/SW-verification/HSAT/hsat_vc3872.cnf, 0.73
/ubc/cs/project/arrow/projects/Sat_Data/bench/SW-verification/HSAT/hsat_vc3773.cnf, 0.42
/ubc/cs/project/arrow/projects/Sat_Data/bench/SW-verification/HSAT/hsat_vc3685.cnf, 0.81
/ubc/cs/project/arrow/projects/Sat_Data/bench/SW-verification/HSAT/hsat_vc3948.cnf, 1.89
/ubc/cs/project/arrow/projects/Sat_Data/bench/SW-verification/GZIP_v1.2.4__v1.1/gzip_vc888.cnf, 0.0
/ubc/cs/project/arrow/projects/Sat_Data/bench/SW-verification/DSPAM_v3.6.5__v1.1/dspam_vc9474.cnf, 0.68
/ubc/cs/project/arrow/projects/Sat_Data/bench/SW-verification/XINETD_v2.3.14__v1.1/itox_vc909.cnf, 2.89
/ubc/cs/project/arrow/projects/Sat_Data/bench/SW-verification/GZIP_v1.2.4__v1.1/gzip_vc1063.cnf, 0.06
/ubc/cs/project/arrow/projects/Sat_Data/bench/SW-verification/HSAT/hsat_vc3770.cnf, 0.42
/ubc/cs/project/arrow/projects/Sat_Data/bench/SW-verification/HSAT/hsat_vc3671.cnf, 0.53
/ubc/cs/project/arrow/projects/Sat_Data/bench/SW-verification/HSAT/hsat_vc3934.cnf, 1.97
/ubc/cs/project/arrow/projects/Sat_Data/bench/SW-verification/HSAT/hsat_vc3511.cnf, 0.21
/ubc/cs/project/arrow/projects/Sat_Data/bench/SW-verification/DSPAM_v3.6.5__v1.1/dspam_vc9628.cnf, 0.59
/ubc/cs/project/arrow/projects/Sat_Data/bench/SW-verification/DSPAM_v3.6.5__v1.1/dspam_vc9460.cnf, 0.59
/ubc/cs/project/arrow/projects/Sat_Data/bench/SW-verification/GZIP_v1.2.4__v1.1/gzip_vc1217.cnf, 0.0
/ubc/cs/project/arrow/projects/Sat_Data/bench/SW-verification/HSAT/hsat_vc3500.cnf, 0.01
/ubc/cs/project/arrow/projects/Sat_Data/bench/SW-verification/GZIP_v1.2.4__v1.1/gzip_vc1042.cnf, 0.02
/ubc/cs/project/arrow/projects/Sat_Data/bench/SW-verification/WINE_v0.9.27__v1.1/winegcc_vc1087.cnf, 1.27
/ubc/cs/project/arrow/projects/Sat_Data/bench/SW-verification/DSPAM_v3.6.5__v1.1/dspam_vc9453.cnf, 0.61
/ubc/cs/project/arrow/projects/Sat_Data/bench/SW-verification/WINE_v0.9.27__v1.1/winegcc_vc1098.cnf, 0.91
/ubc/cs/project/arrow/projects/Sat_Data/bench/SW-verification/HSAT/hsat_vc3531.cnf, 0.22
/ubc/cs/project/arrow/projects/Sat_Data/bench/SW-verification/XINETD_v2.3.14__v1.1/itox_vc1060.cnf, 4.12
/ubc/cs/project/arrow/projects/Sat_Data/bench/SW-verification/HSAT/hsat_vc3965.cnf, 0.48
/ubc/cs/project/arrow/projects/Sat_Data/bench/SW-verification/WINE_v0.9.27__v1.1/winegcc_vc1084.cnf, 0.89
/ubc/cs/project/arrow/projects/Sat_Data/bench/SW-verification/HSAT/hsat_vc3706.cnf, 1.13
/ubc/cs/project/arrow/projects/Sat_Data/bench/SW-verification/GZIP_v1.2.4__v1.1/gzip_vc1073.cnf, 1.96
/ubc/cs/project/arrow/projects/Sat_Data/bench/SW-verification/XINETD_v2.3.14__v1.1/xinetd_vc56671.cnf, 1.67
/ubc/cs/project/arrow/projects/Sat_Data/bench/SW-verification/HSAT/hsat_vc3477.cnf, 0.0
/ubc/cs/project/arrow/projects/Sat_Data/bench/SW-verification/HSAT/hsat_vc3638.cnf, 0.23
/ubc/cs/project/arrow/projects/Sat_Data/bench/SW-verification/WINE_v0.9.27__v1.1/winedump_vc5313.cnf, 1.67
/ubc/cs/project/arrow/projects/Sat_Data/bench/SW-verification/HSAT/hsat_vc3726.cnf, 1.56
/ubc/cs/project/arrow/projects/Sat_Data/bench/SW-verification/DSPAM_v3.6.5__v1.1/dspam_vc9624.cnf, 0.59
/ubc/cs/project/arrow/projects/Sat_Data/bench/SW-verification/WINE_v0.9.27__v1.1/winegcc_vc1083.cnf, 0.86
/ubc/cs/project/arrow/projects/Sat_Data/bench/SW-verification/HSAT/hsat_vc174.cnf, 0.0
/ubc/cs/project/arrow/projects/Sat_Data/bench/SW-verification/HSAT/hsat_vc3705.cnf, 0.89
/ubc/cs/project/arrow/projects/Sat_Data/bench/SW-verification/HSAT/hsat_vc3716.cnf, 1.07
/ubc/cs/project/arrow/projects/Sat_Data/bench/SW-verification/HSAT/hsat_vc3804.cnf, 0.41
/ubc/cs/project/arrow/projects/Sat_Data/bench/SW-verification/WINE_v0.9.27__v1.1/winegcc_vc1094.cnf, 1.37
/ubc/cs/project/arrow/projects/Sat_Data/bench/SW-verification/DSPAM_v3.6.5__v1.1/dspam_vc9406.cnf, 0.2
/ubc/cs/project/arrow/projects/Sat_Data/bench/SW-verification/HSAT/hsat_vc3617.cnf, 0.17
/ubc/cs/project/arrow/projects/Sat_Data/bench/SW-verification/HSAT/hsat_vc3702.cnf, 0.86
/ubc/cs/project/arrow/projects/Sat_Data/bench/SW-verification/HSAT/hsat_vc167.cnf, 0.0
/ubc/cs/project/arrow/projects/Sat_Data/bench/SW-verification/DSPAM_v3.6.5__v1.1/dspam_dump_vc1103.cnf, 2.82
/ubc/cs/project/arrow/projects/Sat_Data/bench/SW-verification/DSPAM_v3.6.5__v1.1/dspam_dump_vc961.cnf, 0.56
/ubc/cs/project/arrow/projects/Sat_Data/bench/SW-verification/DSPAM_v3.6.5__v1.1/dspam_vc9480.cnf, 0.61
/ubc/cs/project/arrow/projects/Sat_Data/bench/SW-verification/HSAT/hsat_vc153.cnf, 0.0
/ubc/cs/project/arrow/projects/Sat_Data/bench/SW-verification/DSPAM_v3.6.5__v1.1/dspam_dump_vc950.cnf, 1.11
/ubc/cs/project/arrow/projects/Sat_Data/bench/SW-verification/HSAT/hsat_vc3954.cnf, 0.45
/ubc/cs/project/arrow/projects/Sat_Data/bench/SW-verification/HSAT/hsat_vc3940.cnf, 1.99
/ubc/cs/project/arrow/projects/Sat_Data/bench/SW-verification/HSAT/hsat_vc3473.cnf, 0.0
/ubc/cs/project/arrow/projects/Sat_Data/bench/SW-verification/XINETD_v2.3.14__v1.1/itox_vc901.cnf, 3.22
/ubc/cs/project/arrow/projects/Sat_Data/bench/SW-verification/WINE_v0.9.27__v1.1/winegcc_vc976.cnf, 0.86
/ubc/cs/project/arrow/projects/Sat_Data/bench/SW-verification/DSPAM_v3.6.5__v1.1/dspam_vc9416.cnf, 0.18
/ubc/cs/project/arrow/projects/Sat_Data/bench/SW-verification/WINE_v0.9.27__v1.1/winegcc_vc1093.cnf, 0.79
/ubc/cs/project/arrow/projects/Sat_Data/bench/SW-verification/DSPAM_v3.6.5__v1.1/dspam_vc9620.cnf, 0.59
/ubc/cs/project/arrow/projects/Sat_Data/bench/SW-verification/GZIP_v1.2.4__v1.1/gzip_vc1110.cnf, 0.01
/ubc/cs/project/arrow/projects/Sat_Data/bench/SW-verification/HSAT/hsat_vc3886.cnf, 0.49
/ubc/cs/project/arrow/projects/Sat_Data/bench/SW-verification/HSAT/hsat_vc173.cnf, 0.0
/ubc/cs/project/arrow/projects/Sat_Data/bench/SW-verification/GZIP_v1.2.4__v1.1/gzip_vc1077.cnf, 3.98
/ubc/cs/project/arrow/projects/Sat_Data/bench/SW-verification/HSAT/hsat_vc3668.cnf, 0.48
/ubc/cs/project/arrow/projects/Sat_Data/bench/SW-verification/HSAT/hsat_vc3712.cnf, 1.07
/ubc/cs/project/arrow/projects/Sat_Data/bench/SW-verification/HSAT/hsat_vc3569.cnf, 0.13
/ubc/cs/project/arrow/projects/Sat_Data/bench/SW-verification/HSAT/hsat_vc3800.cnf, 0.46
/ubc/cs/project/arrow/projects/Sat_Data/bench/SW-verification/WINE_v0.9.27__v1.1/winedump_vc5317.cnf, 3.91
/ubc/cs/project/arrow/projects/Sat_Data/bench/SW-verification/HSAT/hsat_vc163.cnf, 0.0
/ubc/cs/project/arrow/projects/Sat_Data/bench/SW-verification/DSPAM_v3.6.5__v1.1/dspam_dump_vc960.cnf, 0.99
/ubc/cs/project/arrow/projects/Sat_Data/bench/SW-verification/HSAT/hsat_vc3746.cnf, 1.6
/ubc/cs/project/arrow/projects/Sat_Data/bench/SW-verification/HSAT/hsat_vc3647.cnf, 0.36
/ubc/cs/project/arrow/projects/Sat_Data/bench/SW-verification/XINETD_v2.3.14__v1.1/itox_vc1068.cnf, 4.18
/ubc/cs/project/arrow/projects/Sat_Data/bench/SW-verification/HSAT/hsat_vc3483.cnf, 0.0
/ubc/cs/project/arrow/projects/Sat_Data/bench/SW-verification/HSAT/hsat_vc3545.cnf, 0.25
/ubc/cs/project/arrow/projects/Sat_Data/bench/SW-verification/GZIP_v1.2.4__v1.1/gzip_vc1015.cnf, 0.0
/ubc/cs/project/arrow/projects/Sat_Data/bench/SW-verification/XINETD_v2.3.14__v1.1/itox_vc1146.cnf, 3.91
/ubc/cs/project/arrow/projects/Sat_Data/bench/SW-verification/DSPAM_v3.6.5__v1.1/dspam_vc9630.cnf, 0.58
/ubc/cs/project/arrow/projects/Sat_Data/bench/SW-verification/WINE_v0.9.27__v1.1/winegcc_vc972.cnf, 1.25
/ubc/cs/project/arrow/projects/Sat_Data/bench/SW-verification/HSAT/hsat_vc3896.cnf, 0.51
/ubc/cs/project/arrow/projects/Sat_Data/bench/SW-verification/HSAT/hsat_vc3664.cnf, 0.59
/ubc/cs/project/arrow/projects/Sat_Data/bench/SW-verification/WINE_v0.9.27__v1.1/winedump_vc5327.cnf, 0.6
/ubc/cs/project/arrow/projects/Sat_Data/bench/SW-verification/DSPAM_v3.6.5__v1.1/dspam_vc9484.cnf, 0.62
/ubc/cs/project/arrow/projects/Sat_Data/bench/SW-verification/HSAT/hsat_vc3722.cnf, 1.18
/ubc/cs/project/arrow/projects/Sat_Data/bench/SW-verification/DSPAM_v3.6.5__v1.1/dspam_vc9412.cnf, 0.09
/ubc/cs/project/arrow/projects/Sat_Data/bench/SW-verification/XINETD_v2.3.14__v1.1/itox_vc1033.cnf, 3.13
/ubc/cs/project/arrow/projects/Sat_Data/bench/SW-verification/WINE_v0.9.27__v1.1/winegcc_vc1104.cnf, 1.39
/ubc/cs/project/arrow/projects/Sat_Data/bench/SW-verification/WINE_v0.9.27__v1.1/winegcc_vc1046.cnf, 1.62
/ubc/cs/project/arrow/projects/Sat_Data/bench/SW-verification/HSAT/hsat_vc3960.cnf, 0.49
/ubc/cs/project/arrow/projects/Sat_Data/bench/SW-verification/GZIP_v1.2.4__v1.1/gzip_vc1046.cnf, 0.03
/ubc/cs/project/arrow/projects/Sat_Data/bench/SW-verification/WINE_v0.9.27__v1.1/winegcc_vc1039.cnf, 2.03
/ubc/cs/project/arrow/projects/Sat_Data/bench/SW-verification/GZIP_v1.2.4__v1.1/gzip_vc1108.cnf, 0.03
/ubc/cs/project/arrow/projects/Sat_Data/bench/SW-verification/WINE_v0.9.27__v1.1/winegcc_vc1025.cnf, 1.39
/ubc/cs/project/arrow/projects/Sat_Data/bench/SW-verification/HSAT/hsat_vc3742.cnf, 1.2
/ubc/cs/project/arrow/projects/Sat_Data/bench/SW-verification/HSAT/hsat_vc3643.cnf, 0.33
/ubc/cs/project/arrow/projects/Sat_Data/bench/SW-verification/HSAT/hsat_vc3640.cnf, 0.26
/ubc/cs/project/arrow/projects/Sat_Data/bench/SW-verification/GZIP_v1.2.4__v1.1/gzip_vc1097.cnf, 0.01
/ubc/cs/project/arrow/projects/Sat_Data/bench/SW-verification/XINETD_v2.3.14__v1.1/xinetd_vc56695.cnf, 0.3
/ubc/cs/project/arrow/projects/Sat_Data/bench/SW-verification/HSAT/hsat_vc3575.cnf, 0.27
/ubc/cs/project/arrow/projects/Sat_Data/bench/SW-verification/HSAT/hsat_vc3688.cnf, 0.79
/ubc/cs/project/arrow/projects/Sat_Data/bench/SW-verification/HSAT/hsat_vc3589.cnf, 0.32
/ubc/cs/project/arrow/projects/Sat_Data/bench/SW-verification/HSAT/hsat_vc3937.cnf, 2.01
/ubc/cs/project/arrow/projects/Sat_Data/bench/SW-verification/WINE_v0.9.27__v1.1/winegcc_vc1103.cnf, 1.13
/ubc/cs/project/arrow/projects/Sat_Data/bench/SW-verification/HSAT/hsat_vc3586.cnf, 0.27
/ubc/cs/project/arrow/projects/Sat_Data/bench/SW-verification/HSAT/hsat_vc3721.cnf, 1.65
/ubc/cs/project/arrow/projects/Sat_Data/bench/SW-verification/XINETD_v2.3.14__v1.1/itox_vc1230.cnf, 4.28
/ubc/cs/project/arrow/projects/Sat_Data/bench/SW-verification/GZIP_v1.2.4__v1.1/gzip_vc1011.cnf, 0.0
/ubc/cs/project/arrow/projects/Sat_Data/bench/SW-verification/HSAT/hsat_vc3487.cnf, 0.0
/ubc/cs/project/arrow/projects/Sat_Data/bench/SW-verification/HSAT/hsat_vc3633.cnf, 0.24
/ubc/cs/project/arrow/projects/Sat_Data/bench/SW-verification/HSAT/hsat_vc3674.cnf, 0.54
/ubc/cs/project/arrow/projects/Sat_Data/bench/SW-verification/WINE_v0.9.27__v1.1/winedump_vc5323.cnf, 3.3
/ubc/cs/project/arrow/projects/Sat_Data/bench/SW-verification/WINE_v0.9.27__v1.1/winegcc_vc1100.cnf, 0.85
/ubc/cs/project/arrow/projects/Sat_Data/bench/SW-verification/HSAT/hsat_vc3927.cnf, 1.89
/ubc/cs/project/arrow/projects/Sat_Data/bench/SW-verification/XINETD_v2.3.14__v1.1/itox_vc1337.cnf, 3.99
/ubc/cs/project/arrow/projects/Sat_Data/bench/SW-verification/HSAT/hsat_vc3653.cnf, 0.3
/ubc/cs/project/arrow/projects/Sat_Data/bench/SW-verification/HSAT/hsat_vc3916.cnf, 1.86
/ubc/cs/project/arrow/projects/Sat_Data/bench/SW-verification/GZIP_v1.2.4__v1.1/gzip_vc1107.cnf, 0.02
/ubc/cs/project/arrow/projects/Sat_Data/bench/SW-verification/XINETD_v2.3.14__v1.1/itox_vc1238.cnf, 2.17
/ubc/cs/project/arrow/projects/Sat_Data/bench/SW-verification/WINE_v0.9.27__v1.1/winegcc_vc1032.cnf, 1.55
/ubc/cs/project/arrow/projects/Sat_Data/bench/SW-verification/GZIP_v1.2.4__v1.1/gzip_vc900.cnf, 0.0
/ubc/cs/project/arrow/projects/Sat_Data/bench/SW-verification/HSAT/hsat_vc3650.cnf, 0.18
/ubc/cs/project/arrow/projects/Sat_Data/bench/SW-verification/HSAT/hsat_vc3869.cnf, 0.71
/ubc/cs/project/arrow/projects/Sat_Data/bench/SW-verification/WINE_v0.9.27__v1.1/winegcc_vc1035.cnf, 0.9
/ubc/cs/project/arrow/projects/Sat_Data/bench/SW-verification/HSAT/hsat_vc3814.cnf, 1.13
/ubc/cs/project/arrow/projects/Sat_Data/bench/SW-verification/WINE_v0.9.27__v1.1/winegcc_vc981.cnf, 1.57
/ubc/cs/project/arrow/projects/Sat_Data/bench/SW-verification/GZIP_v1.2.4__v1.1/gzip_vc1093.cnf, 0.02
/ubc/cs/project/arrow/projects/Sat_Data/bench/SW-verification/XINETD_v2.3.14__v1.1/xinetd_vc56633.cnf, 1.59
/ubc/cs/project/arrow/projects/Sat_Data/bench/SW-verification/HSAT/hsat_vc3497.cnf, 0.01
/ubc/cs/project/arrow/projects/Sat_Data/bench/SW-verification/HSAT/hsat_vc3684.cnf, 0.8
/ubc/cs/project/arrow/projects/Sat_Data/bench/SW-verification/DSPAM_v3.6.5__v1.1/dspam_vc9592.cnf, 0.57
/ubc/cs/project/arrow/projects/Sat_Data/bench/SW-verification/HSAT/hsat_vc3585.cnf, 0.27
/ubc/cs/project/arrow/projects/Sat_Data/bench/SW-verification/HSAT/hsat_vc3582.cnf, 0.3
/ubc/cs/project/arrow/projects/Sat_Data/bench/SW-verification/WINE_v0.9.27__v1.1/winegcc_vc1052.cnf, 0.9
/ubc/cs/project/arrow/projects/Sat_Data/bench/SW-verification/HSAT/hsat_vc3670.cnf, 0.46
/ubc/cs/project/arrow/projects/Sat_Data/bench/SW-verification/GZIP_v1.2.4__v1.1/gzip_vc931.cnf, 0.0
/ubc/cs/project/arrow/projects/Sat_Data/bench/SW-verification/GZIP_v1.2.4__v1.1/gzip_vc887.cnf, 0.0
/ubc/cs/project/arrow/projects/Sat_Data/bench/SW-verification/HSAT/hsat_vc3838.cnf, 1.62
/ubc/cs/project/arrow/projects/Sat_Data/bench/SW-verification/GZIP_v1.2.4__v1.1/gzip_vc1117.cnf, 0.02
/ubc/cs/project/arrow/projects/Sat_Data/bench/SW-verification/HSAT/hsat_vc136.cnf, 0.0
/ubc/cs/project/arrow/projects/Sat_Data/bench/SW-verification/DSPAM_v3.6.5__v1.1/dspam_vc9627.cnf, 0.59
/ubc/cs/project/arrow/projects/Sat_Data/bench/SW-verification/GZIP_v1.2.4__v1.1/gzip_vc1114.cnf, 0.01
/ubc/cs/project/arrow/projects/Sat_Data/bench/SW-verification/WINE_v0.9.27__v1.1/winegcc_vc1031.cnf, 0.24
/ubc/cs/project/arrow/projects/Sat_Data/bench/SW-verification/HSAT/hsat_vc3879.cnf, 0.47
/ubc/cs/project/arrow/projects/Sat_Data/bench/SW-verification/WINE_v0.9.27__v1.1/winegcc_vc1042.cnf, 0.9
/ubc/cs/project/arrow/projects/Sat_Data/bench/SW-verification/DSPAM_v3.6.5__v1.1/dspam_vc9426.cnf, 0.19
/ubc/cs/project/arrow/projects/Sat_Data/bench/SW-verification/WINE_v0.9.27__v1.1/winedump_vc5528.cnf, 2.08
/ubc/cs/project/arrow/projects/Sat_Data/bench/SW-verification/HSAT/hsat_vc3660.cnf, 0.46
/ubc/cs/project/arrow/projects/Sat_Data/bench/SW-verification/XINETD_v2.3.14__v1.1/itox_vc1084.cnf, 3.96
/ubc/cs/project/arrow/projects/Sat_Data/bench/SW-verification/XINETD_v2.3.14__v1.1/itox_vc1367.cnf, 4.16
/ubc/cs/project/arrow/projects/Sat_Data/bench/SW-verification/XINETD_v2.3.14__v1.1/itox_vc1108.cnf, 0.39
/ubc/cs/project/arrow/projects/Sat_Data/bench/SW-verification/HSAT/hsat_vc3858.cnf, 1.58
/ubc/cs/project/arrow/projects/Sat_Data/bench/SW-verification/GZIP_v1.2.4__v1.1/gzip_vc1049.cnf, 0.01
/ubc/cs/project/arrow/projects/Sat_Data/bench/SW-verification/DSPAM_v3.6.5__v1.1/dspam_vc9457.cnf, 0.16
/ubc/cs/project/arrow/projects/Sat_Data/bench/SW-verification/HSAT/hsat_vc3844.cnf, 1.67
/ubc/cs/project/arrow/projects/Sat_Data/bench/SW-verification/HSAT/hsat_vc3855.cnf, 1.58
/ubc/cs/project/arrow/projects/Sat_Data/bench/SW-verification/HSAT/hsat_vc3493.cnf, 0.01
/ubc/cs/project/arrow/projects/Sat_Data/bench/SW-verification/HSAT/hsat_vc3756.cnf, 1.16
/ubc/cs/project/arrow/projects/Sat_Data/bench/SW-verification/DSPAM_v3.6.5__v1.1/dspam_vc9436.cnf, 0.09
/ubc/cs/project/arrow/projects/Sat_Data/bench/SW-verification/HSAT/hsat_vc3922.cnf, 2.01
/ubc/cs/project/arrow/projects/Sat_Data/bench/SW-verification/HSAT/hsat_vc3889.cnf, 0.5
/ubc/cs/project/arrow/projects/Sat_Data/bench/SW-verification/HSAT/hsat_vc3834.cnf, 1.58
/ubc/cs/project/arrow/projects/Sat_Data/bench/SW-verification/HSAT/hsat_vc3616.cnf, 0.17
/ubc/cs/project/arrow/projects/Sat_Data/bench/SW-verification/HSAT/hsat_vc3787.cnf, 0.45
/ubc/cs/project/arrow/projects/Sat_Data/bench/SW-verification/HSAT/hsat_vc3875.cnf, 0.73
/ubc/cs/project/arrow/projects/Sat_Data/bench/SW-verification/HSAT/hsat_vc3820.cnf, 1.13
/ubc/cs/project/arrow/projects/Sat_Data/bench/SW-verification/XINETD_v2.3.14__v1.1/itox_vc1289.cnf, 3.94
/ubc/cs/project/arrow/projects/Sat_Data/bench/SW-verification/GZIP_v1.2.4__v1.1/gzip_vc1045.cnf, 0.04
/ubc/cs/project/arrow/projects/Sat_Data/bench/SW-verification/HSAT/hsat_vc152.cnf, 0.0
/ubc/cs/project/arrow/projects/Sat_Data/bench/SW-verification/GZIP_v1.2.4__v1.1/gzip_vc1056.cnf, 0.03
/ubc/cs/project/arrow/projects/Sat_Data/bench/SW-verification/DSPAM_v3.6.5__v1.1/dspam_vc9456.cnf, 0.16
/ubc/cs/project/arrow/projects/Sat_Data/bench/SW-verification/HSAT/hsat_vc3690.cnf, 1.08
/ubc/cs/project/arrow/projects/Sat_Data/bench/SW-verification/DSPAM_v3.6.5__v1.1/dspam_vc9467.cnf, 0.16
/ubc/cs/project/arrow/projects/Sat_Data/bench/SW-verification/HSAT/hsat_vc3591.cnf, 0.31
/ubc/cs/project/arrow/projects/Sat_Data/bench/SW-verification/DSPAM_v3.6.5__v1.1/dspam_dump_vc1079.cnf, 0.64
/ubc/cs/project/arrow/projects/Sat_Data/bench/SW-verification/XINETD_v2.3.14__v1.1/itox_vc1353.cnf, 4.01
/ubc/cs/project/arrow/projects/Sat_Data/bench/SW-verification/HSAT/hsat_vc3830.cnf, 1.67
/ubc/cs/project/arrow/projects/Sat_Data/bench/SW-verification/HSAT/hsat_vc3797.cnf, 0.43
/ubc/cs/project/arrow/projects/Sat_Data/bench/SW-verification/DSPAM_v3.6.5__v1.1/dspam_vc9487.cnf, 0.63
/ubc/cs/project/arrow/projects/Sat_Data/bench/SW-verification/HSAT/hsat_vc3527.cnf, 0.23
/ubc/cs/project/arrow/projects/Sat_Data/bench/SW-verification/GZIP_v1.2.4__v1.1/gzip_vc1120.cnf, 0.03
/ubc/cs/project/arrow/projects/Sat_Data/bench/SW-verification/GZIP_v1.2.4__v1.1/gzip_vc1021.cnf, 0.01
/ubc/cs/project/arrow/projects/Sat_Data/bench/SW-verification/DSPAM_v3.6.5__v1.1/dspam_vc9432.cnf, 0.18
/ubc/cs/project/arrow/projects/Sat_Data/bench/SW-verification/GZIP_v1.2.4__v1.1/gzip_vc1069.cnf, 0.06
/ubc/cs/project/arrow/projects/Sat_Data/bench/SW-verification/HSAT/hsat_vc3524.cnf, 0.1
/ubc/cs/project/arrow/projects/Sat_Data/bench/SW-verification/GZIP_v1.2.4__v1.1/gzip_vc1066.cnf, 0.06
/ubc/cs/project/arrow/projects/Sat_Data/bench/SW-verification/HSAT/hsat_vc3762.cnf, 0.42
/ubc/cs/project/arrow/projects/Sat_Data/bench/SW-verification/DSPAM_v3.6.5__v1.1/dspam_vc9477.cnf, 0.16
/ubc/cs/project/arrow/projects/Sat_Data/bench/SW-verification/HSAT/hsat_vc3864.cnf, 1.62
/ubc/cs/project/arrow/projects/Sat_Data/bench/SW-verification/HSAT/hsat_vc3850.cnf, 1.47
/ubc/cs/project/arrow/projects/Sat_Data/bench/SW-verification/GZIP_v1.2.4__v1.1/gzip_vc1055.cnf, 0.04
/ubc/cs/project/arrow/projects/Sat_Data/bench/SW-verification/WINE_v0.9.27__v1.1/winedump_vc5309.cnf, 0.28
/ubc/cs/project/arrow/projects/Sat_Data/bench/SW-verification/GZIP_v1.2.4__v1.1/gzip_vc1052.cnf, 0.02
/ubc/cs/project/arrow/projects/Sat_Data/bench/SW-verification/XINETD_v2.3.14__v1.1/itox_vc1100.cnf, 4.33
/ubc/cs/project/arrow/projects/Sat_Data/bench/SW-verification/HSAT/hsat_vc3558.cnf, 0.13
/ubc/cs/project/arrow/projects/Sat_Data/bench/SW-verification/HSAT/hsat_vc3503.cnf, 0.01
/ubc/cs/project/arrow/projects/Sat_Data/bench/SW-verification/WINE_v0.9.27__v1.1/winegcc_vc1045.cnf, 0.25
/ubc/cs/project/arrow/projects/Sat_Data/bench/SW-verification/DSPAM_v3.6.5__v1.1/dspam_vc9463.cnf, 0.6
/ubc/cs/project/arrow/projects/Sat_Data/bench/SW-verification/DSPAM_v3.6.5__v1.1/dspam_vc9398.cnf, 0.14
/ubc/cs/project/arrow/projects/Sat_Data/bench/SW-verification/HSAT/hsat_vc3881.cnf, 0.47
/ubc/cs/project/arrow/projects/Sat_Data/bench/SW-verification/HSAT/hsat_vc3537.cnf, 0.27
/ubc/cs/project/arrow/projects/Sat_Data/bench/SW-verification/GZIP_v1.2.4__v1.1/gzip_vc1086.cnf, 0.02
/ubc/cs/project/arrow/projects/Sat_Data/bench/SW-verification/GZIP_v1.2.4__v1.1/gzip_vc1031.cnf, 0.0
/ubc/cs/project/arrow/projects/Sat_Data/bench/SW-verification/HSAT/hsat_vc172.cnf, 0.0
/ubc/cs/project/arrow/projects/Sat_Data/bench/SW-verification/GZIP_v1.2.4__v1.1/gzip_vc1051.cnf, 0.01
/ubc/cs/project/arrow/projects/Sat_Data/bench/SW-verification/DSPAM_v3.6.5__v1.1/dspam_vc9476.cnf, 0.16
/ubc/cs/project/arrow/projects/Sat_Data/bench/SW-verification/HSAT/hsat_vc3772.cnf, 0.44
/ubc/cs/project/arrow/projects/Sat_Data/bench/SW-verification/GZIP_v1.2.4__v1.1/gzip_vc1062.cnf, 0.01
/ubc/cs/project/arrow/projects/Sat_Data/bench/SW-verification/XINETD_v2.3.14__v1.1/itox_vc1383.cnf, 4.01
/ubc/cs/project/arrow/projects/Sat_Data/bench/SW-verification/HSAT/hsat_vc2355.cnf, 0.0
/ubc/cs/project/arrow/projects/Sat_Data/bench/SW-verification/XINETD_v2.3.14__v1.1/itox_vc1025.cnf, 3.03
/ubc/cs/project/arrow/projects/Sat_Data/bench/SW-verification/DSPAM_v3.6.5__v1.1/dspam_dump_vc1092.cnf, 0.61
/ubc/cs/project/arrow/projects/Sat_Data/bench/SW-verification/XINETD_v2.3.14__v1.1/itox_vc1281.cnf, 4.2
/ubc/cs/project/arrow/projects/Sat_Data/bench/SW-verification/HSAT/hsat_vc3817.cnf, 1.12
/ubc/cs/project/arrow/projects/Sat_Data/bench/SW-verification/HSAT/hsat_vc3554.cnf, 0.12
/ubc/cs/project/arrow/projects/Sat_Data/bench/SW-verification/HSAT/hsat_vc3513.cnf, 0.22
/ubc/cs/project/arrow/projects/Sat_Data/bench/SW-verification/WINE_v0.9.27__v1.1/winedump_vc5316.cnf, 2.25
/ubc/cs/project/arrow/projects/Sat_Data/bench/SW-verification/DSPAM_v3.6.5__v1.1/dspam_vc9473.cnf, 0.69
/ubc/cs/project/arrow/projects/Sat_Data/bench/SW-verification/XINETD_v2.3.14__v1.1/itox_vc1270.cnf, 4.16
/ubc/cs/project/arrow/projects/Sat_Data/bench/SW-verification/HSAT/hsat_vc3868.cnf, 0.69
/ubc/cs/project/arrow/projects/Sat_Data/bench/SW-verification/HSAT/hsat_vc3891.cnf, 0.5
/ubc/cs/project/arrow/projects/Sat_Data/bench/SW-verification/DSPAM_v3.6.5__v1.1/dspam_vc9409.cnf, 0.17
/ubc/cs/project/arrow/projects/Sat_Data/bench/SW-verification/XINETD_v2.3.14__v1.1/itox_vc1001.cnf, 1.54
/ubc/cs/project/arrow/projects/Sat_Data/bench/SW-verification/GZIP_v1.2.4__v1.1/gzip_vc1096.cnf, 0.03
/ubc/cs/project/arrow/projects/Sat_Data/bench/SW-verification/XINETD_v2.3.14__v1.1/itox_vc1305.cnf, 3.9
/ubc/cs/project/arrow/projects/Sat_Data/bench/SW-verification/GZIP_v1.2.4__v1.1/gzip_vc1041.cnf, 0.01
/ubc/cs/project/arrow/projects/Sat_Data/bench/SW-verification/GZIP_v1.2.4__v1.1/gzip_vc1082.cnf, 0.01
/ubc/cs/project/arrow/projects/Sat_Data/bench/SW-verification/WINE_v0.9.27__v1.1/winegcc_vc1086.cnf, 0.81
/ubc/cs/project/arrow/projects/Sat_Data/bench/SW-verification/DSPAM_v3.6.5__v1.1/dspam_vc9452.cnf, 0.09
/ubc/cs/project/arrow/projects/Sat_Data/bench/SW-verification/HSAT/hsat_vc3708.cnf, 1.49
/ubc/cs/project/arrow/projects/Sat_Data/bench/SW-verification/HSAT/hsat_vc3632.cnf, 0.26
/ubc/cs/project/arrow/projects/Sat_Data/bench/SW-verification/GZIP_v1.2.4__v1.1/gzip_vc835.cnf, 0.0
/ubc/cs/project/arrow/projects/Sat_Data/bench/SW-verification/HSAT/hsat_vc3486.cnf, 0.0
/ubc/cs/project/arrow/projects/Sat_Data/bench/SW-verification/HSAT/hsat_vc3870.cnf, 0.71
/ubc/cs/project/arrow/projects/Sat_Data/bench/SW-verification/HSAT/hsat_vc3782.cnf, 0.42
/ubc/cs/project/arrow/projects/Sat_Data/bench/SW-verification/GZIP_v1.2.4__v1.1/gzip_vc1072.cnf, 0.06
/ubc/cs/project/arrow/projects/Sat_Data/bench/SW-verification/GZIP_v1.2.4__v1.1/gzip_vc1061.cnf, 0.01
/ubc/cs/project/arrow/projects/Sat_Data/bench/SW-verification/DSPAM_v3.6.5__v1.1/dspam_dump_vc1091.cnf, 1.11
/ubc/cs/project/arrow/projects/Sat_Data/bench/SW-verification/XINETD_v2.3.14__v1.1/xinetd_vc56687.cnf, 0.31
/ubc/cs/project/arrow/projects/Sat_Data/bench/SW-verification/WINE_v0.9.27__v1.1/winedump_vc5322.cnf, 0.3
/ubc/cs/project/arrow/projects/Sat_Data/bench/SW-verification/HSAT/hsat_vc3899.cnf, 0.81
/ubc/cs/project/arrow/projects/Sat_Data/bench/SW-verification/HSAT/hsat_vc3827.cnf, 1.66
/ubc/cs/project/arrow/projects/Sat_Data/bench/SW-verification/HSAT/hsat_vc3739.cnf, 1.66
/ubc/cs/project/arrow/projects/Sat_Data/bench/SW-verification/HSAT/hsat_vc3476.cnf, 0.0
/ubc/cs/project/arrow/projects/Sat_Data/bench/SW-verification/DSPAM_v3.6.5__v1.1/dspam_vc9429.cnf, 0.17
/ubc/cs/project/arrow/projects/Sat_Data/bench/SW-verification/HSAT/hsat_vc3564.cnf, 0.12
/ubc/cs/project/arrow/projects/Sat_Data/bench/SW-verification/DSPAM_v3.6.5__v1.1/dspam_vc9472.cnf, 0.09
/ubc/cs/project/arrow/projects/Sat_Data/bench/SW-verification/DSPAM_v3.6.5__v1.1/dspam_vc9483.cnf, 0.1
/ubc/cs/project/arrow/projects/Sat_Data/bench/SW-verification/HSAT/hsat_vc3728.cnf, 1.33
/ubc/cs/project/arrow/projects/Sat_Data/bench/SW-verification/GZIP_v1.2.4__v1.1/gzip_vc1018.cnf, 0.02
/ubc/cs/project/arrow/projects/Sat_Data/bench/SW-verification/WINE_v0.9.27__v1.1/winegcc_vc1107.cnf, 0.9
/ubc/cs/project/arrow/projects/Sat_Data/bench/SW-verification/HSAT/hsat_vc3550.cnf, 0.12
/ubc/cs/project/arrow/projects/Sat_Data/bench/SW-verification/XINETD_v2.3.14__v1.1/xinetd_vc56663.cnf, 1.7
/ubc/cs/project/arrow/projects/Sat_Data/bench/SW-verification/DSPAM_v3.6.5__v1.1/dspam_dump_vc1081.cnf, 1.23
/ubc/cs/project/arrow/projects/Sat_Data/bench/SW-verification/WINE_v0.9.27__v1.1/winedump_vc5312.cnf, 2.83
/ubc/cs/project/arrow/projects/Sat_Data/bench/SW-verification/HSAT/hsat_vc176.cnf, 0.0
/ubc/cs/project/arrow/projects/Sat_Data/bench/SW-verification/DSPAM_v3.6.5__v1.1/dspam_vc9419.cnf, 0.17
/ubc/cs/project/arrow/projects/Sat_Data/bench/SW-verification/DSPAM_v3.6.5__v1.1/dspam_vc9408.cnf, 0.1
/ubc/cs/project/arrow/projects/Sat_Data/bench/SW-verification/DSPAM_v3.6.5__v1.1/dspam_vc9579.cnf, 0.58
/ubc/cs/project/arrow/projects/Sat_Data/bench/SW-verification/XINETD_v2.3.14__v1.1/itox_vc1216.cnf, 0.79
/ubc/cs/project/arrow/projects/Sat_Data/bench/SW-verification/DSPAM_v3.6.5__v1.1/dspam_dump_vc973.cnf, 2.78
/ubc/cs/project/arrow/projects/Sat_Data/bench/SW-verification/HSAT/hsat_vc3806.cnf, 0.42
/ubc/cs/project/arrow/projects/Sat_Data/bench/SW-verification/WINE_v0.9.27__v1.1/winegcc_vc1096.cnf, 0.9
/ubc/cs/project/arrow/projects/Sat_Data/bench/SW-verification/HSAT/hsat_vc3803.cnf, 0.42
/ubc/cs/project/arrow/projects/Sat_Data/bench/SW-verification/HSAT/hsat_vc3496.cnf, 0.0
/ubc/cs/project/arrow/projects/Sat_Data/bench/SW-verification/HSAT/hsat_vc3704.cnf, 0.87
/ubc/cs/project/arrow/projects/Sat_Data/bench/SW-verification/HSAT/hsat_vc3963.cnf, 0.46
/ubc/cs/project/arrow/projects/Sat_Data/bench/SW-verification/DSPAM_v3.6.5__v1.1/dspam_vc9405.cnf, 0.09
/ubc/cs/project/arrow/projects/Sat_Data/bench/SW-verification/XINETD_v2.3.14__v1.1/itox_vc1052.cnf, 3.44
/ubc/cs/project/arrow/projects/Sat_Data/bench/SW-verification/HSAT/hsat_vc3540.cnf, 0.25
/ubc/cs/project/arrow/projects/Sat_Data/bench/SW-verification/GZIP_v1.2.4__v1.1/gzip_vc1071.cnf, 0.06
/ubc/cs/project/arrow/projects/Sat_Data/bench/SW-verification/WINE_v0.9.27__v1.1/winegcc_vc988.cnf, 1.36
/ubc/cs/project/arrow/projects/Sat_Data/bench/SW-verification/WINE_v0.9.27__v1.1/winedump_vc5332.cnf, 5.32
/ubc/cs/project/arrow/projects/Sat_Data/bench/SW-verification/HSAT/hsat_vc3738.cnf, 1.16
/ubc/cs/project/arrow/projects/Sat_Data/bench/SW-verification/DSPAM_v3.6.5__v1.1/dspam_vc9439.cnf, 0.09
/ubc/cs/project/arrow/projects/Sat_Data/bench/SW-verification/HSAT/hsat_vc3475.cnf, 0.0
/ubc/cs/project/arrow/projects/Sat_Data/bench/SW-verification/GZIP_v1.2.4__v1.1/gzip_vc1028.cnf, 0.03
/ubc/cs/project/arrow/projects/Sat_Data/bench/SW-verification/WINE_v0.9.27__v1.1/winedump_vc5527.cnf, 2.16
/ubc/cs/project/arrow/projects/Sat_Data/bench/SW-verification/HSAT/hsat_vc3472.cnf, 0.0
/ubc/cs/project/arrow/projects/Sat_Data/bench/SW-verification/HSAT/hsat_vc3724.cnf, 1.52
/ubc/cs/project/arrow/projects/Sat_Data/bench/SW-verification/WINE_v0.9.27__v1.1/winegcc_vc964.cnf, 1.18
/ubc/cs/project/arrow/projects/Sat_Data/bench/SW-verification/XINETD_v2.3.14__v1.1/itox_vc1138.cnf, 4.59
/ubc/cs/project/arrow/projects/Sat_Data/bench/SW-verification/HSAT/hsat_vc2351.cnf, 0.0
/ubc/cs/project/arrow/projects/Sat_Data/bench/SW-verification/HSAT/hsat_vc3802.cnf, 0.47
/ubc/cs/project/arrow/projects/Sat_Data/bench/SW-verification/WINE_v0.9.27__v1.1/winegcc_vc1092.cnf, 0.88
/ubc/cs/project/arrow/projects/Sat_Data/bench/SW-verification/DSPAM_v3.6.5__v1.1/dspam_vc9404.cnf, 0.09
/ubc/cs/project/arrow/projects/Sat_Data/bench/SW-verification/WINE_v0.9.27__v1.1/winegcc_vc1049.cnf, 0.93
/ubc/cs/project/arrow/projects/Sat_Data/bench/SW-verification/DSPAM_v3.6.5__v1.1/dspam_vc9401.cnf, 0.17
/ubc/cs/project/arrow/projects/Sat_Data/bench/SW-verification/HSAT/hsat_vc3755.cnf, 2.37
/ubc/cs/project/arrow/projects/Sat_Data/bench/SW-verification/HSAT/hsat_vc3667.cnf, 0.58
/ubc/cs/project/arrow/projects/Sat_Data/bench/SW-verification/HSAT/hsat_vc3492.cnf, 0.0
/ubc/cs/project/arrow/projects/Sat_Data/bench/SW-verification/WINE_v0.9.27__v1.1/winegcc_vc984.cnf, 0.87
/ubc/cs/project/arrow/projects/Sat_Data/bench/SW-verification/GZIP_v1.2.4__v1.1/gzip_vc1038.cnf, 0.05
/ubc/cs/project/arrow/projects/Sat_Data/bench/SW-verification/XINETD_v2.3.14__v1.1/itox_vc1202.cnf, 0.46
/ubc/cs/project/arrow/projects/Sat_Data/bench/SW-verification/GZIP_v1.2.4__v1.1/gzip_vc1024.cnf, 0.03
/ubc/cs/project/arrow/projects/Sat_Data/bench/SW-verification/WINE_v0.9.27__v1.1/winegcc_vc1116.cnf, 0.86
/ubc/cs/project/arrow/projects/Sat_Data/bench/SW-verification/HSAT/hsat_vc459.cnf, 0.0
/ubc/cs/project/arrow/projects/Sat_Data/bench/SW-verification/DSPAM_v3.6.5__v1.1/dspam_vc9435.cnf, 0.09
/ubc/cs/project/arrow/projects/Sat_Data/bench/SW-verification/HSAT/hsat_vc3646.cnf, 0.36
/ubc/cs/project/arrow/projects/Sat_Data/bench/SW-verification/HSAT/hsat_vc3570.cnf, 0.22
/ubc/cs/project/arrow/projects/Sat_Data/bench/SW-verification/HSAT/hsat_vc3471.cnf, 0.01
/ubc/cs/project/arrow/projects/Sat_Data/bench/SW-verification/HSAT/hsat_vc3482.cnf, 0.0
/ubc/cs/project/arrow/projects/Sat_Data/bench/SW-verification/HSAT/hsat_vc3734.cnf, 1.24
/ubc/cs/project/arrow/projects/Sat_Data/bench/SW-verification/WINE_v0.9.27__v1.1/winegcc_vc1028.cnf, 0.9
/ubc/cs/project/arrow/projects/Sat_Data/bench/SW-verification/XINETD_v2.3.14__v1.1/itox_vc951.cnf, 2.92
/ubc/cs/project/arrow/projects/Sat_Data/bench/SW-verification/HSAT/hsat_vc3731.cnf, 1.35
/ubc/cs/project/arrow/projects/Sat_Data/bench/SW-verification/WINE_v0.9.27__v1.1/winegcc_vc1113.cnf, 1.73
/ubc/cs/project/arrow/projects/Sat_Data/bench/SW-verification/XINETD_v2.3.14__v1.1/itox_vc965.cnf, 0.36
/ubc/cs/project/arrow/projects/Sat_Data/bench/SW-verification/DSPAM_v3.6.5__v1.1/dspam_vc9414.cnf, 0.14
/ubc/cs/project/arrow/projects/Sat_Data/bench/SW-verification/GZIP_v1.2.4__v1.1/gzip_vc1014.cnf, 0.0
/ubc/cs/project/arrow/projects/Sat_Data/bench/SW-verification/DSPAM_v3.6.5__v1.1/dspam_vc9425.cnf, 0.19
/ubc/cs/project/arrow/projects/Sat_Data/bench/SW-verification/XINETD_v2.3.14__v1.1/itox_vc1321.cnf, 4.01
/ubc/cs/project/arrow/projects/Sat_Data/bench/SW-verification/GZIP_v1.2.4__v1.1/gzip_vc1102.cnf, 0.02
/ubc/cs/project/arrow/projects/Sat_Data/bench/SW-verification/HSAT/hsat_vc3506.cnf, 0.1
/ubc/cs/project/arrow/projects/Sat_Data/bench/SW-verification/DSPAM_v3.6.5__v1.1/dspam_vc9400.cnf, 0.17
/ubc/cs/project/arrow/projects/Sat_Data/bench/SW-verification/HSAT/hsat_vc3578.cnf, 0.27
/ubc/cs/project/arrow/projects/Sat_Data/bench/SW-verification/HSAT/hsat_vc3765.cnf, 0.42
/ubc/cs/project/arrow/projects/Sat_Data/bench/SW-verification/HSAT/hsat_vc3710.cnf, 1.09
/ubc/cs/project/arrow/projects/Sat_Data/bench/SW-verification/WINE_v0.9.27__v1.1/winegcc_vc994.cnf, 1.37
/ubc/cs/project/arrow/projects/Sat_Data/bench/SW-verification/XINETD_v2.3.14__v1.1/itox_vc1329.cnf, 4.68
/ubc/cs/project/arrow/projects/Sat_Data/bench/SW-verification/HSAT/hsat_vc3905.cnf, 0.8
/ubc/cs/project/arrow/projects/Sat_Data/bench/SW-verification/HSAT/hsat_vc3741.cnf, 1.85
/ubc/cs/project/arrow/projects/Sat_Data/bench/SW-verification/HSAT/hsat_vc3730.cnf, 1.32
/ubc/cs/project/arrow/projects/Sat_Data/bench/SW-verification/HSAT/hsat_vc3843.cnf, 1.55
/ubc/cs/project/arrow/projects/Sat_Data/bench/SW-verification/HSAT/hsat_vc3481.cnf, 0.0
/ubc/cs/project/arrow/projects/Sat_Data/bench/SW-verification/HSAT/hsat_vc3744.cnf, 1.62
/ubc/cs/project/arrow/projects/Sat_Data/bench/SW-verification/GZIP_v1.2.4__v1.1/gzip_vc1034.cnf, 0.05
/ubc/cs/project/arrow/projects/Sat_Data/bench/SW-verification/WINE_v0.9.27__v1.1/winegcc_vc1038.cnf, 0.25
/ubc/cs/project/arrow/projects/Sat_Data/bench/SW-verification/DSPAM_v3.6.5__v1.1/dspam_vc9445.cnf, 0.1
/ubc/cs/project/arrow/projects/Sat_Data/bench/SW-verification/HSAT/hsat_vc3642.cnf, 0.32
/ubc/cs/project/arrow/projects/Sat_Data/bench/SW-verification/WINE_v0.9.27__v1.1/winegcc_vc991.cnf, 0.87
/ubc/cs/project/arrow/projects/Sat_Data/bench/SW-verification/HSAT/hsat_vc3598.cnf, 0.17
/ubc/cs/project/arrow/projects/Sat_Data/bench/SW-verification/WINE_v0.9.27__v1.1/winedump_vc5533.cnf, 2.24
/ubc/cs/project/arrow/projects/Sat_Data/bench/SW-verification/WINE_v0.9.27__v1.1/winegcc_vc1112.cnf, 1.38
/ubc/cs/project/arrow/projects/Sat_Data/bench/SW-verification/WINE_v0.9.27__v1.1/winegcc_vc1024.cnf, 0.25
/ubc/cs/project/arrow/projects/Sat_Data/bench/SW-verification/DSPAM_v3.6.5__v1.1/dspam_vc9431.cnf, 0.1
/ubc/cs/project/arrow/projects/Sat_Data/bench/SW-verification/HSAT/hsat_vc3939.cnf, 1.97
/ubc/cs/project/arrow/projects/Sat_Data/bench/SW-verification/DSPAM_v3.6.5__v1.1/dspam_vc9595.cnf, 0.39
/ubc/cs/project/arrow/projects/Sat_Data/bench/SW-verification/GZIP_v1.2.4__v1.1/gzip_vc1013.cnf, 0.0
/ubc/cs/project/arrow/projects/Sat_Data/bench/SW-verification/XINETD_v2.3.14__v1.1/itox_vc1130.cnf, 3.64
/ubc/cs/project/arrow/projects/Sat_Data/bench/SW-verification/GZIP_v1.2.4__v1.1/gzip_vc879.cnf, 0.0
/ubc/cs/project/arrow/projects/Sat_Data/bench/SW-verification/HSAT/hsat_vc3673.cnf, 0.53
/ubc/cs/project/arrow/projects/Sat_Data/bench/SW-verification/DSPAM_v3.6.5__v1.1/dspam_vc9410.cnf, 0.17
/ubc/cs/project/arrow/projects/Sat_Data/bench/SW-verification/HSAT/hsat_vc3936.cnf, 1.93
/ubc/cs/project/arrow/projects/Sat_Data/bench/SW-verification/HSAT/hsat_vc3574.cnf, 0.3
/ubc/cs/project/arrow/projects/Sat_Data/bench/SW-verification/HSAT/hsat_vc3720.cnf, 1.12
/ubc/cs/project/arrow/projects/Sat_Data/bench/SW-verification/HSAT/hsat_vc3676.cnf, 0.37
/ubc/cs/project/arrow/projects/Sat_Data/bench/SW-verification/HSAT/hsat_vc3502.cnf, 0.0
/ubc/cs/project/arrow/projects/Sat_Data/bench/SW-verification/XINETD_v2.3.14__v1.1/itox_vc893.cnf, 2.9
/ubc/cs/project/arrow/projects/Sat_Data/bench/SW-verification/HSAT/hsat_vc3740.cnf, 1.14
/ubc/cs/project/arrow/projects/Sat_Data/bench/SW-verification/HSAT/hsat_vc3652.cnf, 0.21
/ubc/cs/project/arrow/projects/Sat_Data/bench/SW-verification/XINETD_v2.3.14__v1.1/itox_vc1076.cnf, 4.06
/ubc/cs/project/arrow/projects/Sat_Data/bench/SW-verification/GZIP_v1.2.4__v1.1/gzip_vc1044.cnf, 0.02
/ubc/cs/project/arrow/projects/Sat_Data/bench/SW-verification/HSAT/hsat_vc169.cnf, 0.0
/ubc/cs/project/arrow/projects/Sat_Data/bench/SW-verification/DSPAM_v3.6.5__v1.1/dspam_vc9441.cnf, 0.09
/ubc/cs/project/arrow/projects/Sat_Data/bench/SW-verification/WINE_v0.9.27__v1.1/winegcc_vc1089.cnf, 0.86
/ubc/cs/project/arrow/projects/Sat_Data/bench/SW-verification/GZIP_v1.2.4__v1.1/gzip_vc1030.cnf, 0.01
/ubc/cs/project/arrow/projects/Sat_Data/bench/SW-verification/WINE_v0.9.27__v1.1/winegcc_vc980.cnf, 1.35
/ubc/cs/project/arrow/projects/Sat_Data/bench/SW-verification/GZIP_v1.2.4__v1.1/gzip_vc889.cnf, 0.0
/ubc/cs/project/arrow/projects/Sat_Data/bench/SW-verification/GZIP_v1.2.4__v1.1/gzip_vc1075.cnf, 3.96
/ubc/cs/project/arrow/projects/Sat_Data/bench/SW-verification/HSAT/hsat_vc3771.cnf, 0.43
/ubc/cs/project/arrow/projects/Sat_Data/bench/SW-verification/GZIP_v1.2.4__v1.1/gzip_vc1020.cnf, 0.03
/ubc/cs/project/arrow/projects/Sat_Data/bench/SW-verification/DSPAM_v3.6.5__v1.1/dspam_vc9420.cnf, 0.17
/ubc/cs/project/arrow/projects/Sat_Data/bench/SW-verification/WINE_v0.9.27__v1.1/winedump_vc5522.cnf, 1.92
/ubc/cs/project/arrow/projects/Sat_Data/bench/SW-verification/HSAT/hsat_vc3672.cnf, 0.49
/ubc/cs/project/arrow/projects/Sat_Data/bench/SW-verification/HSAT/hsat_vc3584.cnf, 0.27
/ubc/cs/project/arrow/projects/Sat_Data/bench/SW-verification/HSAT/hsat_vc3847.cnf, 1.68
/ubc/cs/project/arrow/projects/Sat_Data/bench/SW-verification/HSAT/hsat_vc138.cnf, 0.0
/ubc/cs/project/arrow/projects/Sat_Data/bench/SW-verification/XINETD_v2.3.14__v1.1/itox_vc979.cnf, 0.68
/ubc/cs/project/arrow/projects/Sat_Data/bench/SW-verification/HSAT/hsat_vc3479.cnf, 0.0
/ubc/cs/project/arrow/projects/Sat_Data/bench/SW-verification/GZIP_v1.2.4__v1.1/gzip_vc886.cnf, 0.0
/ubc/cs/project/arrow/projects/Sat_Data/bench/SW-verification/DSPAM_v3.6.5__v1.1/dspam_vc9626.cnf, 0.62
/ubc/cs/project/arrow/projects/Sat_Data/bench/SW-verification/HSAT/hsat_vc3925.cnf, 1.89
/ubc/cs/project/arrow/projects/Sat_Data/bench/SW-verification/HSAT/hsat_vc3750.cnf, 1.8
/ubc/cs/project/arrow/projects/Sat_Data/bench/SW-verification/XINETD_v2.3.14__v1.1/itox_vc1174.cnf, 4.08
/ubc/cs/project/arrow/projects/Sat_Data/bench/SW-verification/HSAT/hsat_vc3662.cnf, 0.36
/ubc/cs/project/arrow/projects/Sat_Data/bench/SW-verification/HSAT/hsat_vc3779.cnf, 0.46
/ubc/cs/project/arrow/projects/Sat_Data/bench/SW-verification/XINETD_v2.3.14__v1.1/itox_vc1160.cnf, 4.06
/ubc/cs/project/arrow/projects/Sat_Data/bench/SW-verification/WINE_v0.9.27__v1.1/winegcc_vc1085.cnf, 0.94
/ubc/cs/project/arrow/projects/Sat_Data/bench/SW-verification/HSAT/hsat_vc3878.cnf, 0.69
/ubc/cs/project/arrow/projects/Sat_Data/bench/SW-verification/DSPAM_v3.6.5__v1.1/dspam_vc9451.cnf, 0.09
/ubc/cs/project/arrow/projects/Sat_Data/bench/SW-verification/HSAT/hsat_vc3966.cnf, 0.44
/ubc/cs/project/arrow/projects/Sat_Data/bench/SW-verification/HSAT/hsat_vc3911.cnf, 1.81
/ubc/cs/project/arrow/projects/Sat_Data/bench/SW-verification/HSAT/hsat_vc3682.cnf, 0.8
/ubc/cs/project/arrow/projects/Sat_Data/bench/SW-verification/DSPAM_v3.6.5__v1.1/dspam_vc9459.cnf, 0.09
/ubc/cs/project/arrow/projects/Sat_Data/bench/SW-verification/HSAT/hsat_vc3956.cnf, 1.88
/ubc/cs/project/arrow/projects/Sat_Data/bench/SW-verification/HSAT/hsat_vc3594.cnf, 0.29
/ubc/cs/project/arrow/projects/Sat_Data/bench/SW-verification/HSAT/hsat_vc3857.cnf, 0.43
/ubc/cs/project/arrow/projects/Sat_Data/bench/SW-verification/GZIP_v1.2.4__v1.1/gzip_vc1048.cnf, 0.0
/ubc/cs/project/arrow/projects/Sat_Data/bench/SW-verification/HSAT/hsat_vc3945.cnf, 1.92
/ubc/cs/project/arrow/projects/Sat_Data/bench/SW-verification/XINETD_v2.3.14__v1.1/itox_vc1092.cnf, 2.97
/ubc/cs/project/arrow/projects/Sat_Data/bench/SW-verification/HSAT/hsat_vc3942.cnf, 1.9
/ubc/cs/project/arrow/projects/Sat_Data/bench/SW-verification/HSAT/hsat_vc3639.cnf, 0.26
/ubc/cs/project/arrow/projects/Sat_Data/bench/SW-verification/GZIP_v1.2.4__v1.1/gzip_vc1126.cnf, 0.01
/ubc/cs/project/arrow/projects/Sat_Data/bench/SW-verification/WINE_v0.9.27__v1.1/winegcc_vc967.cnf, 0.92
/ubc/cs/project/arrow/projects/Sat_Data/bench/SW-verification/DSPAM_v3.6.5__v1.1/dspam_dump_vc1080.cnf, 1.16
/ubc/cs/project/arrow/projects/Sat_Data/bench/SW-verification/DSPAM_v3.6.5__v1.1/dspam_vc9625.cnf, 0.58
/ubc/cs/project/arrow/projects/Sat_Data/bench/SW-verification/XINETD_v2.3.14__v1.1/itox_vc1345.cnf, 0.46
/ubc/cs/project/arrow/projects/Sat_Data/bench/SW-verification/GZIP_v1.2.4__v1.1/gzip_vc1079.cnf, 3.96
/ubc/cs/project/arrow/projects/Sat_Data/bench/SW-verification/DSPAM_v3.6.5__v1.1/dspam_vc9479.cnf, 0.09
/ubc/cs/project/arrow/projects/Sat_Data/bench/SW-verification/DSPAM_v3.6.5__v1.1/dspam_vc9424.cnf, 0.09
/ubc/cs/project/arrow/projects/Sat_Data/bench/SW-verification/HSAT/hsat_vc3877.cnf, 0.68
/ubc/cs/project/arrow/projects/Sat_Data/bench/SW-verification/DSPAM_v3.6.5__v1.1/dspam_vc9622.cnf, 0.09
/ubc/cs/project/arrow/projects/Sat_Data/bench/SW-verification/HSAT/hsat_vc3888.cnf, 0.45
/ubc/cs/project/arrow/projects/Sat_Data/bench/SW-verification/WINE_v0.9.27__v1.1/winegcc_vc1095.cnf, 1.66
/ubc/cs/project/arrow/projects/Sat_Data/bench/SW-verification/HSAT/hsat_vc175.cnf, 0.0
/ubc/cs/project/arrow/projects/Sat_Data/bench/SW-verification/HSAT/hsat_vc3789.cnf, 0.44
/ubc/cs/project/arrow/projects/Sat_Data/bench/SW-verification/WINE_v0.9.27__v1.1/winedump_vc5319.cnf, 2.34
/ubc/cs/project/arrow/projects/Sat_Data/bench/SW-verification/HSAT/hsat_vc3703.cnf, 0.83
/ubc/cs/project/arrow/projects/Sat_Data/bench/SW-verification/HSAT/hsat_vc3874.cnf, 0.69
/ubc/cs/project/arrow/projects/Sat_Data/bench/SW-verification/GZIP_v1.2.4__v1.1/gzip_vc1058.cnf, 0.05
/ubc/cs/project/arrow/projects/Sat_Data/bench/SW-verification/HSAT/hsat_vc154.cnf, 0.0
/ubc/cs/project/arrow/projects/Sat_Data/bench/SW-verification/HSAT/hsat_vc3955.cnf, 1.81
/ubc/cs/project/arrow/projects/Sat_Data/bench/SW-verification/HSAT/hsat_vc165.cnf, 0.0
/ubc/cs/project/arrow/projects/Sat_Data/bench/SW-verification/HSAT/hsat_vc3867.cnf, 0.7
/ubc/cs/project/arrow/projects/Sat_Data/bench/SW-verification/HSAT/hsat_vc151.cnf, 0.0
/ubc/cs/project/arrow/projects/Sat_Data/bench/SW-verification/DSPAM_v3.6.5__v1.1/dspam_vc9455.cnf, 0.09
/ubc/cs/project/arrow/projects/Sat_Data/bench/SW-verification/HSAT/hsat_vc3853.cnf, 1.63
/ubc/cs/project/arrow/projects/Sat_Data/bench/SW-verification/WINE_v0.9.27__v1.1/winedump_vc5321.cnf, 2.04
/ubc/cs/project/arrow/projects/Sat_Data/bench/SW-verification/HSAT/hsat_vc3635.cnf, 0.23
/ubc/cs/project/arrow/projects/Sat_Data/bench/SW-verification/DSPAM_v3.6.5__v1.1/dspam_vc9489.cnf, 0.09
/ubc/cs/project/arrow/projects/Sat_Data/bench/SW-verification/GZIP_v1.2.4__v1.1/gzip_vc1017.cnf, 0.01
/ubc/cs/project/arrow/projects/Sat_Data/bench/SW-verification/DSPAM_v3.6.5__v1.1/dspam_vc9621.cnf, 0.1
/ubc/cs/project/arrow/projects/Sat_Data/bench/SW-verification/GZIP_v1.2.4__v1.1/gzip_vc1122.cnf, 0.01
/ubc/cs/project/arrow/projects/Sat_Data/bench/SW-verification/HSAT/hsat_vc3898.cnf, 0.79
/ubc/cs/project/arrow/projects/Sat_Data/bench/SW-verification/XINETD_v2.3.14__v1.1/itox_vc1297.cnf, 4.25
/ubc/cs/project/arrow/projects/Sat_Data/bench/SW-verification/GZIP_v1.2.4__v1.1/gzip_vc1078.cnf, 3.92
/ubc/cs/project/arrow/projects/Sat_Data/bench/SW-verification/HSAT/hsat_vc3799.cnf, 0.42
/ubc/cs/project/arrow/projects/Sat_Data/bench/SW-verification/HSAT/hsat_vc3931.cnf, 1.93
/ubc/cs/project/arrow/projects/Sat_Data/bench/SW-verification/WINE_v0.9.27__v1.1/winegcc_vc963.cnf, 1.13
/ubc/cs/project/arrow/projects/Sat_Data/bench/SW-verification/WINE_v0.9.27__v1.1/winedump_vc5329.cnf, 0.28
/ubc/cs/project/arrow/projects/Sat_Data/bench/SW-verification/HSAT/hsat_vc3713.cnf, 1.03
/ubc/cs/project/arrow/projects/Sat_Data/bench/SW-verification/HSAT/hsat_vc438.cnf, 0.0
/ubc/cs/project/arrow/projects/Sat_Data/bench/SW-verification/WINE_v0.9.27__v1.1/winegcc_vc1091.cnf, 0.92
/ubc/cs/project/arrow/projects/Sat_Data/bench/SW-verification/WINE_v0.9.27__v1.1/winedump_vc5318.cnf, 2.27
/ubc/cs/project/arrow/projects/Sat_Data/bench/SW-verification/HSAT/hsat_vc164.cnf, 0.0
/ubc/cs/project/arrow/projects/Sat_Data/bench/SW-verification/XINETD_v2.3.14__v1.1/itox_vc1375.cnf, 4.16
/ubc/cs/project/arrow/projects/Sat_Data/bench/SW-verification/DSPAM_v3.6.5__v1.1/dspam_vc9629.cnf, 0.61
/ubc/cs/project/arrow/projects/Sat_Data/bench/SW-verification/HSAT/hsat_vc3908.cnf, 1.82
/ubc/cs/project/arrow/projects/Sat_Data/bench/SW-verification/GZIP_v1.2.4__v1.1/gzip_vc1054.cnf, 0.02
/ubc/cs/project/arrow/projects/Sat_Data/bench/SW-verification/HSAT/hsat_vc3809.cnf, 0.41
/ubc/cs/project/arrow/projects/Sat_Data/bench/SW-verification/WINE_v0.9.27__v1.1/winedump_vc5308.cnf, 2.25
/ubc/cs/project/arrow/projects/Sat_Data/bench/SW-verification/DSPAM_v3.6.5__v1.1/dspam_vc9465.cnf, 0.09
/ubc/cs/project/arrow/projects/Sat_Data/bench/SW-verification/HSAT/hsat_vc458.cnf, 0.0
/ubc/cs/project/arrow/projects/Sat_Data/bench/SW-verification/HSAT/hsat_vc3645.cnf, 0.3
/ubc/cs/project/arrow/projects/Sat_Data/bench/SW-verification/HSAT/hsat_vc3894.cnf, 0.5
/ubc/cs/project/arrow/projects/Sat_Data/bench/SW-verification/WINE_v0.9.27__v1.1/winegcc_vc973.cnf, 1.21
/ubc/cs/project/arrow/projects/Sat_Data/bench/SW-verification/HSAT/hsat_vc3883.cnf, 0.46
/ubc/cs/project/arrow/projects/Sat_Data/bench/SW-verification/GZIP_v1.2.4__v1.1/gzip_vc1132.cnf, 0.03
/ubc/cs/project/arrow/projects/Sat_Data/bench/SW-verification/DSPAM_v3.6.5__v1.1/dspam_vc9485.cnf, 0.09
/ubc/cs/project/arrow/projects/Sat_Data/bench/SW-verification/HSAT/hsat_vc3723.cnf, 1.37
/ubc/cs/project/arrow/projects/Sat_Data/bench/SW-verification/DSPAM_v3.6.5__v1.1/dspam_vc9397.cnf, 0.17
/ubc/cs/project/arrow/projects/Sat_Data/bench/SW-verification/WINE_v0.9.27__v1.1/winedump_vc5328.cnf, 0.61
/ubc/cs/project/arrow/projects/Sat_Data/bench/SW-verification/GZIP_v1.2.4__v1.1/gzip_vc1085.cnf, 0.0
/ubc/cs/project/arrow/projects/Sat_Data/bench/SW-verification/HSAT/hsat_vc3577.cnf, 0.29
/ubc/cs/project/arrow/projects/Sat_Data/bench/SW-verification/HSAT/hsat_vc3522.cnf, 0.23
/ubc/cs/project/arrow/projects/Sat_Data/bench/SW-verification/HSAT/hsat_vc3489.cnf, 0.0
/ubc/cs/project/arrow/projects/Sat_Data/bench/SW-verification/GZIP_v1.2.4__v1.1/gzip_vc1064.cnf, 0.06
/ubc/cs/project/arrow/projects/Sat_Data/bench/SW-verification/GZIP_v1.2.4__v1.1/gzip_vc1109.cnf, 0.0
/ubc/cs/project/arrow/projects/Sat_Data/bench/SW-verification/HSAT/hsat_vc171.cnf, 0.0
/ubc/cs/project/arrow/projects/Sat_Data/bench/SW-verification/DSPAM_v3.6.5__v1.1/dspam_vc9475.cnf, 0.09
/ubc/cs/project/arrow/projects/Sat_Data/bench/SW-verification/HSAT/hsat_vc3918.cnf, 1.87
/ubc/cs/project/arrow/projects/Sat_Data/bench/SW-verification/HSAT/hsat_vc2354.cnf, 0.0
/ubc/cs/project/arrow/projects/Sat_Data/bench/SW-verification/HSAT/hsat_vc3567.cnf, 0.13
/ubc/cs/project/arrow/projects/Sat_Data/bench/SW-verification/HSAT/hsat_vc3556.cnf, 0.13
/ubc/cs/project/arrow/projects/Sat_Data/bench/SW-verification/WINE_v0.9.27__v1.1/winedump_vc5304.cnf, 3.24
/ubc/cs/project/arrow/projects/Sat_Data/bench/SW-verification/HSAT/hsat_vc3468.cnf, 0.02
/ubc/cs/project/arrow/projects/Sat_Data/bench/SW-verification/HSAT/hsat_vc3816.cnf, 1.16
/ubc/cs/project/arrow/projects/Sat_Data/bench/SW-verification/HSAT/hsat_vc3754.cnf, 1.15
/ubc/cs/project/arrow/projects/Sat_Data/bench/SW-verification/DSPAM_v3.6.5__v1.1/dspam_vc9461.cnf, 0.09
/ubc/cs/project/arrow/projects/Sat_Data/bench/SW-verification/HSAT/hsat_vc3641.cnf, 0.25
/ubc/cs/project/arrow/projects/Sat_Data/bench/SW-verification/GZIP_v1.2.4__v1.1/gzip_vc1098.cnf, 0.02
/ubc/cs/project/arrow/projects/Sat_Data/bench/SW-verification/GZIP_v1.2.4__v1.1/gzip_vc1084.cnf, 0.0
/ubc/cs/project/arrow/projects/Sat_Data/bench/SW-verification/GZIP_v1.2.4__v1.1/gzip_vc1095.cnf, 0.02
/ubc/cs/project/arrow/projects/Sat_Data/bench/SW-verification/HSAT/hsat_vc168.cnf, 0.0
/ubc/cs/project/arrow/projects/Sat_Data/bench/SW-verification/HSAT/hsat_vc3893.cnf, 0.47
/ubc/cs/project/arrow/projects/Sat_Data/bench/SW-verification/HSAT/hsat_vc3692.cnf, 0.8
/ubc/cs/project/arrow/projects/Sat_Data/bench/SW-verification/DSPAM_v3.6.5__v1.1/dspam_dump_vc962.cnf, 1.02
/ubc/cs/project/arrow/projects/Sat_Data/bench/SW-verification/XINETD_v2.3.14__v1.1/itox_vc1044.cnf, 3.69
/ubc/cs/project/arrow/projects/Sat_Data/bench/SW-verification/DSPAM_v3.6.5__v1.1/dspam_vc9594.cnf, 0.46
/ubc/cs/project/arrow/projects/Sat_Data/bench/SW-verification/HSAT/hsat_vc3791.cnf, 0.42
/ubc/cs/project/arrow/projects/Sat_Data/bench/SW-verification/HSAT/hsat_vc3488.cnf, 0.01
/ubc/cs/project/arrow/projects/Sat_Data/bench/SW-verification/GZIP_v1.2.4__v1.1/gzip_vc1081.cnf, 0.0
/ubc/cs/project/arrow/projects/Sat_Data/bench/SW-verification/HSAT/hsat_vc3499.cnf, 0.01
/ubc/cs/project/arrow/projects/Sat_Data/bench/SW-verification/WINE_v0.9.27__v1.1/winedump_vc5324.cnf, 0.55
/ubc/cs/project/arrow/projects/Sat_Data/bench/SW-verification/WINE_v0.9.27__v1.1/winedump_vc5335.cnf, 3.36
/ubc/cs/project/arrow/projects/Sat_Data/bench/SW-verification/HSAT/hsat_vc3485.cnf, 0.01
/ubc/cs/project/arrow/projects/Sat_Data/bench/SW-verification/GZIP_v1.2.4__v1.1/gzip_vc1074.cnf, 1.94
/ubc/cs/project/arrow/projects/Sat_Data/bench/SW-verification/HSAT/hsat_vc3928.cnf, 1.93
/ubc/cs/project/arrow/projects/Sat_Data/bench/SW-verification/HSAT/hsat_vc170.cnf, 0.0
/ubc/cs/project/arrow/projects/Sat_Data/bench/SW-verification/HSAT/hsat_vc3829.cnf, 1.73
/ubc/cs/project/arrow/projects/Sat_Data/bench/SW-verification/GZIP_v1.2.4__v1.1/gzip_vc1119.cnf, 0.02
/ubc/cs/project/arrow/projects/Sat_Data/bench/SW-verification/GZIP_v1.2.4__v1.1/gzip_vc1060.cnf, 0.06
/ubc/cs/project/arrow/projects/Sat_Data/bench/SW-verification/DSPAM_v3.6.5__v1.1/dspam_vc9428.cnf, 0.17
/ubc/cs/project/arrow/projects/Sat_Data/bench/SW-verification/HSAT/hsat_vc3815.cnf, 1.15
/ubc/cs/project/arrow/projects/Sat_Data/bench/SW-verification/WINE_v0.9.27__v1.1/winedump_vc5314.cnf, 1.28
/ubc/cs/project/arrow/projects/Sat_Data/bench/SW-verification/WINE_v0.9.27__v1.1/winegcc_vc1109.cnf, 0.87
/ubc/cs/project/arrow/projects/Sat_Data/bench/SW-verification/HSAT/hsat_vc3478.cnf, 0.0
/ubc/cs/project/arrow/projects/Sat_Data/bench/SW-verification/HSAT/hsat_vc3826.cnf, 1.56
/ubc/cs/project/arrow/projects/Sat_Data/bench/SW-verification/DSPAM_v3.6.5__v1.1/dspam_vc9471.cnf, 0.62
/ubc/cs/project/arrow/projects/Sat_Data/bench/SW-verification/XINETD_v2.3.14__v1.1/itox_vc1116.cnf, 4.14
/ubc/cs/project/arrow/projects/Sat_Data/bench/SW-verification/DSPAM_v3.6.5__v1.1/dspam_vc9407.cnf, 0.2
/ubc/cs/project/arrow/projects/Sat_Data/bench/SW-verification/DSPAM_v3.6.5__v1.1/dspam_dump_vc972.cnf, 2.67
/ubc/cs/project/arrow/projects/Sat_Data/bench/SW-verification/HSAT/hsat_vc3498.cnf, 0.01
/ubc/cs/project/arrow/projects/Sat_Data/bench/SW-verification/HSAT/hsat_vc3542.cnf, 0.1
/ubc/cs/project/arrow/projects/Sat_Data/bench/SW-verification/HSAT/hsat_vc3805.cnf, 0.43
/ubc/cs/project/arrow/projects/Sat_Data/bench/SW-verification/HSAT/hsat_vc3583.cnf, 0.29
/ubc/cs/project/arrow/projects/Sat_Data/bench/SW-verification/GZIP_v1.2.4__v1.1/gzip_vc833.cnf, 0.0
/ubc/cs/project/arrow/projects/Sat_Data/bench/SW-verification/HSAT/hsat_vc3484.cnf, 0.0
/ubc/cs/project/arrow/projects/Sat_Data/bench/SW-verification/HSAT/hsat_vc3846.cnf, 1.62
/ubc/cs/project/arrow/projects/Sat_Data/bench/SW-verification/XINETD_v2.3.14__v1.1/itox_vc937.cnf, 3.9
/ubc/cs/project/arrow/projects/Sat_Data/bench/SW-verification/HSAT/hsat_vc3495.cnf, 0.0
/ubc/cs/project/arrow/projects/Sat_Data/bench/SW-verification/HSAT/hsat_vc3758.cnf, 1.22
/ubc/cs/project/arrow/projects/Sat_Data/bench/SW-verification/DSPAM_v3.6.5__v1.1/dspam_dump_vc1104.cnf, 2.82
/ubc/cs/project/arrow/projects/Sat_Data/bench/SW-verification/WINE_v0.9.27__v1.1/winegcc_vc987.cnf, 1.15
/ubc/cs/project/arrow/projects/Sat_Data/bench/SW-verification/GZIP_v1.2.4__v1.1/gzip_vc1129.cnf, 0.02
/ubc/cs/project/arrow/projects/Sat_Data/bench/SW-verification/GZIP_v1.2.4__v1.1/gzip_vc1070.cnf, 0.06
/ubc/cs/project/arrow/projects/Sat_Data/bench/SW-verification/WINE_v0.9.27__v1.1/winedump_vc5331.cnf, 0.27
/ubc/cs/project/arrow/projects/Sat_Data/bench/SW-verification/XINETD_v2.3.14__v1.1/itox_vc923.cnf, 3.67
/ubc/cs/project/arrow/projects/Sat_Data/bench/SW-verification/DSPAM_v3.6.5__v1.1/dspam_vc9481.cnf, 0.1
/ubc/cs/project/arrow/projects/Sat_Data/bench/SW-verification/HSAT/hsat_vc137.cnf, 0.0
/ubc/cs/project/arrow/projects/Sat_Data/bench/SW-verification/WINE_v0.9.27__v1.1/winedump_vc5320.cnf, 3.01
/ubc/cs/project/arrow/projects/Sat_Data/bench/SW-verification/HSAT/hsat_vc3836.cnf, 1.56
/ubc/cs/project/arrow/projects/Sat_Data/bench/SW-verification/HSAT/hsat_vc3897.cnf, 0.71
/ubc/cs/project/arrow/projects/Sat_Data/bench/SW-verification/DSPAM_v3.6.5__v1.1/dspam_vc9438.cnf, 0.64
/ubc/cs/project/arrow/projects/Sat_Data/bench/SW-verification/GZIP_v1.2.4__v1.1/gzip_vc1016.cnf, 0.0
/ubc/cs/project/arrow/projects/Sat_Data/bench/SW-verification/HSAT/hsat_vc3825.cnf, 1.54
/ubc/cs/project/arrow/projects/Sat_Data/bench/SW-verification/HSAT/hsat_vc3474.cnf, 0.0
/ubc/cs/project/arrow/projects/Sat_Data/bench/SW-verification/HSAT/hsat_vc3737.cnf, 1.15
/ubc/cs/project/arrow/projects/Sat_Data/bench/SW-verification/GZIP_v1.2.4__v1.1/gzip_vc1027.cnf, 0.03
/ubc/cs/project/arrow/projects/Sat_Data/bench/SW-verification/DSPAM_v3.6.5__v1.1/dspam_vc9427.cnf, 0.09
/ubc/cs/project/arrow/projects/Sat_Data/bench/SW-verification/WINE_v0.9.27__v1.1/winedump_vc5310.cnf, 3.76
/ubc/cs/project/arrow/projects/Sat_Data/bench/SW-verification/HSAT/hsat_vc3822.cnf, 1.18
/ubc/cs/project/arrow/projects/Sat_Data/bench/SW-verification/HSAT/hsat_vc3519.cnf, 0.22
/ubc/cs/project/arrow/projects/Sat_Data/bench/SW-verification/GZIP_v1.2.4__v1.1/gzip_vc1090.cnf, 0.01
/ubc/cs/project/arrow/projects/Sat_Data/bench/SW-verification/XINETD_v2.3.14__v1.1/itox_vc1313.cnf, 3.4
/ubc/cs/project/arrow/projects/Sat_Data/bench/SW-verification/GZIP_v1.2.4__v1.1/gzip_vc1105.cnf, 0.02
/ubc/cs/project/arrow/projects/Sat_Data/bench/SW-verification/WINE_v0.9.27__v1.1/winedump_vc5519.cnf, 0.37
/ubc/cs/project/arrow/projects/Sat_Data/bench/SW-verification/DSPAM_v3.6.5__v1.1/dspam_vc9417.cnf, 0.14
/ubc/cs/project/arrow/projects/Sat_Data/bench/SW-verification/GZIP_v1.2.4__v1.1/gzip_vc1047.cnf, 0.04
/ubc/cs/project/arrow/projects/Sat_Data/bench/SW-verification/XINETD_v2.3.14__v1.1/xinetd_vc56703.cnf, 0.32
/ubc/cs/project/arrow/projects/Sat_Data/bench/SW-verification/HSAT/hsat_vc3900.cnf, 0.79
/ubc/cs/project/arrow/projects/Sat_Data/bench/SW-verification/HSAT/hsat_vc3856.cnf, 1.58
/ubc/cs/project/arrow/projects/Sat_Data/bench/SW-verification/HSAT/hsat_vc3494.cnf, 0.0
/ubc/cs/project/arrow/projects/Sat_Data/bench/SW-verification/HSAT/hsat_vc3757.cnf, 1.64
/ubc/cs/project/arrow/projects/Sat_Data/bench/SW-verification/HSAT/hsat_vc3509.cnf, 0.23
/ubc/cs/project/arrow/projects/Sat_Data/bench/SW-verification/WINE_v0.9.27__v1.1/winedump_vc5330.cnf, 0.29
/ubc/cs/project/arrow/projects/Sat_Data/bench/SW-verification/HSAT/hsat_vc3491.cnf, 0.0
/ubc/cs/project/arrow/projects/Sat_Data/bench/SW-verification/DSPAM_v3.6.5__v1.1/dspam_vc9437.cnf, 0.62
/ubc/cs/project/arrow/projects/Sat_Data/bench/SW-verification/DSPAM_v3.6.5__v1.1/dspam_vc9448.cnf, 0.16
/ubc/cs/project/arrow/projects/Sat_Data/bench/SW-verification/HSAT/hsat_vc3747.cnf, 1.38
/ubc/cs/project/arrow/projects/Sat_Data/bench/SW-verification/HSAT/hsat_vc3529.cnf, 0.2
/ubc/cs/project/arrow/projects/Sat_Data/bench/SW-verification/HSAT/hsat_vc3920.cnf, 1.87
/ubc/cs/project/arrow/projects/Sat_Data/bench/SW-verification/XINETD_v2.3.14__v1.1/itox_vc879.cnf, 2.72
/ubc/cs/project/arrow/projects/Sat_Data/bench/SW-verification/GZIP_v1.2.4__v1.1/gzip_vc1023.cnf, 0.04
/ubc/cs/project/arrow/projects/Sat_Data/bench/SW-verification/DSPAM_v3.6.5__v1.1/dspam_dump_vc1131.cnf, 0.46
/ubc/cs/project/arrow/projects/Sat_Data/bench/SW-verification/HSAT/hsat_vc3679.cnf, 0.78
/ubc/cs/project/arrow/projects/Sat_Data/bench/SW-verification/GZIP_v1.2.4__v1.1/gzip_vc1057.cnf, 0.04
/ubc/cs/project/arrow/projects/Sat_Data/bench/SW-verification/DSPAM_v3.6.5__v1.1/dspam_vc9468.cnf, 0.17
/ubc/cs/project/arrow/projects/Sat_Data/bench/SW-verification/HSAT/hsat_vc3811.cnf, 0.41
/ubc/cs/project/arrow/projects/Sat_Data/bench/SW-verification/HSAT/hsat_vc3767.cnf, 0.41
/ubc/cs/project/arrow/projects/Sat_Data/bench/SW-verification/DSPAM_v3.6.5__v1.1/dspam_vc9413.cnf, 0.18
/ubc/cs/project/arrow/projects/Sat_Data/bench/SW-verification/XINETD_v2.3.14__v1.1/itox_vc1188.cnf, 4.28
/ubc/cs/project/arrow/projects/Sat_Data/bench/SW-verification/DSPAM_v3.6.5__v1.1/dspam_dump_vc949.cnf, 1.08
/ubc/cs/project/arrow/projects/Sat_Data/bench/SW-verification/HSAT/hsat_vc3505.cnf, 0.01
/ubc/cs/project/arrow/projects/Sat_Data/bench/SW-verification/HSAT/hsat_vc3852.cnf, 1.42
/ubc/cs/project/arrow/projects/Sat_Data/bench/SW-verification/HSAT/hsat_vc3665.cnf, 0.43
/ubc/cs/project/arrow/projects/Sat_Data/bench/SW-verification/HSAT/hsat_vc3490.cnf, 0.0
/ubc/cs/project/arrow/projects/Sat_Data/bench/SW-verification/DSPAM_v3.6.5__v1.1/dspam_vc9447.cnf, 0.15
/ubc/cs/project/arrow/projects/Sat_Data/bench/SW-verification/HSAT/hsat_vc3930.cnf, 1.92
/ubc/cs/project/arrow/projects/Sat_Data/bench/SW-verification/GZIP_v1.2.4__v1.1/gzip_vc1033.cnf, 0.01
/ubc/cs/project/arrow/projects/Sat_Data/bench/SW-verification/GZIP_v1.2.4__v1.1/gzip_vc1022.cnf, 0.03
/ubc/cs/project/arrow/projects/Sat_Data/bench/SW-verification/GZIP_v1.2.4__v1.1/gzip_vc1121.cnf, 0.01
/ubc/cs/project/arrow/projects/Sat_Data/bench/SW-verification/WINE_v0.9.27__v1.1/winegcc_vc1125.cnf, 0.69
/ubc/cs/project/arrow/projects/Sat_Data/bench/SW-verification/HSAT/hsat_vc3480.cnf, 0.0
/ubc/cs/project/arrow/projects/Sat_Data/bench/SW-verification/HSAT/hsat_vc3798.cnf, 0.44
/ubc/cs/project/arrow/projects/Sat_Data/bench/SW-verification/DSPAM_v3.6.5__v1.1/dspam_vc9433.cnf, 0.15
/ubc/cs/project/arrow/projects/Sat_Data/bench/SW-verification/HSAT/hsat_vc3699.cnf, 0.79
/ubc/cs/project/arrow/projects/Sat_Data/bench/SW-verification/DSPAM_v3.6.5__v1.1/dspam_vc9444.cnf, 0.62
/ubc/cs/project/arrow/projects/Sat_Data/bench/SW-verification/WINE_v0.9.27__v1.1/winedump_vc5532.cnf, 2.12
